tmdb_id,imdb_id,title,original_title,overview,release_date,genres,keywords,cast,director,vote_average,vote_count,popularity,runtime,poster_path,features,user1_score,user2_score,user3_score,average_user_score,minimum_user_score,rating_norm,popularity_norm,vote_count_norm,group_score
674,tt0330373,Harry Potter and the Goblet of Fire,Harry Potter and the Goblet of Fire,"When his name emerges from the Goblet of Fire, Harry Potter becomes a competitor in a grueling battle for glory among three wizarding schools—the Triwizard Tournament. But since Harry never submitted his name for the Tournament, who did? Now Harry must confront a deadly dragon, fierce water demons, and an enchanted maze only to find himself in the cruel grasp of He Who Must Not Be Named.",2005-11-16,"['Adventure', 'Fantasy']","['witch', 'dying and death', 'based on novel or book', 'magic', 'boarding school', 'world cup', 'maze', 'mermaid', 'school of witchcraft', 'black magic', 'chosen one', 'sequel', 'vision', 'school', 'tournament', 'dragon', 'ghost', 'wizard', 'teenage hero', 'christmas', 'based on young adult novel', 'teen adventure', 'dramatic', 'teen fantasy']","['Daniel Radcliffe', 'Rupert Grint', 'Emma Watson', 'Brendan Gleeson', 'Michael Gambon']",Mike Newell,7.801,22104,21.0031,157,/fECBtHlr0RB3foNHDiCBXeg9Bv9.jpg,"['Adventure', 'Fantasy'] ['witch', 'dying and death', 'based on novel or book', 'magic', 'boarding school', 'world cup', 'maze', 'mermaid', 'school of witchcraft', 'black magic', 'chosen one', 'sequel', 'vision', 'school', 'tournament', 'dragon', 'ghost', 'wizard', 'teenage hero', 'christmas', 'based on young adult novel', 'teen adventure', 'dramatic', 'teen fantasy'] ['Daniel Radcliffe', 'Rupert Grint', 'Emma Watson', 'Brendan Gleeson', 'Michael Gambon'] Mike Newell ",0.15716721476468606,0.10656403053913152,0.2603469098211121,0.17469271837497655,0.10656403053913152,0.7801,0.03556339203637314,0.5564414391683907,0.22506880359602008
12445,tt1201607,Harry Potter and the Deathly Hallows: Part 2,Harry Potter and the Deathly Hallows: Part 2,"Harry, Ron and Hermione continue their quest to vanquish the evil Voldemort once and for all. Just as things begin to look hopeless for the young wizards, Harry discovers a trio of magical objects that endow him with powers to rival Voldemort's formidable skills.",2011-07-12,"['Adventure', 'Fantasy']","['witch', 'dying and death', 'saving the world', 'self sacrifice', 'magic', 'school of witchcraft', 'sorcerer', 'school', 'battle', 'ghost', 'wizard', 'teenage hero', 'christmas', 'based on young adult novel', 'good versus evil', 'dramatic', 'appreciative', 'excited', 'teen fantasy']","['Daniel Radcliffe', 'Emma Watson', 'Rupert Grint', 'Ralph Fiennes', 'Alan Rickman']",David Yates,8.1,21929,19.2333,130,/c54HpQmuwXjHq2C9wmoACjxoom3.jpg,"['Adventure', 'Fantasy'] ['witch', 'dying and death', 'saving the world', 'self sacrifice', 'magic', 'school of witchcraft', 'sorcerer', 'school', 'battle', 'ghost', 'wizard', 'teenage hero', 'christmas', 'based on young adult novel', 'good versus evil', 'dramatic', 'appreciative', 'excited', 'teen fantasy'] ['Daniel Radcliffe', 'Emma Watson', 'Rupert Grint', 'Ralph Fiennes', 'Alan Rickman'] David Yates ",0.1513459848678493,0.09696097961102877,0.2310077451410509,0.15977156987330965,0.09696097961102877,0.8099999999999999,0.03196084546056333,0.5520260382499874,0.2162430624686737
299534,tt4154796,Avengers: Endgame,Avengers: Endgame,"After the devastating events of Avengers: Infinity War, the universe is in ruins due to the efforts of the Mad Titan, Thanos. With the help of remaining allies, the Avengers must assemble once more in order to undo Thanos' actions and restore order to the universe once and for all, no matter what consequences may be in store.",2019-04-24,"['Adventure', 'Science Fiction', 'Action']","['superhero', 'time travel', 'space travel', 'time machine', 'based on comic', 'sequel', 'alien invasion', 'superhero team', 'marvel cinematic universe (mcu)', 'alternate timeline', 'father daughter relationship', 'sister sister relationship']","['Robert Downey Jr.', 'Chris Evans', 'Mark Ruffalo', 'Chris Hemsworth', 'Scarlett Johansson']",Joe Russo,8.235,27680,33.1025,181,/ulzhLuWrPK07P1YkdWQLZnQh1JL.jpg,"['Adventure', 'Science Fiction', 'Action'] ['superhero', 'time travel', 'space travel', 'time machine', 'based on comic', 'sequel', 'alien invasion', 'superhero team', 'marvel cinematic universe (mcu)', 'alternate timeline', 'father daughter relationship', 'sister sister relationship'] ['Robert Downey Jr.', 'Chris Evans', 'Mark Ruffalo', 'Chris Hemsworth', 'Scarlett Johansson'] Joe Russo ",0.11115202200405255,0.15864996957787594,0.15780363962890287,0.14253521040361047,0.11115202200405255,0.8234999999999999,0.0601925320744301,0.6971287278599183,0.2129766416825886
177572,tt2245084,Big Hero 6,Big Hero 6,"A special bond develops between plus-sized inflatable robot Baymax, and prodigy Hiro Hamada, who team up with a group of friends to form a band of high-tech heroes.",2014-10-24,"['Adventure', 'Family', 'Animation', 'Action', 'Comedy']","['friendship', 'martial arts', 'hero', 'sibling relationship', 'san francisco, california', 'superhero', 'talent', 'cartoon', 'villain', 'based on comic', 'coming of age', 'revenge', 'tokyo, japan', 'best friend', 'another dimension', 'robot', 'east asian lead', 'boy genius', 'super villain', 'aftercreditsstinger', 'villain arrested', 'supervillain', 'moral dilemma', 'teen superhero', 'dead brother', 'loving', '3d animation', 'depressing', 'hopeful']","['Scott Adsit', 'Ryan Potter', 'Daniel Henney', 'T.J. Miller', 'Jamie Chung']",Chris Williams,7.724,16542,21.3508,102,/2mxS4wUimwlLmI1xp6QW6NSU361.jpg,"['Adventure', 'Family', 'Animation', 'Action', 'Comedy'] ['friendship', 'martial arts', 'hero', 'sibling relationship', 'san francisco, california', 'superhero', 'talent', 'cartoon', 'villain', 'based on comic', 'coming of age', 'revenge', 'tokyo, japan', 'best friend', 'another dimension', 'robot', 'east asian lead', 'boy genius', 'super villain', 'aftercreditsstinger', 'villain arrested', 'supervillain', 'moral dilemma', 'teen superhero', 'dead brother', 'loving', '3d animation', 'depressing', 'hopeful'] ['Scott Adsit', 'Ryan Potter', 'Daniel Henney', 'T.J. Miller', 'Jamie Chung'] Chris Williams ",0.1773205669242095,0.12878297602831187,0.15099415638546318,0.1523658997793282,0.12878297602831187,0.7724,0.036271158701764186,0.4161073825503356,0.21144471247428537
673,tt0304141,Harry Potter and the Prisoner of Azkaban,Harry Potter and the Prisoner of Azkaban,"Year three at Hogwarts means new fun and challenges as Harry learns the delicate art of approaching a Hippogriff, transforming shape-shifting Boggarts into hilarity and even turning back time. But the term also brings danger: soul-sucking Dementors hover over the school, an ally of the accursed He-Who-Cannot-Be-Named lurks within the castle walls, and fearsome wizard Sirius Black escapes Azkaban. And Harry will confront them all.",2004-05-31,"['Adventure', 'Fantasy']","['witch', 'school friend', 'friendship', 'flying', 'magic', 'bus', 'traitor', 'child hero', 'school of witchcraft', 'black magic', 'time travel', 'school', 'best friend', 'werewolf', 'muggle', 'ghost', 'wizard', 'aftercreditsstinger', 'magical creature', 'night bus', 'teenage life', 'christmas', 'school class', 'based on young adult novel', 'magic spell', 'admiring', 'comforting', 'enchant', 'teen fantasy']","['Daniel Radcliffe', 'Rupert Grint', 'Emma Watson', 'Robbie Coltrane', 'Michael Gambon']",Alfonso Cuarón,8.0,23094,22.7125,141,/aWxwnYoe8p2d2fcxOqtvAtJ72Rw.jpg,"['Adventure', 'Fantasy'] ['witch', 'school friend', 'friendship', 'flying', 'magic', 'bus', 'traitor', 'child hero', 'school of witchcraft', 'black magic', 'time travel', 'school', 'best friend', 'werewolf', 'muggle', 'ghost', 'wizard', 'aftercreditsstinger', 'magical creature', 'night bus', 'teenage life', 'christmas', 'school class', 'based on young adult novel', 'magic spell', 'admiring', 'comforting', 'enchant', 'teen fantasy'] ['Daniel Radcliffe', 'Rupert Grint', 'Emma Watson', 'Robbie Coltrane', 'Michael Gambon'] Alfonso Cuarón ",0.13652428633174638,0.08934674485167335,0.21133667655640734,0.14573590257994237,0.08934674485167335,0.8,0.0390429903619971,0.5814199929353585,0.20539737521686433
1226863,tt28650488,The Super Mario Galaxy Movie,The Super Mario Galaxy Movie,"Having thwarted Bowser's previous plot to marry Princess Peach, Mario and Luigi now face a fresh threat in Bowser Jr., who is determined to liberate his father from captivity and restore the family legacy. Alongside companions new and old, the brothers travel across the stars to stop the young heir's crusade.",2026-04-01,"['Family', 'Comedy', 'Adventure', 'Fantasy', 'Animation']","['galaxy', 'friendship', 'sibling relationship', 'space travel', 'turtle', 'sequel', 'slapstick comedy', 'robot', 'based on video game', 'buddy comedy', 'aftercreditsstinger', 'duringcreditsstinger', 'globetrotting', 'space adventure', ""children's adventure"", 'father son relationship', 'parallel universe', 'brother brother relationship', 'talking animal', 'magic land', 'absurd', 'baffled', 'joyful', 'wry', 'fictional country']","['Chris Pratt', 'Anya Taylor-Joy', 'Charlie Day', 'Jack Black', 'Donald Glover']",Michael Jelenic,6.7,846,325.0208,98,/eJGWx219ZcEMVQJhAgMiqo8tYY.jpg,"['Family', 'Comedy', 'Adventure', 'Fantasy', 'Animation'] ['galaxy', 'friendship', 'sibling relationship', 'space travel', 'turtle', 'sequel', 'slapstick comedy', 'robot', 'based on video game', 'buddy comedy', 'aftercreditsstinger', 'duringcreditsstinger', 'globetrotting', 'space adventure', ""children's adventure"", 'father son relationship', 'parallel universe', 'brother brother relationship', 'talking animal', 'magic land', 'absurd', 'baffled', 'joyful', 'wry', 'fictional country'] ['Chris Pratt', 'Anya Taylor-Joy', 'Charlie Day', 'Jack Black', 'Donald Glover'] Michael Jelenic ",0.13688320033992546,0.1370198347013929,0.14210172863952109,0.1386682545602798,0.13688320033992546,0.67,0.6544118066146158,0.02008376646313771,0.2045450350598682
767,tt0417741,Harry Potter and the Half-Blood Prince,Harry Potter and the Half-Blood Prince,"As Lord Voldemort tightens his grip on both the Muggle and wizarding worlds, Hogwarts is no longer a safe haven. Harry suspects perils may even lie within the castle, but Dumbledore is more intent upon preparing him for the final battle fast approaching. Together they work to find the key to unlock Voldemorts defenses and to this end, Dumbledore recruits his old friend and colleague Horace Slughorn, whom he believes holds crucial information. Even as the decisive showdown looms, romance blossoms for Harry, Ron, Hermione and their classmates. Love is in the air, but danger lies ahead and Hogwarts may never be the same again.",2009-07-15,"['Adventure', 'Fantasy']","['witch', 'dying and death', 'london, england', 'magic', 'school of witchcraft', 'sequel', 'apparition', 'curse', 'teenage crush', 'school', 'werewolf', 'teenage love', 'luck', 'ghost', 'wizard', 'secret past', 'christmas', 'based on young adult novel', 'inspirational', 'dramatic', 'teen fantasy']","['Daniel Radcliffe', 'Rupert Grint', 'Emma Watson', 'Jim Broadbent', 'Michael Gambon']",David Yates,7.68,20727,18.1008,153,/z7uo9zmQdQwU5ZJHFpv2Upl30i1.jpg,"['Adventure', 'Fantasy'] ['witch', 'dying and death', 'london, england', 'magic', 'school of witchcraft', 'sequel', 'apparition', 'curse', 'teenage crush', 'school', 'werewolf', 'teenage love', 'luck', 'ghost', 'wizard', 'secret past', 'christmas', 'based on young adult novel', 'inspirational', 'dramatic', 'teen fantasy'] ['Daniel Radcliffe', 'Rupert Grint', 'Emma Watson', 'Jim Broadbent', 'Michael Gambon'] David Yates ",0.12915067285162674,0.08559724955875515,0.2367997395940373,0.1505158873348064,0.08559724955875515,0.768,0.029655565769578694,0.5216985416561538,0.20307841448558564
137106,tt1490017,The Lego Movie,The Lego Movie,"An ordinary Lego mini-figure, mistakenly thought to be the extraordinary MasterBuilder, is recruited to join a quest to stop an evil Lego tyrant from conquering the universe.",2014-02-06,"['Animation', 'Family', 'Adventure', 'Comedy', 'Fantasy']","['friendship', 'parent child relationship', 'prophecy', 'superhero', 'villain', 'based on comic', 'part live action', 'based on toy', 'falling in love', 'anti villain', 'super power', 'good cop bad cop', 'duringcreditsstinger', 'live action and animation', 'lego', 'father son relationship', 'loving', 'mischievous', 'playful', 'irreverent', 'evil tyrant', 'witty', 'hilarious', 'whimsical', 'celebratory', 'euphoric', 'exhilarated', 'exuberant', 'ridiculous']","['Chris Pratt', 'Elizabeth Banks', 'Will Ferrell', 'Morgan Freeman', 'Will Arnett']",Phil Lord,7.423,8449,8.7625,100,/lbctonEnewCYZ4FYoTZhs8cidAl.jpg,"['Animation', 'Family', 'Adventure', 'Comedy', 'Fantasy'] ['friendship', 'parent child relationship', 'prophecy', 'superhero', 'villain', 'based on comic', 'part live action', 'based on toy', 'falling in love', 'anti villain', 'super power', 'good cop bad cop', 'duringcreditsstinger', 'live action and animation', 'lego', 'father son relationship', 'loving', 'mischievous', 'playful', 'irreverent', 'evil tyrant', 'witty', 'hilarious', 'whimsical', 'celebratory', 'euphoric', 'exhilarated', 'exuberant', 'ridiculous'] ['Chris Pratt', 'Elizabeth Banks', 'Will Ferrell', 'Morgan Freeman', 'Will Arnett'] Phil Lord ",0.14253707576710867,0.13748183415212759,0.15852435103014217,0.14618108698312615,0.13748183415212759,0.7423,0.010646829930000918,0.2119140132209719,0.201301758531777
558,tt0316654,Spider-Man 2,Spider-Man 2,"Peter Parker is going through a major identity crisis. Burned out from being Spider-Man, he decides to shelve his superhero alter ego, which leaves the city suffering in the wake of carnage left by the evil Doc Ock. In the meantime, Parker still can't act on his feelings for Mary Jane Watson, a girl he's loved since childhood. A certain anger begins to brew in his best friend Harry Osborn as well...",2004-06-25,"['Action', 'Adventure', 'Science Fiction']","['new york city', 'dual identity', ""love of one's life"", 'secret identity', 'superhero', 'pizza boy', 'based on comic', 'sequel', 'romance', 'doctor', 'scientist', 'tentacle', 'death', 'super villain', 'young adult']","['Tobey Maguire', 'Kirsten Dunst', 'James Franco', 'Alfred Molina', 'Rosemary Harris']",Sam Raimi,7.306,16303,8.4937,127,/eg8XHjA7jkM3ulBLnfGTczR9ytI.jpg,"['Action', 'Adventure', 'Science Fiction'] ['new york city', 'dual identity', ""love of one's life"", 'secret identity', 'superhero', 'pizza boy', 'based on comic', 'sequel', 'romance', 'doctor', 'scientist', 'tentacle', 'death', 'super villain', 'young adult'] ['Tobey Maguire', 'Kirsten Dunst', 'James Franco', 'Alfred Molina', 'Rosemary Harris'] Sam Raimi ",0.12442664827727556,0.09006074094869143,0.24011646268575693,0.15153461730390796,0.09006074094869143,0.7306,0.01009966950533278,0.4100772064389161,0.1980741836512168
299536,tt4154756,Avengers: Infinity War,Avengers: Infinity War,"As the Avengers and their allies have continued to protect the world from threats too large for any one hero to handle, a new danger has emerged from the cosmic shadows: Thanos. A despot of intergalactic infamy, his goal is to collect all six Infinity Stones, artifacts of unimaginable power, and use them to inflict his twisted will on all of reality. Everything the Avengers have fought for has led up to this moment - the fate of Earth and existence itself has never been more uncertain.",2018-04-25,"['Adventure', 'Action', 'Science Fiction']","['sacrifice', 'magic', 'superhero', 'based on comic', 'space', 'battlefield', 'genocide', 'magical object', 'super power', 'superhero team', 'aftercreditsstinger', 'marvel cinematic universe (mcu)', 'cosmic']","['Robert Downey Jr.', 'Chris Evans', 'Chris Hemsworth', 'Josh Brolin', 'Mark Ruffalo']",Anthony Russo,8.235,31913,45.0868,149,/7WsyChQLEftFiDOVTGkv3hFpyyt.jpg,"['Adventure', 'Action', 'Science Fiction'] ['sacrifice', 'magic', 'superhero', 'based on comic', 'space', 'battlefield', 'genocide', 'magical object', 'super power', 'superhero team', 'aftercreditsstinger', 'marvel cinematic universe (mcu)', 'cosmic'] ['Robert Downey Jr.', 'Chris Evans', 'Chris Hemsworth', 'Josh Brolin', 'Mark Ruffalo'] Anthony Russo ",0.13332540326708464,0.10947983338441686,0.10462245952597903,0.11580923205916017,0.10462245952597903,0.8234999999999999,0.08458737834433488,0.8039309683604986,0.19716673346118993
272,tt0372784,Batman Begins,Batman Begins,"Driven by tragedy, billionaire Bruce Wayne dedicates his life to uncovering and defeating the corruption that plagues his home, Gotham City.  Unable to work within the system, he instead creates a new identity, a symbol of fear for the criminal underworld - The Batman.",2005-06-10,"['Drama', 'Crime', 'Action']","['martial arts', 'undercover', 'loss of loved one', 'secret identity', 'crime fighter', 'superhero', 'based on comic', 'rivalry', 'ninja', 'vigilante', 'tragic hero', 'super power', 'haunted by the past', 'evil doctor', 'master villain', 'unfulfilled love', 'inspirational']","['Christian Bale', 'Michael Caine', 'Liam Neeson', 'Katie Holmes', 'Gary Oldman']",Christopher Nolan,7.725,22546,14.6038,140,/sPX89Td70IDDjVr85jdSBb4rWGr.jpg,"['Drama', 'Crime', 'Action'] ['martial arts', 'undercover', 'loss of loved one', 'secret identity', 'crime fighter', 'superhero', 'based on comic', 'rivalry', 'ninja', 'vigilante', 'tragic hero', 'super power', 'haunted by the past', 'evil doctor', 'master villain', 'unfulfilled love', 'inspirational'] ['Christian Bale', 'Michael Caine', 'Liam Neeson', 'Katie Holmes', 'Gary Oldman'] Christopher Nolan ",0.11780107606234963,0.17203260848363397,0.10765528500896773,0.13249632318498375,0.10765528500896773,0.7725,0.022537187774547107,0.5675934803451582,0.19693165231217255
24428,tt0848228,The Avengers,The Avengers,"When an unexpected enemy emerges and threatens global safety and security, Nick Fury, director of the international peacekeeping agency known as S.H.I.E.L.D., finds himself in need of a team to pull the world back from the brink of disaster. Spanning the globe, a daring recruitment effort begins!",2012-04-25,"['Science Fiction', 'Action', 'Adventure']","['new york city', 'superhero', 'shield', 'based on comic', 'alien invasion', 'superhero team', 'aftercreditsstinger', 'duringcreditsstinger', 'marvel cinematic universe (mcu)']","['Robert Downey Jr.', 'Chris Evans', 'Mark Ruffalo', 'Chris Hemsworth', 'Scarlett Johansson']",Joss Whedon,8.023,37813,53.7707,143,/RYMX2wcKCBAr24UyPD7xwmjaTn.jpg,"['Science Fiction', 'Action', 'Adventure'] ['new york city', 'superhero', 'shield', 'based on comic', 'alien invasion', 'superhero team', 'aftercreditsstinger', 'duringcreditsstinger', 'marvel cinematic universe (mcu)'] ['Robert Downey Jr.', 'Chris Evans', 'Mark Ruffalo', 'Chris Hemsworth', 'Scarlett Johansson'] Joss Whedon ",0.11116897446716859,0.11120816837151479,0.10450441930355348,0.10896052071407895,0.10450441930355348,0.8023,0.10226403910242891,0.95279305646667,0.19407900462726832
101,tt0110413,Léon: The Professional,Léon,"Léon, the top hit man in New York, has earned a rep as an effective ""cleaner"". But when his next-door neighbors are wiped out by a loose-cannon DEA agent, he becomes the unwilling custodian of 12-year-old Mathilda. Before long, Mathilda's thoughts turn to revenge, and she considers following in Léon's footsteps.",1994-09-14,"['Crime', 'Drama', 'Action']","['hotel room', 'new york city', 'immigrant', 'assassin', 'police brutality', 'corruption', 's.w.a.t.', 'hitman', 'loss of loved one', 'gangster', 'training', 'revenge', 'murder', 'loneliness', 'neighbor', 'tragic love', 'city life', 'neo-noir', 'complex relationship', 'suspenseful', 'tense']","['Jean Reno', 'Natalie Portman', 'Gary Oldman', 'Danny Aiello', 'Peter Appel']",Luc Besson,8.3,16056,20.3139,111,/bxB2q91nKYp8JNzqE7t7TWBVupB.jpg,"['Crime', 'Drama', 'Action'] ['hotel room', 'new york city', 'immigrant', 'assassin', 'police brutality', 'corruption', 's.w.a.t.', 'hitman', 'loss of loved one', 'gangster', 'training', 'revenge', 'murder', 'loneliness', 'neighbor', 'tragic love', 'city life', 'neo-noir', 'complex relationship', 'suspenseful', 'tense'] ['Jean Reno', 'Natalie Portman', 'Gary Oldman', 'Danny Aiello', 'Peter Appel'] Luc Besson ",0.12310313849320818,0.13225238859700109,0.10544389165233373,0.12026647291418098,0.10544389165233373,0.8300000000000001,0.03416047922133861,0.40384518342836956,0.19136370376989195
9806,tt0317705,The Incredibles,The Incredibles,"Bob Parr has given up his superhero days to log in time as an insurance adjuster and raise his three children with his formerly heroic wife in suburbia. But when he receives a mysterious assignment, it's time to get back into costume.",2004-10-27,"['Action', 'Adventure', 'Animation', 'Family']","['hero', 'secret identity', 'superhero', 'villain', 'family relationships', 'super power', 'supervillain', '1950s', '1960s', 'excited', 'hopeful']","['Craig T. Nelson', 'Holly Hunter', 'Sarah Vowell', 'Spencer Fox', 'Jason Lee']",Brad Bird,7.723,18840,14.3914,115,/2LqaLgk4Z226KkgPJuiOQ58wvrm.jpg,"['Action', 'Adventure', 'Animation', 'Family'] ['hero', 'secret identity', 'superhero', 'villain', 'family relationships', 'super power', 'supervillain', '1950s', '1960s', 'excited', 'hopeful'] ['Craig T. Nelson', 'Holly Hunter', 'Sarah Vowell', 'Spencer Fox', 'Jason Lee'] Brad Bird ",0.16719984412071126,0.09568956133691925,0.12248149561476578,0.1284569670241321,0.09568956133691925,0.7723,0.022104833331840587,0.4740879043245698,0.1900098439195163
634649,tt10872600,Spider-Man: No Way Home,Spider-Man: No Way Home,"Peter Parker is unmasked and no longer able to separate his normal life from the high-stakes of being a super-hero. When he asks for help from Doctor Strange the stakes become even more dangerous, forcing him to discover what it truly means to be Spider-Man.",2021-12-15,"['Action', 'Adventure', 'Science Fiction']","['new york city', 'hero', 'showdown', 'magic', 'loss of loved one', 'secret identity', 'superhero', 'villain', 'portal', 'based on comic', 'sequel', 'vigilante', 'superhero team', 'masked vigilante', 'alternative reality', 'aftercreditsstinger', 'duringcreditsstinger', 'marvel cinematic universe (mcu)', 'masked superhero', 'fight for justice', 'teen superhero', 'superhero teamup', 'returning hero', 'teamwork', 'excited']","['Tom Holland', 'Zendaya', 'Benedict Cumberbatch', 'Jacob Batalon', 'Jon Favreau']",Jon Watts,7.9,21931,31.5021,148,/1g0dhYtq4irTY1GPXvft6k4YLjm.jpg,"['Action', 'Adventure', 'Science Fiction'] ['new york city', 'hero', 'showdown', 'magic', 'loss of loved one', 'secret identity', 'superhero', 'villain', 'portal', 'based on comic', 'sequel', 'vigilante', 'superhero team', 'masked vigilante', 'alternative reality', 'aftercreditsstinger', 'duringcreditsstinger', 'marvel cinematic universe (mcu)', 'masked superhero', 'fight for justice', 'teen superhero', 'superhero teamup', 'returning hero', 'teamwork', 'excited'] ['Tom Holland', 'Zendaya', 'Benedict Cumberbatch', 'Jacob Batalon', 'Jon Favreau'] Jon Watts ",0.15305663392582877,0.09679764946159988,0.1053061482037902,0.11838681053040628,0.09679764946159988,0.79,0.05693481055791636,0.5520764999747692,0.18806053105331694
13,tt0109830,Forrest Gump,Forrest Gump,"A man with a low IQ has accomplished great things in his life and been present during significant historic events—in each case, far exceeding what anyone imagined he could do. But despite all he has achieved, his one true love eludes him.",1994-06-23,"['Comedy', 'Drama', 'Romance']","[""new year's eve"", 'vietnam war', 'vietnam veteran', 'mentally disabled', 'friendship', 'usa president', 'washington dc, usa', 'post-traumatic stress disorder (ptsd)', 'waitress', 'based on novel or book', 'hippie', 'single parent', 'parent child relationship', 'optimism', '1970s', 'drug addiction', 'autism', 'alabama', 'black panther party', 'bus stop', 'family relationships', 'chameleon', 'single mother', 'military', 'anti war protest', '1960s', 'college american football', 'mother son relationship', 'america', 'hilarious', 'feel-good']","['Tom Hanks', 'Robin Wright', 'Gary Sinise', 'Sally Field', 'Mykelti Williamson']",Robert Zemeckis,8.465,29689,28.6605,142,/Cw4hIUIAmSYfK9QfaUW5igp9La.jpg,"['Comedy', 'Drama', 'Romance'] [""new year's eve"", 'vietnam war', 'vietnam veteran', 'mentally disabled', 'friendship', 'usa president', 'washington dc, usa', 'post-traumatic stress disorder (ptsd)', 'waitress', 'based on novel or book', 'hippie', 'single parent', 'parent child relationship', 'optimism', '1970s', 'drug addiction', 'autism', 'alabama', 'black panther party', 'bus stop', 'family relationships', 'chameleon', 'single mother', 'military', 'anti war protest', '1960s', 'college american football', 'mother son relationship', 'america', 'hilarious', 'feel-good'] ['Tom Hanks', 'Robin Wright', 'Gary Sinise', 'Sally Field', 'Mykelti Williamson'] Robert Zemeckis ",0.1117912407682561,0.10199423581655773,0.09673021327823196,0.10350522995434859,0.09673021327823196,0.8465,0.05115054321142458,0.7478175304031892,0.1877653090303795
82702,tt1646971,How to Train Your Dragon 2,How to Train Your Dragon 2,"Five years after uniting the dragons and Vikings of Berk, Hiccup and Toothless soar beyond their homeland, charting the vast unknown. During one of their adventures, the pair discover a secret cave that houses hundreds of wild dragons -- and a mysterious dragon rider with a startling connection to Hiccup. And as the ruthless dragon conqueror Drago Bludvist rises to seize control of both dragons and people alike, Hiccup must step into his role as a true leader and, alongside his friends and Toothless, protect Berk from a devastating war.",2014-06-05,"['Fantasy', 'Action', 'Adventure', 'Animation', 'Family']","['rescue', 'husband wife relationship', 'sacrifice', 'parent child relationship', 'loss of loved one', 'villain', 'melancholy', 'vikings (norsemen)', 'sequel', 'dragon', 'nostalgic', 'warrior', 'mysterious', 'philosophical', 'reflective', 'mother son relationship', 'loving', 'inspirational', 'wistful', 'intimate', 'dramatic', 'sentimental', 'intense', 'romantic', 'whimsical', 'adoring', 'amused', 'appreciative', 'awestruck', 'bewildered', 'celebratory', 'comforting', 'commanding', 'compassionate', 'enthusiastic', 'euphoric', 'excited', 'exhilarated', 'optimistic', 'sincere', 'tragic', 'vibrant']","['Jay Baruchel', 'Cate Blanchett', 'Gerard Butler', 'Craig Ferguson', 'America Ferrera']",Dean DeBlois,7.7,10406,12.855,102,/d13Uj86LdbDLrfDoHR5aDOFYyJC.jpg,"['Fantasy', 'Action', 'Adventure', 'Animation', 'Family'] ['rescue', 'husband wife relationship', 'sacrifice', 'parent child relationship', 'loss of loved one', 'villain', 'melancholy', 'vikings (norsemen)', 'sequel', 'dragon', 'nostalgic', 'warrior', 'mysterious', 'philosophical', 'reflective', 'mother son relationship', 'loving', 'inspirational', 'wistful', 'intimate', 'dramatic', 'sentimental', 'intense', 'romantic', 'whimsical', 'adoring', 'amused', 'appreciative', 'awestruck', 'bewildered', 'celebratory', 'comforting', 'commanding', 'compassionate', 'enthusiastic', 'euphoric', 'excited', 'exhilarated', 'optimistic', 'sincere', 'tragic', 'vibrant'] ['Jay Baruchel', 'Cate Blanchett', 'Gerard Butler', 'Craig Ferguson', 'America Ferrera'] Dean DeBlois ",0.13113562506653642,0.11175976491596432,0.13245159062116169,0.1251156602012208,0.11175976491596432,0.77,0.018977388106914496,0.26129081091991724,0.1864722699755922
238,tt0068646,The Godfather,The Godfather,"Spanning the years 1945 to 1955, a chronicle of the fictional Italian-American Corleone crime family. When organized crime family patriarch, Vito Corleone barely survives an attempt on his life, his youngest son, Michael steps in to take care of the would-be killers, launching a campaign of bloody revenge.",1972-03-14,"['Drama', 'Crime']","['based on novel or book', 'loss of loved one', 'love at first sight', 'italy', 'gangster', 'symbolism', 'patriarch', 'europe', 'organized crime', 'mafia', 'religion', 'revenge motive', 'crime family', 'sicilian mafia', 'religious hypocrisy', 'gun violence', 'rise to power', 'gang violence', '1940s', '1950s', 'mafia war', 'best picture winner', 'oscar winner']","['Marlon Brando', 'Al Pacino', 'James Caan', 'Robert Duvall', 'Richard S. Castellano']",Francis Ford Coppola,8.686,22890,42.2089,175,/3bhkrj58Vtu7enYsRolD1fZdja1.jpg,"['Drama', 'Crime'] ['based on novel or book', 'loss of loved one', 'love at first sight', 'italy', 'gangster', 'symbolism', 'patriarch', 'europe', 'organized crime', 'mafia', 'religion', 'revenge motive', 'crime family', 'sicilian mafia', 'religious hypocrisy', 'gun violence', 'rise to power', 'gang violence', '1940s', '1950s', 'mafia war', 'best picture winner', 'oscar winner'] ['Marlon Brando', 'Al Pacino', 'James Caan', 'Robert Duvall', 'Richard S. Castellano'] Francis Ford Coppola ",0.08935096103163058,0.13064749442629364,0.09298817547258217,0.10432887697683546,0.08935096103163058,0.8686,0.07872921991370824,0.5762728970076197,0.1864312967788328
1327862,tt33088452,Regretting You,Regretting You,"Morgan Grant and her daughter Clara explore what's left behind after a devastating accident reveals a shocking betrayal and forces them to confront family secrets, redefine love, and rediscover each other.",2025-10-22,"['Romance', 'Drama']","['high school', 'based on novel or book', 'aunt niece relationship', 'north carolina', 'death of father', 'car crash', 'underage drinking', 'tragedy', 'family drama', 'death of husband', 'underage smoking', 'insecure', 'death of wife', 'complex relationship', 'mother daughter relationship', 'sister sister relationship', 'grandfather grandson relationship', '2000s', 'high school romance', 'loss of husband', 'cinephile', 'sentimental', 'romantic', 'admiring', 'adoring', 'amused', 'bold', 'cheerful', 'melodramatic', 'marijuana use', 'loss of father']","['Mckenna Grace', 'Mason Thames', 'Allison Williams', 'Dave Franco', 'Sam Morelos']",Josh Boone,7.015,393,9.9201,116,/z4gVnxTaks3anTycwKjDmvQSuWt.jpg,"['Romance', 'Drama'] ['high school', 'based on novel or book', 'aunt niece relationship', 'north carolina', 'death of father', 'car crash', 'underage drinking', 'tragedy', 'family drama', 'death of husband', 'underage smoking', 'insecure', 'death of wife', 'complex relationship', 'mother daughter relationship', 'sister sister relationship', 'grandfather grandson relationship', '2000s', 'high school romance', 'loss of husband', 'cinephile', 'sentimental', 'romantic', 'admiring', 'adoring', 'amused', 'bold', 'cheerful', 'melodramatic', 'marijuana use', 'loss of father'] ['Mckenna Grace', 'Mason Thames', 'Allison Williams', 'Dave Franco', 'Sam Morelos'] Josh Boone ",0.1008402728831192,0.16575505763918236,0.17183103949624104,0.14614212333951418,0.1008402728831192,0.7015,0.013003202354092589,0.008654185800070647,0.18587361453393225
331482,tt3281548,Little Women,Little Women,Four sisters come of age in America in the aftermath of the Civil War.,2019-12-25,"['Drama', 'Romance']","['new york city', 'sibling relationship', 'based on novel or book', 'massachusetts', 'coming of age', 'remake', 'period drama', 'american civil war', 'christmas', '19th century', 'sister sister relationship', 'female writer', '1860s', 'sisters']","['Saoirse Ronan', 'Emma Watson', 'Florence Pugh', 'Eliza Scanlen', 'Laura Dern']",Greta Gerwig,7.854,6815,12.7068,135,/yn5ihODtZ7ofn8pDYfxCmxh8AXI.jpg,"['Drama', 'Romance'] ['new york city', 'sibling relationship', 'based on novel or book', 'massachusetts', 'coming of age', 'remake', 'period drama', 'american civil war', 'christmas', '19th century', 'sister sister relationship', 'female writer', '1860s', 'sisters'] ['Saoirse Ronan', 'Emma Watson', 'Florence Pugh', 'Eliza Scanlen', 'Laura Dern'] Greta Gerwig ",0.13463807131845526,0.11255438989696986,0.11705518006786772,0.12141588042776429,0.11255438989696986,0.7854,0.018675717069206836,0.17068678407427965,0.18394520745100257
812583,tt14364480,Wake Up Dead Man: A Knives Out Mystery,Wake Up Dead Man: A Knives Out Mystery,"When young priest Jud Duplenticy is sent to assist charismatic firebrand Monsignor Jefferson Wicks, it’s clear that all is not well in the pews. After a sudden and seemingly impossible murder rocks the town, the lack of an obvious suspect prompts local police chief Geraldine Scott to join forces with renowned detective Benoit Blanc to unravel a mystery that defies all logic.",2025-11-26,"['Thriller', 'Mystery', 'Comedy']","['sequel', 'whodunit', 'murder investigation', 'murder mystery', 'upstate new york', 'web of lies', 'mystery thriller', 'hidden motives', 'clue‑based deduction', 'high‑society secrets', 'eccentric detective', 'manipulative personalities', 'hidden relationships', 'isolated mansion', 'character‑driven mystery']","['Daniel Craig', ""Josh O'Connor"", 'Glenn Close', 'Josh Brolin', 'Mila Kunis']",Rian Johnson,7.202,2439,13.3549,145,/qCOGGi8JBVEZMc3DVby8rUivyXz.jpg,"['Thriller', 'Mystery', 'Comedy'] ['sequel', 'whodunit', 'murder investigation', 'murder mystery', 'upstate new york', 'web of lies', 'mystery thriller', 'hidden motives', 'clue‑based deduction', 'high‑society secrets', 'eccentric detective', 'manipulative personalities', 'hidden relationships', 'isolated mansion', 'character‑driven mystery'] ['Daniel Craig', ""Josh O'Connor"", 'Glenn Close', 'Josh Brolin', 'Mila Kunis'] Rian Johnson ",0.10535509524360123,0.14139876032800797,0.15446796192499693,0.13374060583220204,0.10535509524360123,0.7202,0.01999496807823743,0.06027653025180401,0.1818277924870348
10330,tt0322330,Freaky Friday,Freaky Friday,"Mother and daughter bicker over everything -- what Anna wears, whom she likes and what she wants to do when she's older. In turn, Anna detests Tess's fiancé. When a magical fortune cookie switches their personalities, they each get a peek at how the other person feels, thinks and lives.",2003-08-05,"['Family', 'Fantasy', 'Comedy', 'Romance']","['high school', 'concert', 'sibling relationship', 'single parent', 'mistake in person', 'bride', 'body exchange', 'fortune cookie', 'motherly love', 'wedding', 'psychiatrist', 'body-swap', 'teen comedy', 'child as an adult', 'adult as a child', 'mother daughter relationship', 'amused']","['Lindsay Lohan', 'Jamie Lee Curtis', 'Harold Gould', 'Chad Michael Murray', 'Mark Harmon']",Mark Waters,6.582,4255,5.2164,97,/ipKcZ4Up7dp18XpsfYUc9NKZy3g.jpg,"['Family', 'Fantasy', 'Comedy', 'Romance'] ['high school', 'concert', 'sibling relationship', 'single parent', 'mistake in person', 'bride', 'body exchange', 'fortune cookie', 'motherly love', 'wedding', 'psychiatrist', 'body-swap', 'teen comedy', 'child as an adult', 'adult as a child', 'mother daughter relationship', 'amused'] ['Lindsay Lohan', 'Jamie Lee Curtis', 'Harold Gould', 'Chad Michael Murray', 'Mark Harmon'] Mark Waters ",0.11501174031911403,0.11755744379234273,0.1833329249555714,0.13863403635567606,0.11501174031911403,0.6582,0.0034285055925169306,0.10609577635363576,0.18115924238986048
14836,tt0327597,Coraline,Coraline,"Wandering her rambling old house in her boring new town, 11-year-old Coraline discovers a hidden door to a strangely idealized version of her life. In order to stay in the fantasy, she must make a frighteningly real sacrifice.",2009-02-05,"['Animation', 'Family', 'Fantasy']","['friendship', 'dreams', 'based on novel or book', 'eye', 'stuffed animal', 'stop motion', 'parallel world', 'button', 'new home', 'secret door', 'female villain', 'reality vs fantasy', 'dark fantasy', 'aftercreditsstinger', 'duringcreditsstinger', 'horror for children', 'talking cat', 'somber', 'parallel universe', 'callous']","['Dakota Fanning', 'Teri Hatcher', 'Jennifer Saunders', 'Dawn French', 'Keith David']",Henry Selick,7.903,8925,27.7121,100,/4jeFXQYytChdZYE9JYO7Un87IlW.jpg,"['Animation', 'Family', 'Fantasy'] ['friendship', 'dreams', 'based on novel or book', 'eye', 'stuffed animal', 'stop motion', 'parallel world', 'button', 'new home', 'secret door', 'female villain', 'reality vs fantasy', 'dark fantasy', 'aftercreditsstinger', 'duringcreditsstinger', 'horror for children', 'talking cat', 'somber', 'parallel universe', 'callous'] ['Dakota Fanning', 'Teri Hatcher', 'Jennifer Saunders', 'Dawn French', 'Keith David'] Henry Selick ",0.17723418694523482,0.08751373577709708,0.09747202146677651,0.12073998139636948,0.08751373577709708,0.7903,0.04922001141546005,0.22392390371902912,0.18096881347990396
315635,tt2250912,Spider-Man: Homecoming,Spider-Man: Homecoming,"Following the events of Captain America: Civil War, Peter Parker, with the help of his mentor Tony Stark, tries to balance his life as an ordinary high school student in Queens, New York City, with fighting crime as his superhero alter ego Spider-Man as a new threat, the Vulture, emerges.",2017-07-05,"['Action', 'Adventure', 'Science Fiction']","['high school', 'new york city', 'washington dc, usa', 'secret identity', 'superhero', 'based on comic', 'reboot', 'aftercreditsstinger', 'duringcreditsstinger', 'marvel cinematic universe (mcu)', 'masked superhero', 'teen superhero']","['Tom Holland', 'Michael Keaton', 'Robert Downey Jr.', 'Marisa Tomei', 'Jon Favreau']",Jon Watts,7.3,23118,21.0973,133,/c24sv2weTHPsmDa7jEMN0m2P3RT.jpg,"['Action', 'Adventure', 'Science Fiction'] ['high school', 'new york city', 'washington dc, usa', 'secret identity', 'superhero', 'based on comic', 'reboot', 'aftercreditsstinger', 'duringcreditsstinger', 'marvel cinematic universe (mcu)', 'masked superhero', 'teen superhero'] ['Tom Holland', 'Michael Keaton', 'Robert Downey Jr.', 'Marisa Tomei', 'Jon Favreau'] Jon Watts ",0.10946292492524116,0.10872156086629943,0.12007771391178351,0.1127540665677747,0.10872156086629943,0.73,0.035755142453053716,0.5820255336327396,0.18074762038855982
99861,tt2395427,Avengers: Age of Ultron,Avengers: Age of Ultron,"When Tony Stark tries to jumpstart a dormant peacekeeping program, things go awry and Earth’s Mightiest Heroes are put to the ultimate test as the fate of the planet hangs in the balance. As the villainous Ultron emerges, it is up to The Avengers to stop him from enacting his terrible plans, and soon uneasy alliances and unexpected action pave the way for an epic and unique global adventure.",2015-04-22,"['Action', 'Adventure', 'Science Fiction']","['artificial intelligence (a.i.)', 'saving the world', 'superhero', 'based on comic', 'sequel', 'vision', 'robot', 'superhero team', 'creator', 'super villain', 'duringcreditsstinger', 'marvel cinematic universe (mcu)', 'fictitious country', 'good versus evil', 'hilarious', 'comforting']","['Robert Downey Jr.', 'Chris Hemsworth', 'Mark Ruffalo', 'Chris Evans', 'Scarlett Johansson']",Joss Whedon,7.3,24373,18.3739,141,/4ssDuvEDkSArWEdyBl2X5EHvYKU.jpg,"['Action', 'Adventure', 'Science Fiction'] ['artificial intelligence (a.i.)', 'saving the world', 'superhero', 'based on comic', 'sequel', 'vision', 'robot', 'superhero team', 'creator', 'super villain', 'duringcreditsstinger', 'marvel cinematic universe (mcu)', 'fictitious country', 'good versus evil', 'hilarious', 'comforting'] ['Robert Downey Jr.', 'Chris Hemsworth', 'Mark Ruffalo', 'Chris Evans', 'Scarlett Johansson'] Joss Whedon ",0.12429560466056955,0.1138364492528428,0.10267860477638373,0.1136035528965987,0.10267860477638373,0.73,0.03021147913258788,0.6136902659332896,0.18055818003070934
629,tt0114814,The Usual Suspects,The Usual Suspects,"Held in an L.A. interrogation room, Verbal Kint attempts to convince the feds that a mythic crime lord, Keyser Soze, not only exists, but was also responsible for drawing him and his four partners into a multi-million dollar heist that ended with an explosion in San Pedro harbor – leaving few survivors. Verbal lures his interrogators with an incredible story of the crime lord's almost supernatural prowess.",1995-07-19,"['Drama', 'Crime', 'Thriller']","['new york city', 'robbery', 'relatives', 'heist', 'flashback', 'police corruption', 'whodunit', 'los angeles, california', 'theft', 'criminal', 'criminal mastermind', 'cargo ship', 'mind game', 'neo-noir', 'mystery villain', 'suspenseful', 'intense', 'excited', 'rashomon effect']","['Stephen Baldwin', 'Gabriel Byrne', 'Benicio del Toro', 'Kevin Pollak', 'Kevin Spacey']",Bryan Singer,8.17,11368,13.592,106,/99X2SgyFunJFXGAYnDv3sb9pnUD.jpg,"['Drama', 'Crime', 'Thriller'] ['new york city', 'robbery', 'relatives', 'heist', 'flashback', 'police corruption', 'whodunit', 'los angeles, california', 'theft', 'criminal', 'criminal mastermind', 'cargo ship', 'mind game', 'neo-noir', 'mystery villain', 'suspenseful', 'intense', 'excited', 'rashomon effect'] ['Stephen Baldwin', 'Gabriel Byrne', 'Benicio del Toro', 'Kevin Pollak', 'Kevin Spacey'] Bryan Singer ",0.09936347457583017,0.1376131345773039,0.09558410420239334,0.11085357111850913,0.09558410420239334,0.817,0.02047760102722856,0.28556290053994043,0.17919722810912525
8587,tt0110357,The Lion King,The Lion King,"Young lion prince Simba, eager to one day become king of the Pride Lands, grows up under the watchful eye of his father Mufasa; all the while his villainous uncle Scar conspires to take the throne for himself. Amid betrayal and tragedy, Simba must confront his past and find his rightful place in the Circle of Life.",1994-06-15,"['Animation', 'Family', 'Drama']","['father murder', 'loss of loved one', 'africa', 'lion', 'cartoon', 'manipulation', 'villain', 'redemption', 'musical', 'uncle', 'coming of age', 'murder', 'shaman', 'king', 'animals', 'nature', 'father son relationship', 'inspirational', 'epic']","['Matthew Broderick', 'Moira Kelly', 'Nathan Lane', 'Ernie Sabella', 'James Earl Jones']",Roger Allers,8.3,19642,21.1192,89,/sKCr78MXSLixwmZ8DyJLrpMsd15.jpg,"['Animation', 'Family', 'Drama'] ['father murder', 'loss of loved one', 'africa', 'lion', 'cartoon', 'manipulation', 'villain', 'redemption', 'musical', 'uncle', 'coming of age', 'murder', 'shaman', 'king', 'animals', 'nature', 'father son relationship', 'inspirational', 'epic'] ['Matthew Broderick', 'Moira Kelly', 'Nathan Lane', 'Ernie Sabella', 'James Earl Jones'] Roger Allers ",0.09492575198804909,0.10504891792710717,0.10563115578420605,0.10186860856645412,0.09492575198804909,0.8300000000000001,0.03579972137158137,0.4943230559620528,0.17916019872619351
84892,tt1659337,The Perks of Being a Wallflower,The Perks of Being a Wallflower,"Pittsburgh, Pennsylvania, 1991. High school freshman Charlie is a wallflower, always watching life from the sidelines, until two senior students, Sam and her stepbrother Patrick, become his mentors, helping him discover the joys of friendship, music and love.",2012-09-20,['Drama'],"['school friend', 'depression', 'high school', 'friendship', 'based on novel or book', 'trauma', 'coming of age', 'freshman', 'school', 'teenage boy', 'high school student', 'first love', 'aunt nephew relationship', 'lgbt', 'mental health', 'lgbt teen', 'pittsburgh, pennsylvania', '1990s', 'based on young adult novel', 'gay theme', ""boys' love (bl)"", 'teenager']","['Logan Lerman', 'Emma Watson', 'Ezra Miller', 'Mae Whitman', 'Kate Walsh']",Stephen Chbosky,7.8,11172,6.465,103,/aKCvdFFF5n80P2VdS7d8YBwbCjh.jpg,"['Drama'] ['school friend', 'depression', 'high school', 'friendship', 'based on novel or book', 'trauma', 'coming of age', 'freshman', 'school', 'teenage boy', 'high school student', 'first love', 'aunt nephew relationship', 'lgbt', 'mental health', 'lgbt teen', 'pittsburgh, pennsylvania', '1990s', 'based on young adult novel', 'gay theme', ""boys' love (bl)"", 'teenager'] ['Logan Lerman', 'Emma Watson', 'Ezra Miller', 'Mae Whitman', 'Kate Walsh'] Stephen Chbosky ",0.09105461485158105,0.0835337702104834,0.1868562060346307,0.12048153036556504,0.0835337702104834,0.78,0.005970114618709793,0.28061765151132867,0.17881120524850186
10386,tt0129167,The Iron Giant,The Iron Giant,"In the small town of Rockwell, Maine in October 1957, a giant metal machine befriends a nine-year-old boy and ultimately finds its humanity by unselfishly saving people from their own fears and prejudices.",1999-08-06,"['Animation', 'Drama', 'Family', 'Science Fiction']","['friendship', 'small town', 'based on novel or book', 'self sacrifice', 'cold war', 'villain', 'alien', 'meteorite', 'giant robot', 'robot', 'autumn', 'fear of unknown', '1950s', 'mother son relationship', 'awestruck', 'euphoric', 'hopeful']","['Jennifer Aniston', 'Harry Connick Jr.', 'Vin Diesel', 'James Gammon', 'Cloris Leachman']",Brad Bird,8.0,6141,6.81,86,/ct04FCFLPImNG5thcPLRnVsZlmS.jpg,"['Animation', 'Drama', 'Family', 'Science Fiction'] ['friendship', 'small town', 'based on novel or book', 'self sacrifice', 'cold war', 'villain', 'alien', 'meteorite', 'giant robot', 'robot', 'autumn', 'fear of unknown', '1950s', 'mother son relationship', 'awestruck', 'euphoric', 'hopeful'] ['Jennifer Aniston', 'Harry Connick Jr.', 'Vin Diesel', 'James Gammon', 'Cloris Leachman'] Brad Bird ",0.10211116233480257,0.12043827501798561,0.11946859159640008,0.11400600964972941,0.10211116233480257,0.8,0.006672385253049483,0.1536811828228289,0.17779993395333268
630,tt0032138,The Wizard of Oz,The Wizard of Oz,"Young Dorothy finds herself in a magical world where she makes friends with a lion, a scarecrow and a tin man as they make their way along the yellow brick road to talk with the Wizard and ask for the things they miss most in their lives. The Wicked Witch of the West is the only thing that could stop them.",1939-08-15,"['Adventure', 'Fantasy', 'Family']","['witch', 'adolescence', 'dreams', 'based on novel or book', 'secret identity', 'lion', 'tornado', 'twister', 'scarecrow', 'villain', 'musical', 'kansas, usa', 'imaginary land', 'cowardliness', 'monkey', 'female villain', 'fantasy world', 'wizard', 'speculative', 'hourglass', 'christmas', 'red shoes', 'based on young adult novel', 'tin man', 'introspective', 'inspirational', 'amused', 'trying to get home']","['Judy Garland', 'Ray Bolger', 'Jack Haley', 'Bert Lahr', 'Frank Morgan']",Victor Fleming,7.584,6101,11.7963,102,/uCC3j4pV9eOZwzDUWp2ilbcTf1f.jpg,"['Adventure', 'Fantasy', 'Family'] ['witch', 'adolescence', 'dreams', 'based on novel or book', 'secret identity', 'lion', 'tornado', 'twister', 'scarecrow', 'villain', 'musical', 'kansas, usa', 'imaginary land', 'cowardliness', 'monkey', 'female villain', 'fantasy world', 'wizard', 'speculative', 'hourglass', 'christmas', 'red shoes', 'based on young adult novel', 'tin man', 'introspective', 'inspirational', 'amused', 'trying to get home'] ['Judy Garland', 'Ray Bolger', 'Jack Haley', 'Bert Lahr', 'Frank Morgan'] Victor Fleming ",0.16175674310542804,0.08602717936951128,0.12296872703050427,0.12358421650181452,0.08602717936951128,0.7584,0.016822333264666874,0.15267194832719383,0.17693328556456556
745,tt0167404,The Sixth Sense,The Sixth Sense,"Following an unexpected tragedy, child psychologist Malcolm Crowe meets a nine year old boy named Cole Sear, who is hiding a dark secret.",1999-08-06,"['Mystery', 'Thriller', 'Drama']","['dying and death', 'child abuse', 'philadelphia, pennsylvania', 'sense of guilt', 'afterlife', 'marriage crisis', 'loss of loved one', 'confidence', 'psychology', 'paranormal phenomena', 'single', 'psychological thriller', 'cowardliness', 'single mother', 'school play', 'ghost', 'kids', 'spiritism', 'somber', 'anxious', 'supernatural horror', 'ghost child', 'psychological horror', 'dramatic', 'suspenseful', 'supernatural thriller']","['Bruce Willis', 'Haley Joel Osment', 'Toni Collette', 'Olivia Williams', 'Trevor Morgan']",M. Night Shyamalan,7.951,12820,11.7887,107,/vOyfUXNFSnaTk7Vk5AjpsKTUWsu.jpg,"['Mystery', 'Thriller', 'Drama'] ['dying and death', 'child abuse', 'philadelphia, pennsylvania', 'sense of guilt', 'afterlife', 'marriage crisis', 'loss of loved one', 'confidence', 'psychology', 'paranormal phenomena', 'single', 'psychological thriller', 'cowardliness', 'single mother', 'school play', 'ghost', 'kids', 'spiritism', 'somber', 'anxious', 'supernatural horror', 'ghost child', 'psychological horror', 'dramatic', 'suspenseful', 'supernatural thriller'] ['Bruce Willis', 'Haley Joel Osment', 'Toni Collette', 'Olivia Williams', 'Trevor Morgan'] M. Night Shyamalan ",0.10530072843862724,0.14098792764298335,0.08902315156746707,0.11177060254969255,0.08902315156746707,0.7950999999999999,0.01680686295504084,0.3221981127314932,0.17691369011407465
34584,tt0088323,The NeverEnding Story,Die unendliche Geschichte,"While hiding from bullies in his school's attic, a young boy discovers the extraordinary land of Fantasia, through a magical book called The Neverending Story. The book tells the tale of Atreyu, a young warrior who, with the help of a luck dragon named Falkor, must save Fantasia from the destruction of The Nothing.",1984-04-06,"['Adventure', 'Fantasy', 'Family', 'Drama']","['based on novel or book', 'wolf', 'magic', 'fairy tale', 'horse', 'mythology', 'child hero', 'anthropomorphism', 'bully', 'school', 'creature', 'reading', 'book store', 'fantasy world', 'giant', 'gnome', 'quest', 'child protagonist', 'father son relationship', 'based on young adult novel', 'magical necklace']","['Noah Hathaway', 'Barret Oliver', 'Tami Stronach', 'Alan Oppenheimer', 'Sydney Bromley']",Wolfgang Petersen,7.219,4368,5.5039,101,/lWJC8om086h01f0CMGR9ombdpnI.jpg,"['Adventure', 'Fantasy', 'Family', 'Drama'] ['based on novel or book', 'wolf', 'magic', 'fairy tale', 'horse', 'mythology', 'child hero', 'anthropomorphism', 'bully', 'school', 'creature', 'reading', 'book store', 'fantasy world', 'giant', 'gnome', 'quest', 'child protagonist', 'father son relationship', 'based on young adult novel', 'magical necklace'] ['Noah Hathaway', 'Barret Oliver', 'Tami Stronach', 'Alan Oppenheimer', 'Sydney Bromley'] Wolfgang Petersen ",0.15532414797460672,0.09347583460627434,0.13406762663417165,0.12762253640501756,0.09347583460627434,0.7219,0.004013731121133339,0.10894686380380482,0.17613916479422637
1196573,tt27986457,She Rides Shotgun,She Rides Shotgun,"Newly released from prison and marked for death by unrelenting enemies, Nate must now protect his estranged 9-year-old daughter, Polly, at all costs. With scant resources and no one to trust, Nate and Polly forge a bond under fire as he shows her how to fight and survive—and she teaches him the true meaning of unconditional love.",2025-07-31,"['Action', 'Thriller', 'Crime']","['based on novel or book', 'on the run', 'protective father', 'broken family', 'estranged daughter', 'father daughter relationship', 'prison gang', 'traumatized child', 'father and daughter', 'young girl', 'crime', 'loss of a parent', 'fugitive life', 'escape journey', 'revenge threat']","['Taron Egerton', 'Ana Sophia Heger', 'Rob Yang', ""Odessa A'zion"", 'David Lyons']",Nick Rowland,7.035,273,6.1111,120,/nvqW8mOm818QDio3GKKmPLK8kXj.jpg,"['Action', 'Thriller', 'Crime'] ['based on novel or book', 'on the run', 'protective father', 'broken family', 'estranged daughter', 'father daughter relationship', 'prison gang', 'traumatized child', 'father and daughter', 'young girl', 'crime', 'loss of a parent', 'fugitive life', 'escape journey', 'revenge threat'] ['Taron Egerton', 'Ana Sophia Heger', 'Rob Yang', ""Odessa A'zion"", 'David Lyons'] Nick Rowland ",0.11011590803108263,0.1601342504461133,0.11289159239471581,0.1277139169573039,0.11011590803108263,0.7035,0.0052497274375711955,0.005626482313165464,0.17565724909785455
268531,tt2091256,Captain Underpants: The First Epic Movie,Captain Underpants: The First Epic Movie,"Based on the bestselling book series, this outrageous comedy tells the story of George and Harold,  two overly imaginative pranksters who hypnotize their principal into thinking he’s an enthusiastic, yet dimwitted, superhero named Captain Underpants.",2017-06-01,"['Family', 'Comedy', 'Animation', 'Science Fiction', 'Action']","['friendship', 'based on novel or book', 'superhero', 'underwear', 'villain', 'comic book', 'school', 'principal', ""based on children's book"", 'grade school', 'sock puppet', 'suspenseful', 'excited', 'vibrant']","['Kevin Hart', 'Thomas Middleditch', 'Ed Helms', 'Nick Kroll', 'Jordan Peele']",David Soren,6.295,1350,4.3512,89,/vKSmaPct5OEeMoD8ue30RisHlKD.jpg,"['Family', 'Comedy', 'Animation', 'Science Fiction', 'Action'] ['friendship', 'based on novel or book', 'superhero', 'underwear', 'villain', 'comic book', 'school', 'principal', ""based on children's book"", 'grade school', 'sock puppet', 'suspenseful', 'excited', 'vibrant'] ['Kevin Hart', 'Thomas Middleditch', 'Ed Helms', 'Nick Kroll', 'Jordan Peele'] David Soren ",0.1414925818312491,0.12061994546505203,0.1430250377736607,0.13504585502332062,0.12061994546505203,0.6295,0.0016673329756163506,0.03280012110813948,0.17555981726960007
520763,tt8332922,A Quiet Place Part II,A Quiet Place Part II,"Following the events at home, the Abbott family now face the terrors of the outside world. Forced to venture into the unknown, they realize that the creatures that hunt by sound are not the only threats that lurk beyond the sand path.",2021-05-21,"['Science Fiction', 'Thriller', 'Horror']","['new york city', 'island', 'post-apocalyptic future', 'radio transmission', 'alien life-form', 'death of father', 'child in peril', 'sequel', 'alien', 'flashback', 'psychological thriller', 'creature', 'alien invasion', 'parenting', 'family', 'survival horror', 'alien monster', 'human vs alien', 'sign languages', 'alien attack', 'hostile', 'hearing impaired', 'newborn baby', 'anxious', 'dreary', 'quiet', 'psychological horror', 'suspenseful', 'tense', 'sci-fi horror', 'frightened']","['Emily Blunt', 'John Krasinski', 'Millicent Simmonds', 'Noah Jupe', 'Cillian Murphy']",John Krasinski,7.434,7347,8.1126,96,/4q2hz2m8hubgvijz8Ez0T2Os2Yv.jpg,"['Science Fiction', 'Thriller', 'Horror'] ['new york city', 'island', 'post-apocalyptic future', 'radio transmission', 'alien life-form', 'death of father', 'child in peril', 'sequel', 'alien', 'flashback', 'psychological thriller', 'creature', 'alien invasion', 'parenting', 'family', 'survival horror', 'alien monster', 'human vs alien', 'sign languages', 'alien attack', 'hostile', 'hearing impaired', 'newborn baby', 'anxious', 'dreary', 'quiet', 'psychological horror', 'suspenseful', 'tense', 'sci-fi horror', 'frightened'] ['Emily Blunt', 'John Krasinski', 'Millicent Simmonds', 'Noah Jupe', 'Cillian Murphy'] John Krasinski ",0.08768075639147466,0.16862942407668302,0.10994035085837421,0.1220835104421773,0.08768075639147466,0.7434000000000001,0.00932391490026943,0.18410960286622596,0.17519234257004276
10539,tt0116683,James and the Giant Peach,James and the Giant Peach,"When the young orphan boy James spills a magic bag of crocodile tongues, he finds himself in possession of a giant peach that flies him away to strange lands.",1996-04-12,"['Family', 'Animation', 'Adventure', 'Fantasy']","['new york city', 'based on novel or book', 'insect', 'england', 'magic', 'loss of loved one', 'garden', 'villain', 'musical', 'surrealism', 'aunt', 'anthropomorphism', 'stop motion', ""based on children's book"", 'hot dog', 'manhattan, new york city', 'empire state building', 'live action and animation']","['Paul Terry', 'Miriam Margolyes', 'Joanna Lumley', 'Pete Postlethwaite', 'Simon Callow']",Henry Selick,6.585,1428,3.7914,79,/vNEGobe23vW43mSPYVaVaBLP6qV.jpg,"['Family', 'Animation', 'Adventure', 'Fantasy'] ['new york city', 'based on novel or book', 'insect', 'england', 'magic', 'loss of loved one', 'garden', 'villain', 'musical', 'surrealism', 'aunt', 'anthropomorphism', 'stop motion', ""based on children's book"", 'hot dog', 'manhattan, new york city', 'empire state building', 'live action and animation'] ['Paul Terry', 'Miriam Margolyes', 'Joanna Lumley', 'Pete Postlethwaite', 'Simon Callow'] Henry Selick ",0.19815045599633235,0.09826523902485766,0.11376216656482013,0.1367259538620034,0.09826523902485766,0.6585,0.0005278225376355995,0.034768128374627845,0.17508611505889538
497582,tt7846844,Enola Holmes,Enola Holmes,"While searching for her missing mother, intrepid teen Enola Holmes uses her sleuthing skills to outsmart big brother Sherlock and help a runaway lord.",2020-09-23,"['Adventure', 'Mystery', 'Crime']","['based on novel or book', 'detective', 'child prodigy', 'victorian england', 'female protagonist', 'period drama', 'female detective', 'runaway teen', 'books', 'mother daughter relationship', 'brother sister relationship', 'sherlock holmes', 'childish love interest']","['Millie Bobby Brown', 'Henry Cavill', 'Sam Claflin', 'Helena Bonham Carter', 'Louis Partridge']",Harry Bradbeer,7.227,6537,7.5324,123,/riYInlsq2kf1AWoGm80JQW5dLKp.jpg,"['Adventure', 'Mystery', 'Crime'] ['based on novel or book', 'detective', 'child prodigy', 'victorian england', 'female protagonist', 'period drama', 'female detective', 'runaway teen', 'books', 'mother daughter relationship', 'brother sister relationship', 'sherlock holmes', 'childish love interest'] ['Millie Bobby Brown', 'Henry Cavill', 'Sam Claflin', 'Helena Bonham Carter', 'Louis Partridge'] Harry Bradbeer ",0.11076667923182816,0.1047188182462052,0.14524002893298643,0.1202418421370066,0.1047188182462052,0.7227,0.008142878894345115,0.16367260432961597,0.17488869949171804
11007,tt0349205,Cheaper by the Dozen,Cheaper by the Dozen,"The Baker brood moves to Chicago after patriarch Tom gets a job coaching football at Northwestern University, forcing his writer wife, Kate, and the couple's 12 children to make a major adjustment. The transition works well until work demands pull the parents away from home, leaving the kids bored -- and increasingly mischievous.",2003-12-24,"['Comedy', 'Family', 'Drama']","['chicago, illinois', 'husband wife relationship', 'based on novel or book', 'american football coach', 'big family', 'family relationships', 'remake', 'sibling', 'new job', 'aspiring actor', 'smart kid', 'father son relationship', 'sister sister relationship', 'large family', 'brother brother relationship']","['Steve Martin', 'Bonnie Hunt', 'Hilary Duff', 'Tom Welling', 'Piper Perabo']",Shawn Levy,6.3,2942,4.6313,98,/afclGGoQslTYFTnyW1LRMtJMiBp.jpg,"['Comedy', 'Family', 'Drama'] ['chicago, illinois', 'husband wife relationship', 'based on novel or book', 'american football coach', 'big family', 'family relationships', 'remake', 'sibling', 'new job', 'aspiring actor', 'smart kid', 'father son relationship', 'sister sister relationship', 'large family', 'brother brother relationship'] ['Steve Martin', 'Bonnie Hunt', 'Hilary Duff', 'Tom Welling', 'Piper Perabo'] Shawn Levy ",0.137195712742091,0.12004345172794346,0.13857724949159625,0.1319388046538769,0.12004345172794346,0.63,0.002237495308017937,0.0729676540344149,0.1742953913105375
1267,tt0396555,Meet the Robinsons,Meet the Robinsons,"Lewis, a brilliant young inventor, is keen on creating a time machine to find his mother, who abandoned him in an orphanage. Things take a turn when he meets Wilbur Robinson and his family.",2007-03-23,"['Animation', 'Comedy', 'Family', 'Science Fiction', 'Adventure']","['future', 'friendship', 'flying car', 'saving the world', 'based on novel or book', 'tyrannosaurus rex', 'adoption', 'villain', 'time travel', 'time machine', 'mythical creature', 'coming of age', 'best friend', 'rescue team', 'family', 'aftercreditsstinger', 'angry', 'introspective', 'witty', 'amused', 'appreciative']","['Daniel Hansen', 'Jordan Fry', 'Wesley Singerman', 'Matthew Josten', 'Stephen J. Anderson']",Stephen J. Anderson,6.938,3114,5.5785,95,/naya0zF4kT401Sx15AtwB9vpcJr.jpg,"['Animation', 'Comedy', 'Family', 'Science Fiction', 'Adventure'] ['future', 'friendship', 'flying car', 'saving the world', 'based on novel or book', 'tyrannosaurus rex', 'adoption', 'villain', 'time travel', 'time machine', 'mythical creature', 'coming of age', 'best friend', 'rescue team', 'family', 'aftercreditsstinger', 'angry', 'introspective', 'witty', 'amused', 'appreciative'] ['Daniel Hansen', 'Jordan Fry', 'Wesley Singerman', 'Matthew Josten', 'Stephen J. Anderson'] Stephen J. Anderson ",0.1413858180474296,0.09874886076602761,0.14088518683983078,0.12700662188442935,0.09874886076602761,0.6938,0.004165584423515197,0.07730736236564566,0.173355191158103
1140535,tt28249919,Presence,Presence,"A couple and their children move into a seemingly normal suburban home. When strange events occur, they begin to believe there is something else in the house with them. The presence is about to disrupt their lives in unimaginable ways.",2025-01-17,"['Drama', 'Horror', 'Thriller']","['husband wife relationship', 'new jersey', 'haunted house', 'grief', 'interracial marriage', 'psychological thriller', 'entity', 'death', 'real estate agent', 'ghost', 'found footage', 'voyeurism', 'family dynamics', 'death of best friend', 'first person view', 'mother son relationship', 'father daughter relationship', 'mother daughter relationship', 'brother sister relationship', 'supernatural horror', 'experimental cinema', 'psychological horror', 'drugging someone', 'horror', 'duchové', 'paranormální jevy', 'zlo']","['Callina Liang', 'Lucy Liu', 'Chris Sullivan', 'Eddy Maday', 'West Mulholland']",Steven Soderbergh,6.113,727,3.9784,84,/xZIGHoHj0DF0zdibwa66cRWHdHO.jpg,"['Drama', 'Horror', 'Thriller'] ['husband wife relationship', 'new jersey', 'haunted house', 'grief', 'interracial marriage', 'psychological thriller', 'entity', 'death', 'real estate agent', 'ghost', 'found footage', 'voyeurism', 'family dynamics', 'death of best friend', 'first person view', 'mother son relationship', 'father daughter relationship', 'mother daughter relationship', 'brother sister relationship', 'supernatural horror', 'experimental cinema', 'psychological horror', 'drugging someone', 'horror', 'duchové', 'paranormální jevy', 'zlo'] ['Callina Liang', 'Lucy Liu', 'Chris Sullivan', 'Eddy Maday', 'West Mulholland'] Steven Soderbergh ",0.11399113028280171,0.19100239879965777,0.10972007190390078,0.1382378669954534,0.10972007190390078,0.6113000000000001,0.0009084735771182729,0.017081293838623404,0.1732975080119109
364,tt0103776,Batman Returns,Batman Returns,"The monstrous Penguin, who dwells in the sewers beneath Gotham, joins up with corrupt mayoral candidate Max Shreck to topple the Batman once and for all. But when Shreck's timid assistant Selina Kyle finds out, and Shreck tries to kill her, she's transformed into the sexy Catwoman. She teams up with the Penguin and Shreck to destroy Batman, but sparks fly unexpectedly when she confronts the caped crusader.",1992-06-19,"['Action', 'Fantasy']","['double life', 'corruption', 'darkness', 'crime fighter', 'superhero', 'hallucination', 'villain', 'christmas tree', 'based on comic', 'revenge', 'vigilante', 'dark hero', 'super power', 'super villain', 'deformed', 'bird cage', 'evil circus', 'christmas', 'good versus evil']","['Michael Keaton', 'Danny DeVito', 'Michelle Pfeiffer', 'Christopher Walken', 'Michael Gough']",Tim Burton,6.9,7073,8.1448,126,/jKBjeXM7iBBV9UkUcOXx3m7FSHY.jpg,"['Action', 'Fantasy'] ['double life', 'corruption', 'darkness', 'crime fighter', 'superhero', 'hallucination', 'villain', 'christmas tree', 'based on comic', 'revenge', 'vigilante', 'dark hero', 'super power', 'super villain', 'deformed', 'bird cage', 'evil circus', 'christmas', 'good versus evil'] ['Michael Keaton', 'Danny DeVito', 'Michelle Pfeiffer', 'Christopher Walken', 'Michael Gough'] Tim Burton ",0.14904970281466387,0.12778771989502027,0.09654773931945043,0.12446172067637819,0.09654773931945043,0.6900000000000001,0.009389460159474465,0.1771963465711258,0.1730352770397427
414906,tt1877830,The Batman,The Batman,"In his second year of fighting crime, Batman uncovers corruption in Gotham City that connects to his own family while facing a serial killer known as the Riddler.",2022-03-01,"['Crime', 'Mystery', 'Thriller']","['police', 'psychopath', 'secret identity', 'crime fighter', 'superhero', 'nightclub', 'politician', 'based on comic', 'vigilante', 'organized crime', 'serial killer', 'millionaire', 'social injustice', 'murder investigation', 'aftercreditsstinger', 'masked superhero', 'political corruption', 'neo-noir', 'urban gothic', 'vengeance', 'mayoral election', 'wistful', 'suspenseful', 'tense', 'gloomy']","['Robert Pattinson', 'Zoë Kravitz', 'Jeffrey Wright', 'Colin Farrell', 'Paul Dano']",Matt Reeves,7.661,11881,22.2832,177,/74xTEgt7R36Fpooo50r9T25onhq.jpg,"['Crime', 'Mystery', 'Thriller'] ['police', 'psychopath', 'secret identity', 'crime fighter', 'superhero', 'nightclub', 'politician', 'based on comic', 'vigilante', 'organized crime', 'serial killer', 'millionaire', 'social injustice', 'murder investigation', 'aftercreditsstinger', 'masked superhero', 'political corruption', 'neo-noir', 'urban gothic', 'vengeance', 'mayoral election', 'wistful', 'suspenseful', 'tense', 'gloomy'] ['Robert Pattinson', 'Zoë Kravitz', 'Jeffrey Wright', 'Colin Farrell', 'Paul Dano'] Matt Reeves ",0.10604582363891907,0.14785581005162388,0.0817264583747301,0.11187603068842435,0.0817264583747301,0.7661,0.0381691214248318,0.2985063329464601,0.17278991192409604
15999,tt0216651,Vampire Hunter D: Bloodlust,吸血鬼ハンターD ブラッドラスト,"D, a legendary dhampir competes with a motley family of bounty hunters to track down Charlotte Elbourne, a young woman who has seemingly been abducted by vampire nobleman Meier Link.",2001-04-21,"['Animation', 'Fantasy', 'Horror', 'Action', 'Adventure', 'Science Fiction']","['future', 'bounty hunter', 'based on novel or book', 'chase', 'vampire', 'katana', 'post-apocalyptic future', 'gore', 'betrayal', 'tragic love', 'adult animation', 'anime', 'mutants', 'horror', 'based on light novel']","['Andrew Philpot', 'John Rafter Lee', 'Pamela Adlon', 'Wendee Lee', 'Michael McShane']",Yoshiaki Kawajiri,7.672,788,4.7658,103,/9ipbQRgOq6Ilxpwagfa98ikgR9v.jpg,"['Animation', 'Fantasy', 'Horror', 'Action', 'Adventure', 'Science Fiction'] ['future', 'bounty hunter', 'based on novel or book', 'chase', 'vampire', 'katana', 'post-apocalyptic future', 'gore', 'betrayal', 'tragic love', 'adult animation', 'anime', 'mutants', 'horror', 'based on light novel'] ['Andrew Philpot', 'John Rafter Lee', 'Pamela Adlon', 'Wendee Lee', 'Michael McShane'] Yoshiaki Kawajiri ",0.13024132210368444,0.10315714812321164,0.1124310815488012,0.11527651725856576,0.10315714812321164,0.7672,0.002511279077057612,0.01862037644446687,0.17272891174391114
18239,tt1259571,The Twilight Saga: New Moon,The Twilight Saga: New Moon,"Forks, Washington resident Bella Swan is reeling from the departure of her vampire love, Edward Cullen, and finds comfort in her friendship with Jacob Black, a werewolf. But before she knows it, she's thrust into a centuries-old conflict, and her desire to be with Edward at any cost leads her to take greater and greater risks.",2009-11-18,"['Adventure', 'Fantasy', 'Drama', 'Romance']","['moon', 'based on novel or book', 'vampire', 'teen movie', 'werewolf', 'interspecies romance', 'based on young adult novel', 'supernatural power', 'good versus evil', 'vampire human love']","['Kristen Stewart', 'Robert Pattinson', 'Taylor Lautner', 'Dakota Fanning', 'Michael Sheen']",Chris Weitz,6.0,9726,8.7668,131,/k2qTooPlHffgNABNWxeJdGMglPK.jpg,"['Adventure', 'Fantasy', 'Drama', 'Romance'] ['moon', 'based on novel or book', 'vampire', 'teen movie', 'werewolf', 'interspecies romance', 'based on young adult novel', 'supernatural power', 'good versus evil', 'vampire human love'] ['Kristen Stewart', 'Robert Pattinson', 'Taylor Lautner', 'Dakota Fanning', 'Michael Sheen'] Chris Weitz ",0.12844308293755305,0.08982790941082464,0.19038182520098246,0.1362176058497867,0.08982790941082464,0.6,0.010655582868341966,0.24413382449412122,0.17170936966045897
411,tt0363771,"The Chronicles of Narnia: The Lion, the Witch and the Wardrobe","The Chronicles of Narnia: The Lion, the Witch and the Wardrobe","Siblings Lucy, Edmund, Susan and Peter step through a magical wardrobe and find the land of Narnia. There, they discover a charming, once peaceful kingdom that has been plunged into eternal winter by the evil White Witch, Jadis. Aided by the wise and magnificent lion, Aslan, the children lead Narnia into a spectacular, climactic battle to be free of the Witch's glacial powers forever.",2005-12-07,"['Adventure', 'Family', 'Fantasy']","['witch', 'sibling relationship', 'saving the world', 'based on novel or book', 'self sacrifice', 'winter', 'fairy tale', 'allegory', 'cupboard', 'beaver', 'lion', 'surrealism', 'battle', ""based on children's book"", 'fantasy world', 'duringcreditsstinger', '1940s', 'high fantasy', 'based on young adult novel', 'faun', 'good versus evil']","['William Moseley', 'Anna Popplewell', 'Skandar Keynes', 'Georgie Henley', 'Liam Neeson']",Andrew Adamson,7.135,11465,13.416,143,/iREd0rNCjYdf5Ar0vfaW32yrkm.jpg,"['Adventure', 'Family', 'Fantasy'] ['witch', 'sibling relationship', 'saving the world', 'based on novel or book', 'self sacrifice', 'winter', 'fairy tale', 'allegory', 'cupboard', 'beaver', 'lion', 'surrealism', 'battle', ""based on children's book"", 'fantasy world', 'duringcreditsstinger', '1940s', 'high fantasy', 'based on young adult novel', 'faun', 'good versus evil'] ['William Moseley', 'Anna Popplewell', 'Skandar Keynes', 'Georgie Henley', 'Liam Neeson'] Andrew Adamson ",0.13971289688401997,0.08370666659654799,0.1323247250082632,0.11858142949627705,0.08370666659654799,0.7135,0.020119341225362516,0.2880102941918555,0.17153304861248767
748783,tt5779228,The Garfield Movie,The Garfield Movie,"Garfield, the world-famous, Monday-hating, lasagna-loving indoor cat, is about to have a wild outdoor adventure! After an unexpected reunion with his long-lost father – scruffy street cat Vic – Garfield and his canine friend Odie are forced from their perfectly pampered life into joining Vic in a hilarious, high-stakes heist.",2024-04-30,"['Family', 'Comedy', 'Adventure', 'Animation']","['friendship', 'cat', 'villain', 'based on comic', 'lasagna', 'computer animation', 'based on cartoon', 'food', 'dog', 'female villain', 'aftercreditsstinger', 'father son relationship', 'adaptation']","['Chris Pratt', 'Samuel L. Jackson', 'Hannah Waddingham', 'Ving Rhames', 'Nicholas Hoult']",Mark Dindal,7.0,1431,9.8835,101,/xYduFGuch9OwbCOEUiamml18ZoB.jpg,"['Family', 'Comedy', 'Adventure', 'Animation'] ['friendship', 'cat', 'villain', 'based on comic', 'lasagna', 'computer animation', 'based on cartoon', 'food', 'dog', 'female villain', 'aftercreditsstinger', 'father son relationship', 'adaptation'] ['Chris Pratt', 'Samuel L. Jackson', 'Hannah Waddingham', 'Ving Rhames', 'Nicholas Hoult'] Mark Dindal ",0.14418114193345064,0.10432207388209776,0.11830362359445934,0.12226894647000258,0.10432207388209776,0.7,0.0129287005998409,0.03484382096180048,0.17142396741915247
284053,tt3501632,Thor: Ragnarok,Thor: Ragnarok,"Thor is imprisoned on the other side of the universe and finds himself in a race against time to get back to Asgard to stop Ragnarok, the destruction of his home-world and the end of Asgardian civilization, at the hands of a powerful new threat, the ruthless Hela.",2017-10-02,"['Action', 'Science Fiction', 'Comedy']","['superhero', 'death of father', 'based on comic', 'sequel', 'alien planet', 'female villain', 'norse mythology', 'aftercreditsstinger', 'duringcreditsstinger', 'marvel cinematic universe (mcu)', 'mysterious', 'norse god', 'familiar', 'ominous']","['Chris Hemsworth', 'Mark Ruffalo', 'Tom Hiddleston', 'Cate Blanchett', 'Idris Elba']",Taika Waititi,7.581,21964,14.4789,131,/rzRwTcFvttcN1ZpX2xv4j3tSdJu.jpg,"['Action', 'Science Fiction', 'Comedy'] ['superhero', 'death of father', 'based on comic', 'sequel', 'alien planet', 'female villain', 'norse mythology', 'aftercreditsstinger', 'duringcreditsstinger', 'marvel cinematic universe (mcu)', 'mysterious', 'norse god', 'familiar', 'ominous'] ['Chris Hemsworth', 'Mark Ruffalo', 'Tom Hiddleston', 'Cate Blanchett', 'Idris Elba'] Taika Waititi ",0.09625151329805802,0.09763481116153308,0.10312482474029144,0.09900371639996085,0.09625151329805802,0.7581,0.022282945449245577,0.5529091184336681,0.17113938905173687
46529,tt1464540,I Am Number Four,I Am Number Four,"A teenage fugitive with an incredible secret races to stay one step ahead of the mysterious forces seeking destroy him in this sci-fi action thriller. With three dead and one on the run, the race to find the elusive Number Four begins. Outwardly normal teen John Smith never gets too comfortable in the same identity, and along with his guardian, Henri, he is constantly moving from town to town. With each passing day, John gains a stronger grasp on his extraordinary new powers, and his bond to the beings that share his fantastic fate grows stronger.",2011-02-18,"['Action', 'Thriller', 'Science Fiction', 'Adventure']","['based on novel or book', 'secret identity', 'heroism', 'alien', 'teenage boy', 'super power', 'teenage hero', 'interspecies romance', 'based on young adult novel', 'teenager', 'suspenseful', 'bold']","['Alex Pettyfer', 'Dianna Agron', 'Teresa Palmer', 'Timothy Olyphant', 'Kevin Durand']",D.J. Caruso,6.176,4963,4.1929,109,/2NrP3h3GEsrPXX60bmjKuYWAvl9.jpg,"['Action', 'Thriller', 'Science Fiction', 'Adventure'] ['based on novel or book', 'secret identity', 'heroism', 'alien', 'teenage boy', 'super power', 'teenage hero', 'interspecies romance', 'based on young adult novel', 'teenager', 'suspenseful', 'bold'] ['Alex Pettyfer', 'Dianna Agron', 'Teresa Palmer', 'Timothy Olyphant', 'Kevin Durand'] D.J. Caruso ",0.1098991788234011,0.11151809461475583,0.17014112264482914,0.13051946536099535,0.1098991788234011,0.6176,0.0013451027106425146,0.12395922692637634,0.17109702586917402
14919,tt0106364,Batman: Mask of the Phantasm,Batman: Mask of the Phantasm,"Andrea Beaumont leaves her father to return to Gotham, rekindling an old romance with Bruce Wayne. At the same time, a mysterious figure begins to hunt down Gotham's criminals, wrongly implicating Batman in the murders. Now on the run from the law, Batman must find and stop the culprit, while also navigating his relationship with Andrea.",1993-12-25,"['Animation', 'Crime', 'Mystery']","['secret identity', 'superhero', 'cartoon', 'based on comic', 'organized crime', 'based on cartoon', 'urban setting', 'super power', 'adult animation', 'super villain', 'neo-noir', 'action noir', 'vigilante justice', 'good versus evil', 'dc animated universe (dcau)']","['Kevin Conroy', 'Dana Delany', 'Hart Bochner', 'Stacy Keach', 'Mark Hamill']",Bruce Timm,7.496,1239,4.3352,76,/hT4ehUteagUrhUOHAtmYiY7mp5l.jpg,"['Animation', 'Crime', 'Mystery'] ['secret identity', 'superhero', 'cartoon', 'based on comic', 'organized crime', 'based on cartoon', 'urban setting', 'super power', 'adult animation', 'super villain', 'neo-noir', 'action noir', 'vigilante justice', 'good versus evil', 'dc animated universe (dcau)'] ['Kevin Conroy', 'Dana Delany', 'Hart Bochner', 'Stacy Keach', 'Mark Hamill'] Bruce Timm ",0.13341846844590155,0.11608032979690805,0.09883938351462053,0.11611272725247672,0.09883938351462053,0.7496,0.0016347639027194374,0.02999949538275218,0.17085018224177065
391713,tt4925292,Lady Bird,Lady Bird,"Lady Bird McPherson, a strong willed, deeply opinionated, artistic 17 year old comes of age in Sacramento. Her relationship with her mother and her upbringing are questioned and tested as she plans to head off to college.",2017-09-01,"['Drama', 'Comedy']","['friendship', 'loss of virginity', 'coming of age', 'teen angst', 'high school graduation', 'teenage girl', 'best friend', 'loss of job', 'high school student', 'catholic school', 'first love', 'semi autobiographical', 'sacramento', 'woman director', 'father daughter relationship', 'mother daughter relationship', 'college applications', '2000s', 'inspirational']","['Saoirse Ronan', 'Laurie Metcalf', 'Tracy Letts', 'Lucas Hedges', 'Timothée Chalamet']",Greta Gerwig,7.251,9001,6.5906,94,/gl66K7zRdtNYGrxyS2YDUP5ASZd.jpg,"['Drama', 'Comedy'] ['friendship', 'loss of virginity', 'coming of age', 'teen angst', 'high school graduation', 'teenage girl', 'best friend', 'loss of job', 'high school student', 'catholic school', 'first love', 'semi autobiographical', 'sacramento', 'woman director', 'father daughter relationship', 'mother daughter relationship', 'college applications', '2000s', 'inspirational'] ['Saoirse Ronan', 'Laurie Metcalf', 'Tracy Letts', 'Lucas Hedges', 'Timothée Chalamet'] Greta Gerwig ",0.08839825834143665,0.10904805027750186,0.1519468869707939,0.1164643985299108,0.08839825834143665,0.7251000000000001,0.0062257818409505615,0.22584144926073574,0.1705951131531726
363088,tt5095030,Ant-Man and the Wasp,Ant-Man and the Wasp,"Just when his time under house arrest is about to end, Scott Lang once again puts his freedom at risk to help Hope van Dyne and Dr. Hank Pym dive into the quantum realm and try to accomplish, against time and any chance of success, a very dangerous rescue mission.",2018-07-04,"['Action', 'Adventure', 'Science Fiction']","['van', 'dreams', 'insect', 'flying', 'chase', 'fight', 'superhero', 'ant', 'nuclear missile', 'shrinking', 'based on comic', 'giant insect', 'sequel', 'flashback', 'house arrest', 'alternate dimension', 'tragic villain', 'laboratory', 'fugitive', 'school', 'miniaturization', 'montage', 'toy car', 'giant man', 'female villain', 'aftercreditsstinger', 'duringcreditsstinger', 'marvel cinematic universe (mcu)', 'giant', 'action hero', 'father daughter relationship', 'mother daughter relationship']","['Paul Rudd', 'Evangeline Lilly', 'Michael Douglas', 'Hannah John-Kamen', 'Randall Park']",Peyton Reed,6.9,14151,8.6146,119,/2mnK5VtjzYRWvQB1zLhZWtAJwzk.jpg,"['Action', 'Adventure', 'Science Fiction'] ['van', 'dreams', 'insect', 'flying', 'chase', 'fight', 'superhero', 'ant', 'nuclear missile', 'shrinking', 'based on comic', 'giant insect', 'sequel', 'flashback', 'house arrest', 'alternate dimension', 'tragic villain', 'laboratory', 'fugitive', 'school', 'miniaturization', 'montage', 'toy car', 'giant man', 'female villain', 'aftercreditsstinger', 'duringcreditsstinger', 'marvel cinematic universe (mcu)', 'giant', 'action hero', 'father daughter relationship', 'mother daughter relationship'] ['Paul Rudd', 'Evangeline Lilly', 'Michael Douglas', 'Hannah John-Kamen', 'Randall Park'] Peyton Reed ",0.09509372529100822,0.1388308743563796,0.11224740841551199,0.11539066935429994,0.09509372529100822,0.6900000000000001,0.010345769562410078,0.3557803905737498,0.1704486610368439
38055,tt1001526,Megamind,Megamind,"After Megamind, a highly intelligent alien supervillain, defeats his long-time nemesis Metro Man, Megamind creates a new hero to fight, but must act to save the city when his ""creation"" becomes an even worse villain than he was.",2010-10-28,"['Animation', 'Action', 'Comedy', 'Family', 'Science Fiction']","['prison', 'fish', 'saving the world', 'date', 'gun', 'secret identity', 'superhero', 'anti hero', 'dna', 'mayor', 'museum', 'rain', 'villain', 'one-sided love', 'anthropomorphism', 'reporter', 'super villain', 'aftercreditsstinger', 'duringcreditsstinger', 'mysterious', 'alien baby', 'stronger villain', 'malicious', 'invincible']","['Will Ferrell', 'Brad Pitt', 'Tina Fey', 'Jonah Hill', 'David Cross']",Tom McGrath,7.023,7449,9.3794,96,/uZ9ytt3sPTx62XTfN56ILSuYWRe.jpg,"['Animation', 'Action', 'Comedy', 'Family', 'Science Fiction'] ['prison', 'fish', 'saving the world', 'date', 'gun', 'secret identity', 'superhero', 'anti hero', 'dna', 'mayor', 'museum', 'rain', 'villain', 'one-sided love', 'anthropomorphism', 'reporter', 'super villain', 'aftercreditsstinger', 'duringcreditsstinger', 'mysterious', 'alien baby', 'stronger villain', 'malicious', 'invincible'] ['Will Ferrell', 'Brad Pitt', 'Tina Fey', 'Jonah Hill', 'David Cross'] Tom McGrath ",0.12500935330892507,0.10378434071582042,0.11885565012171616,0.11588311471548722,0.10378434071582042,0.7022999999999999,0.01190257124688253,0.18668315083009537,0.1704016328622392
856,tt0096438,Who Framed Roger Rabbit,Who Framed Roger Rabbit,"'Toon star Roger is worried that his wife Jessica is playing pattycake with someone else, so the studio hires detective Eddie Valiant to snoop on her. But the stakes are quickly raised when Marvin Acme is found dead and Roger is the prime suspect.",1988-06-22,"['Fantasy', 'Animation', 'Comedy', 'Crime']","['lovesickness', 'based on novel or book', 'falsely accused', 'movie business', 'innocence', 'suspicion of murder', 'cartoon', 'villain', 'mental breakdown', 'melancholy', 'whodunit', 'los angeles, california', 'private detective', 'movie star', 'cartoon rabbit', 'neo-noir', '1940s', 'live action and animation', 'dreary', 'cheerful', 'shaggy dog story']","['Bob Hoskins', 'Christopher Lloyd', 'Joanna Cassidy', 'Charles Fleischer', 'Kathleen Turner']",Robert Zemeckis,7.538,6156,6.2335,104,/lYfRc57Kx9VgLZ48iulu0HKnM15.jpg,"['Fantasy', 'Animation', 'Comedy', 'Crime'] ['lovesickness', 'based on novel or book', 'falsely accused', 'movie business', 'innocence', 'suspicion of murder', 'cartoon', 'villain', 'mental breakdown', 'melancholy', 'whodunit', 'los angeles, california', 'private detective', 'movie star', 'cartoon rabbit', 'neo-noir', '1940s', 'live action and animation', 'dreary', 'cheerful', 'shaggy dog story'] ['Bob Hoskins', 'Christopher Lloyd', 'Joanna Cassidy', 'Charles Fleischer', 'Kathleen Turner'] Robert Zemeckis ",0.11458588567708086,0.1284561074740336,0.0931193820318372,0.11205379172765055,0.0931193820318372,0.7538,0.005498880845232581,0.15405964575869202,0.17008500036987112
10674,tt0120762,Mulan,Mulan,"When Imperial China calls one man from every family to defend the empire from invading Huns, a young woman disguises herself as a soldier to take her ailing father’s place. Facing ruthless invaders, brutal training, and the risk of execution if discovered, she must decide who she truly is— and what she’s willing to fight for.",1998-06-18,"['Animation', 'Family', 'Adventure']","['princess', 'daughter', 'china', 'homeland', 'villain', 'musical', 'sexism', 'training', 'cricket', 'female protagonist', 'dragon', 'east asian lead', 'war hero', 'based on song, poem or rhyme', 'luck', 'great wall of china', 'gender disguise', 'based on fairy tale', 'female warrior', 'hand drawn animation', 'father daughter relationship', 'action comedy', 'woman disguised as man', 'celebratory']","['Ming-Na Wen', 'Eddie Murphy', 'BD Wong', 'Miguel Ferrer', 'Harvey Fierstein']",Tony Bancroft,7.901,10384,13.2808,88,/jAbexAtB0aSfP5Ay4TpWHARyVnG.jpg,"['Animation', 'Family', 'Adventure'] ['princess', 'daughter', 'china', 'homeland', 'villain', 'musical', 'sexism', 'training', 'cricket', 'female protagonist', 'dragon', 'east asian lead', 'war hero', 'based on song, poem or rhyme', 'luck', 'great wall of china', 'gender disguise', 'based on fairy tale', 'female warrior', 'hand drawn animation', 'father daughter relationship', 'action comedy', 'woman disguised as man', 'celebratory'] ['Ming-Na Wen', 'Eddie Murphy', 'BD Wong', 'Miguel Ferrer', 'Harvey Fierstein'] Tony Bancroft ",0.148414162521625,0.08255587013259673,0.08434921375309112,0.10510641546910428,0.08255587013259673,0.7901,0.019844132559383595,0.260735731947318,0.16965038269716498
1197137,tt29644189,Black Phone 2,Black Phone 2,"Four years after defeating The Grabber, Finney Blake is struggling with life after captivity. When his younger sister Gwen begins receiving calls in her dreams from the Black Phone and seeing disturbing visions of three boys being stalked at a winter camp, the siblings become determined to solve the mystery and confront a killer who has grown more powerful in death and more significant to them than either could imagine.",2025-10-15,"['Horror', 'Thriller']","['mask', 'child abuse', 'dreams', 'sibling relationship', 'winter', 'child murder', 'supernatural', 'rocky mountains', 'colorado', 'sequel', 'murder', 'domestic abuse', 'serial killer', 'snow', 'camp', 'slasher', 'based on short story', 'child kidnapping', '1980s', '1950s', 'masked villain', 'brother sister relationship', 'masked', 'supernatural horror', 'christian faith', 'psychological horror', 'nightmares', 'teen horror', 'horror', 'frozen lake']","['Ethan Hawke', 'Mason Thames', 'Madeleine McGraw', 'Demián Bichir', 'Miguel Mora']",Scott Derrickson,6.69,1068,14.2898,114,/gFddBLQ8wj9M9O82iPzgX5KVNHz.jpg,"['Horror', 'Thriller'] ['mask', 'child abuse', 'dreams', 'sibling relationship', 'winter', 'child murder', 'supernatural', 'rocky mountains', 'colorado', 'sequel', 'murder', 'domestic abuse', 'serial killer', 'snow', 'camp', 'slasher', 'based on short story', 'child kidnapping', '1980s', '1950s', 'masked villain', 'brother sister relationship', 'masked', 'supernatural horror', 'christian faith', 'psychological horror', 'nightmares', 'teen horror', 'horror', 'frozen lake'] ['Ethan Hawke', 'Mason Thames', 'Madeleine McGraw', 'Demián Bichir', 'Miguel Mora'] Scott Derrickson ",0.11887699784427552,0.17858587085213326,0.08892483367591414,0.12879590079077433,0.08892483367591414,0.669,0.021898019718945186,0.025685017913912297,0.16957294319903274
429617,tt6320628,Spider-Man: Far From Home,Spider-Man: Far From Home,"Peter Parker and his friends go on a summer trip to Europe. However, they will hardly be able to rest - Peter will have to agree to help Nick Fury uncover the mystery of creatures that cause natural disasters and destruction throughout the continent.",2019-06-28,"['Action', 'Adventure', 'Science Fiction']","['venice, italy', 'secret identity', 'superhero', 'school trip', 'europe', 'based on comic', 'sequel', 'travel', 'aftercreditsstinger', 'duringcreditsstinger', 'marvel cinematic universe (mcu)', 'masked superhero', 'tower of london', 'teen superhero']","['Tom Holland', 'Jake Gyllenhaal', 'Samuel L. Jackson', 'Marisa Tomei', 'Jon Favreau']",Jon Watts,7.397,16911,19.8257,129,/4q2NNj4S5dG2RLF9CpXsej7yXl.jpg,"['Action', 'Adventure', 'Science Fiction'] ['venice, italy', 'secret identity', 'superhero', 'school trip', 'europe', 'based on comic', 'sequel', 'travel', 'aftercreditsstinger', 'duringcreditsstinger', 'marvel cinematic universe (mcu)', 'masked superhero', 'tower of london', 'teen superhero'] ['Tom Holland', 'Jake Gyllenhaal', 'Samuel L. Jackson', 'Marisa Tomei', 'Jon Favreau'] Jon Watts ",0.09889373408959684,0.10082645645678573,0.10510077977967971,0.10160699010868741,0.09889373408959684,0.7397,0.03316671538457155,0.42541757077256903,0.16929664326555474
1175942,tt30017619,The Bad Guys 2,The Bad Guys 2,"The now-reformed Bad Guys are trying (very, very hard) to be good, but instead find themselves hijacked into a high-stakes, globe-trotting heist, masterminded by a new team of criminals they never saw coming: The Bad Girls.",2025-07-24,"['Family', 'Comedy', 'Crime', 'Adventure', 'Animation']","['california', 'based on novel or book', 'snake', 'police', 'wolf', 'fight', 'spider', 'villain', 'sequel', 'heist', 'anthropomorphism', 'space', 'los angeles, california', 'wedding', 'space station', 'framed for a crime', 'luchador', 'joyful']","['Sam Rockwell', 'Marc Maron', 'Awkwafina', 'Craig Robinson', 'Anthony Ramos']",Pierre Perifel,7.7,774,22.2252,104,/26oSPnq0ct59l07QOXZKyzsiRtN.jpg,"['Family', 'Comedy', 'Crime', 'Adventure', 'Animation'] ['california', 'based on novel or book', 'snake', 'police', 'wolf', 'fight', 'spider', 'villain', 'sequel', 'heist', 'anthropomorphism', 'space', 'los angeles, california', 'wedding', 'space station', 'framed for a crime', 'luchador', 'joyful'] ['Sam Rockwell', 'Marc Maron', 'Awkwafina', 'Craig Robinson', 'Anthony Ramos'] Pierre Perifel ",0.0902058546145807,0.09363492226869936,0.15111045706118884,0.11165041131482296,0.0902058546145807,0.77,0.038051058535580495,0.018267144370994602,0.16912081292103837
10528,tt0988045,Sherlock Holmes,Sherlock Holmes,Eccentric consulting detective Sherlock Holmes and Doctor John Watson battle to bring down a new nemesis and unravel a deadly plot that could destroy England.,2009-12-23,"['Adventure', 'Crime', 'Mystery']","['london, england', 'based on novel or book', 'detective', 'scotland yard', 'coffin', 'pentagram', 'black magic', 'arrest', 'partner', 'murder', 'serial killer', 'steampunk', 'whodunit', 'buddy', 'clue', 'observation', '19th century', 'victorian era', 'mischievous', 'sherlock holmes', 'suspenseful', 'mystery', 'amused', 'whodunnit']","['Robert Downey Jr.', 'Jude Law', 'Rachel McAdams', 'Mark Strong', 'Eddie Marsan']",Guy Ritchie,7.219,14743,8.6112,129,/momkKuWburNTqKBF6ez7rvhYVhE.jpg,"['Adventure', 'Crime', 'Mystery'] ['london, england', 'based on novel or book', 'detective', 'scotland yard', 'coffin', 'pentagram', 'black magic', 'arrest', 'partner', 'murder', 'serial killer', 'steampunk', 'whodunit', 'buddy', 'clue', 'observation', '19th century', 'victorian era', 'mischievous', 'sherlock holmes', 'suspenseful', 'mystery', 'amused', 'whodunnit'] ['Robert Downey Jr.', 'Jude Law', 'Rachel McAdams', 'Mark Strong', 'Eddie Marsan'] Guy Ritchie ",0.0953803090981488,0.13032720631263417,0.09605535345003224,0.10725428962027174,0.0953803090981488,0.7219,0.010338848634419485,0.3707170611091487,0.16870585675402197
1062722,tt1312221,Frankenstein,Frankenstein,"Dr. Victor Frankenstein, a brilliant but egotistical scientist, brings a creature to life in a monstrous experiment that ultimately leads to the undoing of both the creator and his tragic creation.",2025-10-17,"['Drama', 'Fantasy', 'Horror']","['monster', 'based on novel or book', 'supernatural', 'identity crisis', 'surgeon', 'mad scientist', 'reanimation', 'gothic horror', 'father son relationship', 'mother son relationship', 'frankenstein', 'excited', 'tragic creature', 'moral transgression', 'forbidden science', 'unnatural life']","['Oscar Isaac', 'Jacob Elordi', 'Christoph Waltz', 'Mia Goth', 'Felix Kammerer']",Guillermo del Toro,7.644,3411,20.018,150,/g4JtvGlQO7DByTI6frUobqvSL3R.jpg,"['Drama', 'Fantasy', 'Horror'] ['monster', 'based on novel or book', 'supernatural', 'identity crisis', 'surgeon', 'mad scientist', 'reanimation', 'gothic horror', 'father son relationship', 'mother son relationship', 'frankenstein', 'excited', 'tragic creature', 'moral transgression', 'forbidden science', 'unnatural life'] ['Oscar Isaac', 'Jacob Elordi', 'Christoph Waltz', 'Mia Goth', 'Felix Kammerer'] Guillermo del Toro ",0.10618925902401753,0.11787112502076573,0.09817142629931547,0.10741060344803292,0.09817142629931547,0.7644,0.03355815492945132,0.08480092849573598,0.16859394071888276
23483,tt1250777,Kick-Ass,Kick-Ass,"Dave Lizewski is an unnoticed high school student and comic book fan who one day decides to become a super-hero, even though he has no powers, training or meaningful reason to do so.",2010-03-26,"['Action', 'Crime']","['hero', 'secret identity', 'crime fighter', 'superhero', 'dark comedy', 'comic book', 'based on comic', 'murder', 'mafia', 'family', 'realism', 'mist', 'adventurer', 'rookie', 'young heroes', 'aggressive', 'young adult', 'criminal heroes', 'pretending to be gay', 'intense', 'powerful']","['Aaron Taylor-Johnson', 'Chloë Grace Moretz', 'Nicolas Cage', 'Lyndsy Fonseca', 'Mark Strong']",Matthew Vaughn,7.125,12354,8.1487,118,/iHMbrTHJwocsNvo5murCBw0CwTo.jpg,"['Action', 'Crime'] ['hero', 'secret identity', 'crime fighter', 'superhero', 'dark comedy', 'comic book', 'based on comic', 'murder', 'mafia', 'family', 'realism', 'mist', 'adventurer', 'rookie', 'young heroes', 'aggressive', 'young adult', 'criminal heroes', 'pretending to be gay', 'intense', 'powerful'] ['Aaron Taylor-Johnson', 'Chloë Grace Moretz', 'Nicolas Cage', 'Lyndsy Fonseca', 'Mark Strong'] Matthew Vaughn ",0.1075620151763366,0.13050534928509713,0.09196243747791466,0.1100099339797828,0.09196243747791466,0.7125,0.009397398870993088,0.3104405308573447,0.16763967716571848
1771,tt0458339,Captain America: The First Avenger,Captain America: The First Avenger,"During World War II, Steve Rogers is a sickly man from Brooklyn who's transformed into super-soldier Captain America to aid in the war effort. Rogers must stop the Red Skull – Adolf Hitler's ruthless head of weaponry, and the leader of an organization that intends to use a mysterious device of untold powers for world domination.",2011-07-22,"['Action', 'Adventure', 'Science Fiction']","['new york city', 'nazi', 'superhero', 'world war ii', 'heroism', 'based on comic', 'super soldier', 'brooklyn, new york city', 'aftercreditsstinger', 'marvel cinematic universe (mcu)', 'origin story', 'soldiers', 'war', 'admiring', 'celebratory', 'earnest', 'aspirational']","['Chris Evans', 'Hayley Atwell', 'Sebastian Stan', 'Tommy Lee Jones', 'Hugo Weaving']",Joe Johnston,7.0,22685,8.1503,124,/vSNxAJTlD0r02V9sPYpOjqDZXUK.jpg,"['Action', 'Adventure', 'Science Fiction'] ['new york city', 'nazi', 'superhero', 'world war ii', 'heroism', 'based on comic', 'super soldier', 'brooklyn, new york city', 'aftercreditsstinger', 'marvel cinematic universe (mcu)', 'origin story', 'soldiers', 'war', 'admiring', 'celebratory', 'earnest', 'aspirational'] ['Chris Evans', 'Hayley Atwell', 'Sebastian Stan', 'Tommy Lee Jones', 'Hugo Weaving'] Joe Johnston ",0.11777337365403705,0.09755084186353834,0.09322948197451868,0.10285123249736468,0.09322948197451868,0.7,0.00940065577828278,0.5711005702174901,0.16720322859588904
7980,tt0380510,The Lovely Bones,The Lovely Bones,"After being brutally murdered, 14-year-old Susie Salmon watches from heaven over her grief-stricken family -- and her killer. As she observes their daily lives, she must balance her thirst for revenge with her desire for her family to heal.",2009-12-26,"['Fantasy', 'Drama']","['rape', 'based on novel or book', 'afterlife', 'loss of loved one', 'tree', '1970s', 'melancholy', 'serial killer', 'corpse', 'pedophile', 'teenage love', 'grieving', 'childhood sexual abuse', 'based on young adult novel']","['Saoirse Ronan', 'Mark Wahlberg', 'Rachel Weisz', 'Susan Sarandon', 'Stanley Tucci']",Peter Jackson,7.058,4927,6.0477,136,/sn0iDphRxQ7I6aLd9igIgACITak.jpg,"['Fantasy', 'Drama'] ['rape', 'based on novel or book', 'afterlife', 'loss of loved one', 'tree', '1970s', 'melancholy', 'serial killer', 'corpse', 'pedophile', 'teenage love', 'grieving', 'childhood sexual abuse', 'based on young adult novel'] ['Saoirse Ronan', 'Mark Wahlberg', 'Rachel Weisz', 'Susan Sarandon', 'Stanley Tucci'] Peter Jackson ",0.11529513419359792,0.12654345714413381,0.0988596705775734,0.1135660873051017,0.0988596705775734,0.7058,0.005120672486217176,0.12305091588030478,0.1667845293560234
2454,tt0499448,The Chronicles of Narnia: Prince Caspian,The Chronicles of Narnia: Prince Caspian,"One year after their incredible adventures in the Lion, the Witch and the Wardrobe, Peter, Edmund, Lucy and Susan Pevensie return to Narnia to aid a young prince whose life has been threatened by the evil King Miraz. Now, with the help of a colorful cast of new characters, including Trufflehunter the badger and Nikabrik the dwarf, the Pevensie clan embarks on an incredible quest to ensure that Narnia is returned to its rightful heir.",2008-05-15,"['Adventure', 'Family', 'Fantasy']","['witch', 'sibling relationship', 'based on novel or book', 'faith', 'allegory', 'lion', 'wretch', 'prince', 'matter of life and death', 'uncle', 'family relationships', 'sequel', 'battle', ""based on children's book"", 'fantasy world', '1940s', 'high fantasy', 'isekai', 'based on young adult novel', 'good versus evil']","['William Moseley', 'Anna Popplewell', 'Skandar Keynes', 'Georgie Henley', 'Ben Barnes']",Andrew Adamson,6.6,6752,6.8206,150,/qxz3WIyjZiSKUhaTIEJ3c1GcC9z.jpg,"['Adventure', 'Family', 'Fantasy'] ['witch', 'sibling relationship', 'based on novel or book', 'faith', 'allegory', 'lion', 'wretch', 'prince', 'matter of life and death', 'uncle', 'family relationships', 'sequel', 'battle', ""based on children's book"", 'fantasy world', '1940s', 'high fantasy', 'isekai', 'based on young adult novel', 'good versus evil'] ['William Moseley', 'Anna Popplewell', 'Skandar Keynes', 'Georgie Henley', 'Ben Barnes'] Andrew Adamson ",0.12938550922378994,0.0846591217704647,0.15454584338502095,0.12286349145975854,0.0846591217704647,0.6599999999999999,0.006693962263843688,0.16909723974365443,0.1663758574657244
384018,tt6806448,Fast & Furious Presents: Hobbs & Shaw,Fast & Furious Presents: Hobbs & Shaw,"Ever since US Diplomatic Security Service Agent Hobbs and lawless outcast Shaw first faced off, they just have traded smack talk and body blows. But when cyber-genetically enhanced anarchist Brixton's ruthless actions threaten the future of humanity, they join forces to defeat him.",2019-07-31,"['Action', 'Adventure', 'Comedy']","['london, england', 'biological weapon', 'secret organization', 'family clan', 'friends', 'spin off', 'family reunion', 'buddy comedy', 'aftercreditsstinger', 'duringcreditsstinger', 'mother son relationship', 'father daughter relationship', 'brother sister relationship']","['Dwayne Johnson', 'Jason Statham', 'Idris Elba', 'Vanessa Kirby', 'Helen Mirren']",David Leitch,6.832,7733,10.0454,137,/qRyy2UmjC5ur9bDi3kpNNRCc5nc.jpg,"['Action', 'Adventure', 'Comedy'] ['london, england', 'biological weapon', 'secret organization', 'family clan', 'friends', 'spin off', 'family reunion', 'buddy comedy', 'aftercreditsstinger', 'duringcreditsstinger', 'mother son relationship', 'father daughter relationship', 'brother sister relationship'] ['Dwayne Johnson', 'Jason Statham', 'Idris Elba', 'Vanessa Kirby', 'Helen Mirren'] David Leitch ",0.08363251163959977,0.11372620138297446,0.15639511727575223,0.1179179434327755,0.08363251163959977,0.6832,0.013258258906216543,0.1938487157491043,0.1659678876413926
502356,tt6718170,The Super Mario Bros. Movie,The Super Mario Bros. Movie,"While working underground to fix a water main, Brooklyn plumbers—and brothers—Mario and Luigi are transported down a mysterious pipe and wander into a magical new world. But when the brothers are separated, Mario embarks on an epic quest to find Luigi.",2023-04-05,"['Family', 'Comedy', 'Adventure', 'Fantasy', 'Animation']","['gorilla', 'plumber', 'villain', 'anthropomorphism', 'based on video game', 'nostalgic', 'toad', 'aftercreditsstinger', 'duringcreditsstinger', 'damsel in distress', 'piano', 'brother brother relationship', '3d animation', 'evil king']","['Chris Pratt', 'Anya Taylor-Joy', 'Charlie Day', 'Jack Black', 'Keegan-Michael Key']",Aaron Horvath,7.596,10654,42.9236,93,/qNBAXBIQlnOThrVvA6mA2B5ggV6.jpg,"['Family', 'Comedy', 'Adventure', 'Fantasy', 'Animation'] ['gorilla', 'plumber', 'villain', 'anthropomorphism', 'based on video game', 'nostalgic', 'toad', 'aftercreditsstinger', 'duringcreditsstinger', 'damsel in distress', 'piano', 'brother brother relationship', '3d animation', 'evil king'] ['Chris Pratt', 'Anya Taylor-Joy', 'Charlie Day', 'Jack Black', 'Keegan-Michael Key'] Aaron Horvath ",0.1294521955955676,0.08540818691481405,0.08419530427759765,0.09968522892932642,0.08419530427759765,0.7596,0.08018403968867223,0.26754806479285465,0.16535094214609902
1000837,tt14961016,I'm Still Here,Ainda Estou Aqui,A woman married to a former politician during the 1971 military dictatorship in Brazil is forced to reinvent herself and chart a new course for her family after a violent and arbitrary act.,2024-09-19,"['Drama', 'History']","['mother', 'beach', 'husband wife relationship', 'based on novel or book', '1970s', 'rio de janeiro', 'based on true story', 'anti-communism', 'sao paulo, brazil', 'grief', 'female protagonist', 'interrogation', 'seaside', 'missing person', 'military dictatorship', 'family photo', 'injustice', 'nostalgic', 'historical drama', 'humanity', 'family dynamics', 'missing husband', '1990s', 'activism', 'mother son relationship', 'mother daughter relationship', 'resilience', 'realistic', '2010s', 'independent film', 'adaptation', 'political drama', 'assertive', 'baffled', 'missing father', 'political dissident', 'biographical drama', 'brazilian military dictatorship', 'torture and murder', 'torture military']","['Fernanda Torres', 'Fernanda Montenegro', 'Selton Mello', 'Valentina Herszage', 'Maria Manoella']",Walter Salles,7.903,1057,4.363,138,/gZnsMbhCvhzAQlKaVpeFRHYjGyb.jpg,"['Drama', 'History'] ['mother', 'beach', 'husband wife relationship', 'based on novel or book', '1970s', 'rio de janeiro', 'based on true story', 'anti-communism', 'sao paulo, brazil', 'grief', 'female protagonist', 'interrogation', 'seaside', 'missing person', 'military dictatorship', 'family photo', 'injustice', 'nostalgic', 'historical drama', 'humanity', 'family dynamics', 'missing husband', '1990s', 'activism', 'mother son relationship', 'mother daughter relationship', 'resilience', 'realistic', '2010s', 'independent film', 'adaptation', 'political drama', 'assertive', 'baffled', 'missing father', 'political dissident', 'biographical drama', 'brazilian military dictatorship', 'torture and murder', 'torture military'] ['Fernanda Torres', 'Fernanda Montenegro', 'Selton Mello', 'Valentina Herszage', 'Maria Manoella'] Walter Salles ",0.08928423927935679,0.12872163577767712,0.09532731398127688,0.10444439634610359,0.08928423927935679,0.7903,0.0016913526668778241,0.025407478427612654,0.16533459562939729
340666,tt4550098,Nocturnal Animals,Nocturnal Animals,"Susan Morrow receives a book manuscript from her ex-husband – a man she left 20 years earlier – asking for her opinion of his writing. As she reads, she is drawn into the fictional life of Tony Hastings, a mathematics professor whose family vacation turns violent.",2016-11-04,"['Drama', 'Thriller']","['based on novel or book', 'cheating', 'parent child relationship', 'hostage', 'insomnia', 'cowardice', 'flashback', 'revenge', 'murder', 'cancer', 'writer', 'rape and murder', 'overbearing mother', 'art', 'novelist', 'ex-husband ex-wife relationship', 'carjacking', 'story within the story', 'sexual assault', 'abortion', 'art exhibition', 'ambiguity', 'ambiguous', 'ambivalent']","['Amy Adams', 'Jake Gyllenhaal', 'Michael Shannon', 'Aaron Taylor-Johnson', 'Isla Fisher']",Tom Ford,7.414,8274,4.4642,116,/mdLDgQBD0va09npSQX5Zgo2evXM.jpg,"['Drama', 'Thriller'] ['based on novel or book', 'cheating', 'parent child relationship', 'hostage', 'insomnia', 'cowardice', 'flashback', 'revenge', 'murder', 'cancer', 'writer', 'rape and murder', 'overbearing mother', 'art', 'novelist', 'ex-husband ex-wife relationship', 'carjacking', 'story within the story', 'sexual assault', 'abortion', 'art exhibition', 'ambiguity', 'ambiguous', 'ambivalent'] ['Amy Adams', 'Jake Gyllenhaal', 'Michael Shannon', 'Aaron Taylor-Johnson', 'Isla Fisher'] Tom Ford ",0.08879106248337702,0.14446776866697772,0.08634786613047225,0.10653556576027566,0.08634786613047225,0.7414,0.001897352052950799,0.2074986123025685,0.16486458377791355
682507,tt9411972,Where the Crawdads Sing,Where the Crawdads Sing,"Abandoned by her family, Kya raises herself all alone in the marshes outside of her small town. When her former boyfriend is found dead, Kya is instantly branded by the local townspeople and law enforcement as the prime suspect for his murder.",2022-07-14,"['Drama', 'Mystery', 'Romance']","['based on novel or book', 'artist', 'bullying', 'alcoholism', 'coming of age', 'survival', 'domestic abuse', 'first love', 'marsh', 'boyfriend girlfriend relationship', 'social outcast', 'jury trial', 'naturalist', 'murder mystery', 'murder trial', '1960s', 'alcohol problems', 'courtroom drama', 'abusive boyfriend', 'abandoned child', 'southern culture', 'audacious']","['Daisy Edgar-Jones', 'Taylor John Smith', 'Harris Dickinson', 'David Strathairn', 'Michael Hyatt']",Olivia Newman,7.526,2293,4.5471,126,/n1el846gLDXfhOvrRCsyvaAOQWv.jpg,"['Drama', 'Mystery', 'Romance'] ['based on novel or book', 'artist', 'bullying', 'alcoholism', 'coming of age', 'survival', 'domestic abuse', 'first love', 'marsh', 'boyfriend girlfriend relationship', 'social outcast', 'jury trial', 'naturalist', 'murder mystery', 'murder trial', '1960s', 'alcohol problems', 'courtroom drama', 'abusive boyfriend', 'abandoned child', 'southern culture', 'audacious'] ['Daisy Edgar-Jones', 'Taylor John Smith', 'Harris Dickinson', 'David Strathairn', 'Michael Hyatt'] Olivia Newman ",0.10187386725973403,0.11554672288177124,0.09906580697212931,0.10549546570454486,0.09906580697212931,0.7525999999999999,0.0020661005618979314,0.056592824342736034,0.1648390536060917
3176,tt0266308,Battle Royale,バトル・ロワイアル,"In the future, the Japanese government captures a class of ninth-grade students and forces them to kill each other under the revolutionary ""Battle Royale"" act.",2000-12-16,"['Drama', 'Thriller', 'Action']","['high school', 'friendship', 'suicide', 'island', 'japan', 'based on novel or book', 'asia', 'dystopia', 'gore', 'survival', 'tragedy', 'murder', 'soldier', 'battle', 'death', 'death match', 'teen drama', 'school class', 'japanese', 'extreme violence', 'psychological', 'science fiction', 'inspirational', 'students', 'suspense', 'death game']","['Tatsuya Fujiwara', 'Aki Maeda', 'Takeshi Kitano', 'Taro Yamamoto', 'Masanobu Ando']",Kinji Fukasaku,7.269,3802,6.6046,113,/aLGKAQKgzWpJ6egyWzzC11jXBRJ.jpg,"['Drama', 'Thriller', 'Action'] ['high school', 'friendship', 'suicide', 'island', 'japan', 'based on novel or book', 'asia', 'dystopia', 'gore', 'survival', 'tragedy', 'murder', 'soldier', 'battle', 'death', 'death match', 'teen drama', 'school class', 'japanese', 'extreme violence', 'psychological', 'science fiction', 'inspirational', 'students', 'suspense', 'death game'] ['Tatsuya Fujiwara', 'Aki Maeda', 'Takeshi Kitano', 'Taro Yamamoto', 'Masanobu Ando'] Kinji Fukasaku ",0.08946207417657737,0.13485795989294208,0.10839584058140857,0.11090529155030933,0.08946207417657737,0.7269,0.006254279779735359,0.09466619569056871,0.16475180665021996
180,tt0181689,Minority Report,Minority Report,"John Anderton is a top 'Precrime' cop in the late-21st century, when technology can predict crimes before they're committed. But Anderton becomes the quarry when another investigator targets him for a murder charge.",2002-06-20,"['Science Fiction', 'Action', 'Thriller']","['washington dc, usa', 'police chief', 'precognition', 'hologram', 'futuristic', 'murder', 'conspiracy', 'police chase', 'cyberpunk', 'drugs', 'biting', 'home video', 'based on short story', 'ex-husband ex-wife relationship', 'mentor protégé relationship', 'tech noir', 'stasis', 'paranoid', 'prevention', 'missing son', 'cyber thriller', 'future noir', 'loss of child', 'surveillance state', 'psychic vision', 'conspiracy thriller', '2050s', 'suspenseful', 'critical', 'intense', 'dystopian']","['Tom Cruise', 'Samantha Morton', 'Colin Farrell', 'Max von Sydow', 'Kathryn Morris']",Steven Spielberg,7.4,9597,6.9626,145,/ccqpHq5tk5W4ymbSbuoy4uYOxFI.jpg,"['Science Fiction', 'Action', 'Thriller'] ['washington dc, usa', 'police chief', 'precognition', 'hologram', 'futuristic', 'murder', 'conspiracy', 'police chase', 'cyberpunk', 'drugs', 'biting', 'home video', 'based on short story', 'ex-husband ex-wife relationship', 'mentor protégé relationship', 'tech noir', 'stasis', 'paranoid', 'prevention', 'missing son', 'cyber thriller', 'future noir', 'loss of child', 'surveillance state', 'psychic vision', 'conspiracy thriller', '2050s', 'suspenseful', 'critical', 'intense', 'dystopian'] ['Tom Cruise', 'Samantha Morton', 'Colin Farrell', 'Max von Sydow', 'Kathryn Morris'] Steven Spielberg ",0.09930746008153589,0.12076733007969123,0.09066574404168465,0.10358017806763725,0.09066574404168465,0.74,0.006983012785803793,0.24087904324569814,0.16448733580078923
1930,tt0948470,The Amazing Spider-Man,The Amazing Spider-Man,"Peter Parker is an outcast high schooler abandoned by his parents as a boy, leaving him to be raised by his Uncle Ben and Aunt May. Like most teenagers, Peter is trying to figure out who he is and how he got to be the person he is today. As Peter discovers a mysterious briefcase that belonged to his father, he begins a quest to understand his parents' disappearance – leading him directly to Oscorp and the lab of Dr. Curt Connors, his father's former partner. As Spider-Man is set on a collision course with Connors' alter ego, The Lizard, Peter will make life-altering choices to use his powers and shape his destiny to become a hero.",2012-06-23,"['Action', 'Adventure', 'Science Fiction']","['experiment', 'loss of loved one', 'superhero', 'based on comic', 'vigilante', 'teenage girl', 'teenage boy', 'super power', 'spider bite', 'masked vigilante', 'reboot', 'genetic engineering', 'social outcast', 'death of husband', 'duringcreditsstinger', 'virus', 'teen superhero', 'teenage angst', 'vigilante justice']","['Andrew Garfield', 'Emma Stone', 'Rhys Ifans', 'Denis Leary', 'Martin Sheen']",Marc Webb,6.7,18462,15.9921,136,/jexoNYnPd6vVrmygwF6QZmWPFdu.jpg,"['Action', 'Adventure', 'Science Fiction'] ['experiment', 'loss of loved one', 'superhero', 'based on comic', 'vigilante', 'teenage girl', 'teenage boy', 'super power', 'spider bite', 'masked vigilante', 'reboot', 'genetic engineering', 'social outcast', 'death of husband', 'duringcreditsstinger', 'virus', 'teen superhero', 'teenage angst', 'vigilante justice'] ['Andrew Garfield', 'Emma Stone', 'Rhys Ifans', 'Denis Leary', 'Martin Sheen'] Marc Webb ",0.10252200930286423,0.09502131047745065,0.11804030197121447,0.1051945405838431,0.09502131047745065,0.67,0.025363165518471145,0.4645506383408185,0.16443262120735866
198663,tt1790864,The Maze Runner,The Maze Runner,"A teenager with no memory of his past finds himself among a group of boys living in a walled enclosure surrounded by a massive, ever-changing maze. As he struggles to adapt to their rules and society, he begins to uncover clues that may lead to escape and the truth behind their confinement.",2014-09-10,"['Action', 'Mystery', 'Science Fiction', 'Thriller']","['based on novel or book', 'escape', 'dystopia', 'maze', 'post-apocalyptic future', 'memory loss', 'trapped', 'based on young adult novel', 'labirinto']","[""Dylan O'Brien"", 'Kaya Scodelario', 'Thomas Brodie-Sangster', 'Ki Hong Lee', 'Will Poulter']",Wes Ball,7.2,18061,20.8018,113,/ode14q7WtDugFDp78fo9lCsmay9.jpg,"['Action', 'Mystery', 'Science Fiction', 'Thriller'] ['based on novel or book', 'escape', 'dystopia', 'maze', 'post-apocalyptic future', 'memory loss', 'trapped', 'based on young adult novel', 'labirinto'] [""Dylan O'Brien"", 'Kaya Scodelario', 'Thomas Brodie-Sangster', 'Ki Hong Lee', 'Will Poulter'] Wes Ball ",0.09087137974199272,0.1075308544939325,0.09745690898468634,0.09861971440687052,0.09087137974199272,0.72,0.035153632387988853,0.454433062522077,0.16442036053494558
24021,tt1325004,The Twilight Saga: Eclipse,The Twilight Saga: Eclipse,"Bella once again finds herself surrounded by danger as Seattle is ravaged by a string of mysterious killings and a malicious vampire continues her quest for revenge. In the midst of it all, she is forced to choose between her love for Edward and her friendship with Jacob, knowing that her decision has the potential to ignite the ageless struggle between vampire and werewolf. With her graduation quickly approaching, Bella is confronted with the most important decision of her life.",2010-06-23,"['Adventure', 'Fantasy', 'Drama', 'Romance']","['based on novel or book', 'immortality', 'vampire', 'bite', 'graduation', 'teen movie', 'werewolf', 'based on young adult novel', 'supernatural power', 'vampire human love']","['Kristen Stewart', 'Robert Pattinson', 'Taylor Lautner', 'Bryce Dallas Howard', 'Dakota Fanning']",David Slade,6.194,9232,9.9137,124,/dK4Gi1UdMiHzHc7r7CZQG4IQ9Sr.jpg,"['Adventure', 'Fantasy', 'Drama', 'Romance'] ['based on novel or book', 'immortality', 'vampire', 'bite', 'graduation', 'teen movie', 'werewolf', 'based on young adult novel', 'supernatural power', 'vampire human love'] ['Kristen Stewart', 'Robert Pattinson', 'Taylor Lautner', 'Bryce Dallas Howard', 'Dakota Fanning'] David Slade ",0.12712924810375015,0.08757389981367426,0.152425650786993,0.1223762662348058,0.08757389981367426,0.6194,0.012990174724933825,0.23166977847302822,0.16402245382656722
539681,tt8912936,DC League of Super-Pets,DC League of Super-Pets,"When Superman and the rest of the Justice League are kidnapped, Krypto the Super-Dog must convince a rag-tag shelter pack - Ace the hound, PB the potbellied pig, Merton the turtle and Chip the squirrel - to master their own newfound powers and help him rescue the superheroes.",2022-07-27,"['Family', 'Comedy', 'Adventure', 'Animation', 'Science Fiction']","['superhero', 'villain', 'based on comic', 'dog', 'super power', 'aftercreditsstinger', 'duringcreditsstinger', 'evil mastermind', 'supervillain', 'talking animal']","['Dwayne Johnson', 'Kevin Hart', 'John Krasinski', 'Keanu Reeves', 'Kate McKinnon']",Jared Stern,7.154,1722,4.343,105,/qpPMewlugFaejXjz4YNDnpTniFX.jpg,"['Family', 'Comedy', 'Adventure', 'Animation', 'Science Fiction'] ['superhero', 'villain', 'based on comic', 'dog', 'super power', 'aftercreditsstinger', 'duringcreditsstinger', 'evil mastermind', 'supervillain', 'talking animal'] ['Dwayne Johnson', 'Kevin Hart', 'John Krasinski', 'Keanu Reeves', 'Kate McKinnon'] Jared Stern ",0.11966195390134629,0.09568228482288527,0.11887665777891185,0.1114069655010478,0.09568228482288527,0.7154,0.0016506413257566816,0.04218600191754554,0.1639842238183817
54186,tt1590089,Confessions,告白,"Devastated at the death of her four-year-old daughter, a grieving middle school teacher is horrified to discover that her students aren't as innocent as she thinks.",2010-06-04,"['Drama', 'Thriller', 'Mystery']","['japan', 'based on novel or book', 'child murder', 'teacher', 'murder', 'middle school', 'junior high school', 'murder mystery', 'female teacher', 'psychological', 'grieving mother', 'japanese junior high schooler', 'tense']","['Takako Matsu', 'Masaki Okada', 'Yoshino Kimura', 'Yukito Nishii', 'Kaoru Fujiwara']",Tetsuya Nakashima,7.6,987,3.8053,107,/xQcnx6jMuPRCeidotgVy6YIls6p.jpg,"['Drama', 'Thriller', 'Mystery'] ['japan', 'based on novel or book', 'child murder', 'teacher', 'murder', 'middle school', 'junior high school', 'murder mystery', 'female teacher', 'psychological', 'grieving mother', 'japanese junior high schooler', 'tense'] ['Takako Matsu', 'Masaki Okada', 'Yoshino Kimura', 'Yukito Nishii', 'Kaoru Fujiwara'] Tetsuya Nakashima ",0.08975386917375527,0.12705460982824157,0.10280249435369421,0.10653699111856368,0.08975386917375527,0.76,0.0005561169197147929,0.0236413180602513,0.16368932793061391
483,tt0100935,Wild at Heart,Wild at Heart,"Young lovers Sailor and Lula hit the road to start a new life together away from the wrath of Lula’s deranged, disapproving mother, who has hired a team of hitmen to cut the lovers’ surreal honeymoon short.",1990-08-17,"['Crime', 'Thriller', 'Romance']","['witch', 'hotel room', 'based on novel or book', 'hitman', 'texas', 'car journey', 'new orleans, louisiana', 'dark comedy', 'forbidden love', 'melancholy', 'surrealism', 'romance', 'love', 'murder', 'killer', 'bank robbery', 'mother daughter relationship', 'loving', 'love on the run', 'critical']","['Nicolas Cage', 'Laura Dern', 'Willem Dafoe', 'Diane Ladd', 'Harry Dean Stanton']",David Lynch,7.039,1898,3.9817,125,/uLUFI5sJIfWrBUWB2Y1dEuyvvVy.jpg,"['Crime', 'Thriller', 'Romance'] ['witch', 'hotel room', 'based on novel or book', 'hitman', 'texas', 'car journey', 'new orleans, louisiana', 'dark comedy', 'forbidden love', 'melancholy', 'surrealism', 'romance', 'love', 'murder', 'killer', 'bank robbery', 'mother daughter relationship', 'loving', 'love on the run', 'critical'] ['Nicolas Cage', 'Laura Dern', 'Willem Dafoe', 'Diane Ladd', 'Harry Dean Stanton'] David Lynch ",0.09044581768772575,0.11386558699746108,0.13806971798469955,0.11412704088996213,0.09044581768772575,0.7039,0.000915190948403261,0.04662663369833981,0.1636217285184394
1592,tt0117381,Primal Fear,Primal Fear,"Defense attorney Martin Vail takes on jobs for money and prestige rather than any sense of the greater good. His latest case involves an altar boy, accused of brutally murdering the archbishop of Chicago. Vail finds himself up against his ex-pupil and ex-lover, but as the case progresses and the Church's dark secrets are revealed, Vail finds that what appeared a simple case takes on a darker, more dangerous aspect.",1996-04-03,"['Crime', 'Drama', 'Mystery', 'Thriller']","['chicago, illinois', 'death penalty', 'child abuse', 'corruption', 'based on novel or book', 'court case', 'court', 'psychopath', 'bishop', 'manipulation', 'pornographic video', 'lawyer', 'capital punishment', 'whodunit', 'psychiatrist', 'mental illness', 'taunting', 'murder trial', 'altar boy', 'courtroom drama', 'legal drama', 'legal thriller', 'suspenseful', 'harsh']","['Richard Gere', 'Laura Linney', 'Edward Norton', 'John Mahoney', 'Alfre Woodard']",Gregory Hoblit,7.7,3901,8.6798,130,/qJf2TzE8nRTFbFMPJNW6c8mI0KU.jpg,"['Crime', 'Drama', 'Mystery', 'Thriller'] ['chicago, illinois', 'death penalty', 'child abuse', 'corruption', 'based on novel or book', 'court case', 'court', 'psychopath', 'bishop', 'manipulation', 'pornographic video', 'lawyer', 'capital punishment', 'whodunit', 'psychiatrist', 'mental illness', 'taunting', 'murder trial', 'altar boy', 'courtroom drama', 'legal drama', 'legal thriller', 'suspenseful', 'harsh'] ['Richard Gere', 'Laura Linney', 'Edward Norton', 'John Mahoney', 'Alfre Woodard'] Gregory Hoblit ",0.12339509231035624,0.1079711964231206,0.0804666529300614,0.10394431388784608,0.0804666529300614,0.77,0.010478488534465001,0.09716405106726547,0.1629147702904915
10830,tt0117008,Matilda,Matilda,"Matilda Wormwood is an brilliant and intelligent little girl. Unfortunately, her parents, Harry and Zinnia, fail to see that fact. As time passes, she finally starts school and has a kind teacher, loyal friends, and a terrifying, sadistic headmistress. As she becomes fed up with the constant cruelty, she discovers she has a special gift that she just might be able to use to outwit the unruly adults around her.",1996-08-02,"['Comedy', 'Family', 'Fantasy']","['based on novel or book', 'parent child relationship', 'classroom', 'difficult childhood', 'child prodigy', 'childhood trauma', 'dysfunctional family', 'telekinesis', 'school', 'teacher student relationship', 'used car salesman', 'school principal', 'neglected child', 'schoolmarm', 'dysfunctional life', 'female teacher', 'parental abuse', 'crass comedy', 'based on young adult novel', 'abused child', 'tyrannical school principal']","['Mara Wilson', 'Danny DeVito', 'Rhea Perlman', 'Embeth Davidtz', 'Pam Ferris']",Danny DeVito,7.175,4793,10.9892,98,/wYoDpWInsBEVSmWStnRH06ddoyk.jpg,"['Comedy', 'Family', 'Fantasy'] ['based on novel or book', 'parent child relationship', 'classroom', 'difficult childhood', 'child prodigy', 'childhood trauma', 'dysfunctional family', 'telekinesis', 'school', 'teacher student relationship', 'used car salesman', 'school principal', 'neglected child', 'schoolmarm', 'dysfunctional life', 'female teacher', 'parental abuse', 'crass comedy', 'based on young adult novel', 'abused child', 'tyrannical school principal'] ['Mara Wilson', 'Danny DeVito', 'Rhea Perlman', 'Embeth Davidtz', 'Pam Ferris'] Danny DeVito ",0.09777499763925727,0.09211068057948174,0.13237227359430329,0.1074193172710141,0.09211068057948174,0.7175,0.015179427093723209,0.11966998031992733,0.16284347476126576
698687,tt8864596,Transformers One,Transformers One,"The untold origin story of Optimus Prime and Megatron, better known as sworn enemies, but once were friends bonded like brothers who changed the fate of Cybertron forever.",2024-09-11,"['Animation', 'Science Fiction', 'Adventure', 'Family']","['based on toy', 'giant robot', 'aftercreditsstinger', 'duringcreditsstinger', 'buddy movie', 'brothers-in-arms relationship', 'origin story', 'alien robot']","['Chris Hemsworth', 'Brian Tyree Henry', 'Scarlett Johansson', 'Keegan-Michael Key', 'Jon Hamm']",Josh Cooley,8.0,1604,8.8036,104,/iRCgqpdVE4wyLQvGYU3ZP7pAtUc.jpg,"['Animation', 'Science Fiction', 'Adventure', 'Family'] ['based on toy', 'giant robot', 'aftercreditsstinger', 'duringcreditsstinger', 'buddy movie', 'brothers-in-arms relationship', 'origin story', 'alien robot'] ['Chris Hemsworth', 'Brian Tyree Henry', 'Scarlett Johansson', 'Keegan-Michael Key', 'Jon Hamm'] Josh Cooley ",0.09013801525831955,0.11361361005604276,0.08998541422751014,0.09791234651395749,0.08998541422751014,0.8,0.010730491736004865,0.039208760155422115,0.162746198034763
10140,tt0980970,The Chronicles of Narnia: The Voyage of the Dawn Treader,The Chronicles of Narnia: The Voyage of the Dawn Treader,"This time around Edmund and Lucy Pevensie, along with their pesky cousin Eustace Scrubb find themselves swallowed into a painting and on to a fantastic Narnian ship headed for the very edges of the world.",2010-12-02,"['Adventure', 'Family', 'Fantasy']","['based on novel or book', 'magic', 'allegory', 'lion', 'anthropomorphism', 'dragon', 'king', 'turns into animal', 'fantasy world', 'snowing', 'sea voyage', 'quest', 'high fantasy', 'isekai', 'father son relationship', 'brother sister relationship', 'based on young adult novel', 'anxious', 'good versus evil', 'adoring']","['Georgie Henley', 'Skandar Keynes', 'Ben Barnes', 'Will Poulter', 'Anna Popplewell']",Michael Apted,6.441,5880,5.3972,113,/pP27zlm9yeKrCeDZLFLP2HKELot.jpg,"['Adventure', 'Family', 'Fantasy'] ['based on novel or book', 'magic', 'allegory', 'lion', 'anthropomorphism', 'dragon', 'king', 'turns into animal', 'fantasy world', 'snowing', 'sea voyage', 'quest', 'high fantasy', 'isekai', 'father son relationship', 'brother sister relationship', 'based on young adult novel', 'anxious', 'good versus evil', 'adoring'] ['Georgie Henley', 'Skandar Keynes', 'Ben Barnes', 'Will Poulter', 'Anna Popplewell'] Michael Apted ",0.12984584473360078,0.0896866535958407,0.13694428526087418,0.11882559453010522,0.0896866535958407,0.6441,0.003796536116252049,0.1470959277388101,0.1626397818020003
271110,tt3498820,Captain America: Civil War,Captain America: Civil War,"Following the events of Age of Ultron, the collective governments of the world pass an act designed to regulate all superhuman activity. This polarizes opinion amongst the Avengers, causing two factions to side with Iron Man or Captain America, which causes an epic battle between former allies.",2016-04-27,"['Adventure', 'Action', 'Science Fiction']","['superhero', 'based on comic', 'sequel', 'super soldier', 'aftercreditsstinger', 'duringcreditsstinger', 'marvel cinematic universe (mcu)', 'superhero teamup']","['Chris Evans', 'Robert Downey Jr.', 'Scarlett Johansson', 'Sebastian Stan', 'Anthony Mackie']",Joe Russo,7.448,23980,15.1148,147,/rAGiXaUfPzY7CDEyNKUofk3Kw2e.jpg,"['Adventure', 'Action', 'Science Fiction'] ['superhero', 'based on comic', 'sequel', 'super soldier', 'aftercreditsstinger', 'duringcreditsstinger', 'marvel cinematic universe (mcu)', 'superhero teamup'] ['Chris Evans', 'Robert Downey Jr.', 'Scarlett Johansson', 'Sebastian Stan', 'Anthony Mackie'] Joe Russo ",0.08368018860865485,0.0947780289791284,0.08736556596129384,0.08860792784969236,0.08368018860865485,0.7448,0.023577362540192274,0.6037745370136751,0.16159400244051028
258480,tt2402927,Carol,Carol,"In 1950s New York, a department-store clerk who dreams of a better life falls for an older, married woman.",2015-11-20,"['Romance', 'Drama']","['hotel', ""new year's eve"", 'chicago, illinois', 'new york city', 'based on novel or book', 'parent child relationship', 'age difference', 'holiday', 'department store', 'photography', 'road trip', 'lesbian relationship', 'divorce', 'lesbian sex', 'lgbt', 'santa hat', 'child custody', 'older woman younger woman relationship', '1950s', 'lesbian', 'wistful', 'adoring', 'ambiguous', 'compassionate', 'exuberant']","['Cate Blanchett', 'Rooney Mara', 'Kyle Chandler', 'Jake Lacy', 'Sarah Paulson']",Todd Haynes,7.495,3946,4.42,118,/cJeled7EyPdur6TnCA5GYg0UVna.jpg,"['Romance', 'Drama'] ['hotel', ""new year's eve"", 'chicago, illinois', 'new york city', 'based on novel or book', 'parent child relationship', 'age difference', 'holiday', 'department store', 'photography', 'road trip', 'lesbian relationship', 'divorce', 'lesbian sex', 'lgbt', 'santa hat', 'child custody', 'older woman younger woman relationship', '1950s', 'lesbian', 'wistful', 'adoring', 'ambiguous', 'compassionate', 'exuberant'] ['Cate Blanchett', 'Rooney Mara', 'Kyle Chandler', 'Jake Lacy', 'Sarah Paulson'] Todd Haynes ",0.11614057122825727,0.08939786414828764,0.10218596171507656,0.1025747990305405,0.08939786414828764,0.7495,0.0018073799890730763,0.09829943987485493,0.16152340239667817
804095,tt14208870,The Fabelmans,The Fabelmans,"Growing up in post-World War II era Arizona, young Sammy Fabelman aspires to become a filmmaker as he reaches adolescence, but soon discovers a shattering family secret and explores how the power of films can help him see the truth.",2022-11-11,['Drama'],"['high school', 'husband wife relationship', 'arizona', 'bullying', 'family relationships', 'coming of age', 'teenage boy', 'filmmaking', 'childhood', 'semi autobiographical', 'marital problem', 'big dreams', 'father son relationship', 'mother son relationship', 'introspective', 'adoring', 'comforting', 'compassionate', 'empathetic', 'sympathetic', 'young filmmaker']","['Michelle Williams', 'Paul Dano', 'Seth Rogen', 'Gabriel LaBelle', 'Mateo Zoryan Francis-DeFord']",Steven Spielberg,7.572,2752,3.9888,151,/h7llKkqkkJtJrTOaDLuVeUYDQ7I.jpg,"['Drama'] ['high school', 'husband wife relationship', 'arizona', 'bullying', 'family relationships', 'coming of age', 'teenage boy', 'filmmaking', 'childhood', 'semi autobiographical', 'marital problem', 'big dreams', 'father son relationship', 'mother son relationship', 'introspective', 'adoring', 'comforting', 'compassionate', 'empathetic', 'sympathetic', 'young filmmaker'] ['Michelle Williams', 'Paul Dano', 'Seth Rogen', 'Gabriel LaBelle', 'Mateo Zoryan Francis-DeFord'] Steven Spielberg ",0.10093687986103005,0.09073107510600235,0.11306264646909366,0.10157686714537535,0.09073107510600235,0.7572,0.0009296434745012659,0.06817379018014835,0.16128254377353246
398978,tt1302006,The Irishman,The Irishman,"Pennsylvania, 1956. Frank Sheeran, a war veteran of Irish origin who works as a truck driver, accidentally meets mobster Russell Bufalino. Once Frank becomes his trusted man, Bufalino sends him to Chicago with the task of helping Jimmy Hoffa, a powerful union leader related to organized crime, with whom Frank will maintain a close friendship for nearly twenty years.",2019-11-01,"['Crime', 'Drama', 'History']","['chicago, illinois', 'philadelphia, pennsylvania', 'based on novel or book', 'hitman', 'war veteran', 'pennsylvania, usa', 'gangster', '1970s', 'irish-american', 'male friendship', 'aging', 'family relationships', 'murder', 'organized crime', 'mafia', 'religion', 'detroit, michigan', 'sicilian mafia', 'nonlinear timeline', 'character study', 'labor union', '1950s', '1960s', 'mob family', 'jimmy hoffa', 'voiceover', 'complex', 'father daughter relationship']","['Robert De Niro', 'Al Pacino', 'Joe Pesci', 'Harvey Keitel', 'Ray Romano']",Martin Scorsese,7.576,7484,6.8902,209,/mbm8k3GFhXS0ROd9AD1gqYbIFbM.jpg,"['Crime', 'Drama', 'History'] ['chicago, illinois', 'philadelphia, pennsylvania', 'based on novel or book', 'hitman', 'war veteran', 'pennsylvania, usa', 'gangster', '1970s', 'irish-american', 'male friendship', 'aging', 'family relationships', 'murder', 'organized crime', 'mafia', 'religion', 'detroit, michigan', 'sicilian mafia', 'nonlinear timeline', 'character study', 'labor union', '1950s', '1960s', 'mob family', 'jimmy hoffa', 'voiceover', 'complex', 'father daughter relationship'] ['Robert De Niro', 'Al Pacino', 'Joe Pesci', 'Harvey Keitel', 'Ray Romano'] Martin Scorsese ",0.08628433602609212,0.12392811876065424,0.08640883605519126,0.0988737636139792,0.08628433602609212,0.7575999999999999,0.006835637730945261,0.18756623101377606,0.1612412073065088
799766,tt14260836,Better Man,Better Man,"Follow Robbie Williams' journey from childhood, to being the youngest member of chart-topping boyband Take That, through to his unparalleled achievements as a record-breaking solo artist – all the while confronting the challenges that stratospheric fame and success can bring.",2024-12-06,"['Music', 'Drama']","['depression', 'drug addiction', 'musical', 'biography', 'based on true story', 'family abandonment', 'drugs', 'monkey', 'teenage boy', 'pop music', 'price of fame', 'boy band', '1980s', '1990s', 'arrested development', 'self-harm', 'father son relationship', 'mother son relationship', 'wonder', '2000s', 'grandmother grandson relationship', 'jukebox musical', 'based on real person']","['Robbie Williams', 'Jonno Davies', 'Steve Pemberton', 'Alison Steadman', 'Kate Mulvany']",Michael Gracey,7.6,834,5.2021,135,/fbGCmMp0HlYnAPv28GOENPShezM.jpg,"['Music', 'Drama'] ['depression', 'drug addiction', 'musical', 'biography', 'based on true story', 'family abandonment', 'drugs', 'monkey', 'teenage boy', 'pop music', 'price of fame', 'boy band', '1980s', '1990s', 'arrested development', 'self-harm', 'father son relationship', 'mother son relationship', 'wonder', '2000s', 'grandmother grandson relationship', 'jukebox musical', 'based on real person'] ['Robbie Williams', 'Jonno Davies', 'Steve Pemberton', 'Alison Steadman', 'Kate Mulvany'] Michael Gracey ",0.09955202170993255,0.09069728221383051,0.11527867720982454,0.10184266037786253,0.09069728221383051,0.76,0.0033993969836153136,0.019780996114447193,0.1608347875201742
854,tt0110475,The Mask,The Mask,"Stanley Ipkiss, an insecure banker who has lost his zest for life stumbles upon an ancient mask, that turns him into a confident suave cartoon-like character who upsets his ordinary life.",1994-07-29,"['Comedy', 'Fantasy', 'Crime', 'Romance']","['dual identity', 'bank', 'superhero', 'mockery', 'transformation', 'villain', 'surrealism', 'based on comic', 'slapstick comedy', 'balloon', 'dog', 'urban setting', 'jail cell', 'super villain', 'norse mythology', 'supernatural power']","['Jim Carrey', 'Peter Riegert', 'Peter Greene', 'Amy Yasbeck', 'Richard Jeni']",Chuck Russell,6.986,11217,10.7844,101,/jPC2eYub74zwf2tPGVtzSlBW6Oy.jpg,"['Comedy', 'Fantasy', 'Crime', 'Romance'] ['dual identity', 'bank', 'superhero', 'mockery', 'transformation', 'villain', 'surrealism', 'based on comic', 'slapstick comedy', 'balloon', 'dog', 'urban setting', 'jail cell', 'super villain', 'norse mythology', 'supernatural power'] ['Jim Carrey', 'Peter Riegert', 'Peter Greene', 'Amy Yasbeck', 'Richard Jeni'] Chuck Russell ",0.11362462086858349,0.09953904925375029,0.09287848832889448,0.1020140528170761,0.09287848832889448,0.6986,0.014762542960642718,0.2817530403189181,0.160822769092076
11631,tt0795421,Mamma Mia!,Mamma Mia!,A spirited young bride-to-be living with her single mother on a small Greek island secretly invites three of her mother's ex-boyfriends in hope of finding her biological father to walk her down the aisle.,2008-07-03,"['Comedy', 'Romance']","['single parent', 'parent child relationship', 'greece', 'musical', 'romcom', 'based on play or musical', 'unknown father', 'single mother', 'based on song, poem or rhyme', 'hotel manager', 'young love', 'greek island', 'duringcreditsstinger', 'woman director', 'imminent wedding', 'mother daughter relationship', 'jukebox musical', 'past history', ""daughter's wedding"", 'abba', 'comforting', 'enthusiastic']","['Amanda Seyfried', 'Meryl Streep', 'Pierce Brosnan', 'Colin Firth', 'Stellan Skarsgård']",Phyllida Lloyd,6.972,6977,8.7903,108,/zdUA4FNHbXPadzVOJiU0Rgn6cHR.jpg,"['Comedy', 'Romance'] ['single parent', 'parent child relationship', 'greece', 'musical', 'romcom', 'based on play or musical', 'unknown father', 'single mother', 'based on song, poem or rhyme', 'hotel manager', 'young love', 'greek island', 'duringcreditsstinger', 'woman director', 'imminent wedding', 'mother daughter relationship', 'jukebox musical', 'past history', ""daughter's wedding"", 'abba', 'comforting', 'enthusiastic'] ['Amanda Seyfried', 'Meryl Streep', 'Pierce Brosnan', 'Colin Firth', 'Stellan Skarsgård'] Phyllida Lloyd ",0.09085792280355084,0.09289471677148002,0.13388996476838494,0.10588086811447193,0.09085792280355084,0.6972,0.010703418694159307,0.17477418378160164,0.16053073507157378
580489,tt7097896,Venom: Let There Be Carnage,Venom: Let There Be Carnage,"After finding a host body in investigative reporter Eddie Brock, the alien symbiote must face a new enemy, Carnage, the alter ego of serial killer Cletus Kasady.",2021-09-30,"['Science Fiction', 'Action', 'Adventure']","['hero', 'psychopath', 'superhero', 'anti hero', 'villain', 'alien life-form', 'based on comic', 'sequel', 'fear', 'aftercreditsstinger', 'symbiote', 'carnage']","['Tom Hardy', 'Woody Harrelson', 'Michelle Williams', 'Naomie Harris', 'Reid Scott']",Andy Serkis,6.7,11142,7.7953,97,/pzKsRuKLFmYrW5Q0q8E8G78Tcgo.jpg,"['Science Fiction', 'Action', 'Adventure'] ['hero', 'psychopath', 'superhero', 'anti hero', 'villain', 'alien life-form', 'based on comic', 'sequel', 'fear', 'aftercreditsstinger', 'symbiote', 'carnage'] ['Tom Hardy', 'Woody Harrelson', 'Michelle Williams', 'Naomie Harris', 'Reid Scott'] Andy Serkis ",0.08025043935877145,0.12194217690274134,0.12645829714564213,0.10955030446905163,0.08025043935877145,0.67,0.00867802947338252,0.27986072563960235,0.16011534117363138
436969,tt6334354,The Suicide Squad,The Suicide Squad,"Supervillains Harley Quinn, Bloodsport, Peacemaker and a collection of nutty cons at Belle Reve prison join the super-secret, super-shady Task Force X as they are dropped off at the remote, enemy-infused island of Corto Maltese.",2021-07-28,"['Action', 'Comedy', 'Adventure']","['monster', 'secret mission', 'superhero', 'anti hero', 'giant monster', 'gore', 'based on comic', 'alien', 'betrayal', 'alien invasion', 'convict', 'parasite', 'super villain', 'world domination', 'aftercreditsstinger', 'aggressive', 'dc extended universe (dceu)', 'absurd', 'hilarious', 'intense', 'excited']","['Margot Robbie', 'Idris Elba', 'John Cena', 'Joel Kinnaman', 'Sylvester Stallone']",James Gunn,7.5,9554,16.0128,132,/q61qEyssk2ku3okWICKArlAdhBn.jpg,"['Action', 'Comedy', 'Adventure'] ['monster', 'secret mission', 'superhero', 'anti hero', 'giant monster', 'gore', 'based on comic', 'alien', 'betrayal', 'alien invasion', 'convict', 'parasite', 'super villain', 'world domination', 'aftercreditsstinger', 'aggressive', 'dc extended universe (dceu)', 'absurd', 'hilarious', 'intense', 'excited'] ['Margot Robbie', 'Idris Elba', 'John Cena', 'Joel Kinnaman', 'Sylvester Stallone'] James Gunn ",0.08387456954585344,0.10843623727505654,0.09690055320084366,0.09640378667391787,0.08387456954585344,0.75,0.025405301756531523,0.23979411616289045,0.15999541662317107
507089,tt4589218,Five Nights at Freddy's,Five Nights at Freddy's,"Recently fired and desperate for work, a troubled young man named Mike agrees to take a position as a night security guard at an abandoned theme restaurant: Freddy Fazbear's Pizzeria. But he soon discovers that nothing at Freddy's is what it seems.",2023-10-25,"['Horror', 'Thriller']","['night shift', 'child murder', 'restaurant', 'custody battle', 'child in peril', 'security guard', 'based on video game', 'evil child', 'duringcreditsstinger', 'troubled past', 'child neglect', 'haunted attractions', 'animatronic', 'abandoned building', 'brother sister relationship', 'supernatural horror', 'child abduction', 'horrified', 'vibrant', 'android horror', 'suspense mystery', 'youtubers']","['Josh Hutcherson', 'Piper Rubio', 'Elizabeth Lail', 'Matthew Lillard', 'Mary Stuart Masterson']",Emma Tammi,7.325,4997,10.8592,110,/7BpNtNfxuocYEVREzVMO75hso1l.jpg,"['Horror', 'Thriller'] ['night shift', 'child murder', 'restaurant', 'custody battle', 'child in peril', 'security guard', 'based on video game', 'evil child', 'duringcreditsstinger', 'troubled past', 'child neglect', 'haunted attractions', 'animatronic', 'abandoned building', 'brother sister relationship', 'supernatural horror', 'child abduction', 'horrified', 'vibrant', 'android horror', 'suspense mystery', 'youtubers'] ['Josh Hutcherson', 'Piper Rubio', 'Elizabeth Lail', 'Matthew Lillard', 'Mary Stuart Masterson'] Emma Tammi ",0.10529592359012754,0.12644977986866063,0.08045564015557537,0.10406711453812117,0.08045564015557537,0.7325,0.014914803376435786,0.12481707624766615,0.15992853810714025
246655,tt3385516,X-Men: Apocalypse,X-Men: Apocalypse,"After the re-emergence of the world's first mutant, world-destroyer Apocalypse, the X-Men must unite to defeat his extinction level plan.",2016-05-18,"['Science Fiction', 'Fantasy', 'Action']","['egypt', 'hero', 'superhero', 'mutant', 'based on comic', 'sequel', 'superhuman', 'super power', 'superhero team', 'world domination', 'aftercreditsstinger', '1980s', 'origin', 'appreciative']","['James McAvoy', 'Michael Fassbender', 'Jennifer Lawrence', 'Nicholas Hoult', 'Oscar Isaac']",Bryan Singer,6.523,13747,8.9016,144,/2mtQwJKVKQrZgTz49Dizb25eOQQ.jpg,"['Science Fiction', 'Fantasy', 'Action'] ['egypt', 'hero', 'superhero', 'mutant', 'based on comic', 'sequel', 'superhuman', 'super power', 'superhero team', 'world domination', 'aftercreditsstinger', '1980s', 'origin', 'appreciative'] ['James McAvoy', 'Michael Fassbender', 'Jennifer Lawrence', 'Nicholas Hoult', 'Oscar Isaac'] Bryan Singer ",0.11102836782479726,0.09247481772828828,0.11451516560512619,0.10600611705273726,0.09247481772828828,0.6523,0.01092997730749846,0.3455871221678357,0.15986858139251853
986056,tt20969586,Thunderbolts*,Thunderbolts*,"After finding themselves ensnared in a death trap, seven disillusioned castoffs must embark on a dangerous mission that will force them to confront the darkest corners of their pasts.",2025-04-30,"['Action', 'Science Fiction', 'Adventure']","['new york city', 'superhero', 'villain', 'based on comic', 'super power', 'mental health', 'aftercreditsstinger', 'duringcreditsstinger', 'marvel cinematic universe (mcu)', 'congressman', 'father daughter relationship', 'impeachment', ""survivor's guilt"", 'antihero', 'ragtag', 'band of misfits', 'epic heroes']","['Florence Pugh', 'Sebastian Stan', 'Julia Louis-Dreyfus', 'Lewis Pullman', 'David Harbour']",Jake Schreier,7.289,3465,16.0904,127,/hqcexYHbiTBfDIdDWxrxPtVndBX.jpg,"['Action', 'Science Fiction', 'Adventure'] ['new york city', 'superhero', 'villain', 'based on comic', 'super power', 'mental health', 'aftercreditsstinger', 'duringcreditsstinger', 'marvel cinematic universe (mcu)', 'congressman', 'father daughter relationship', 'impeachment', ""survivor's guilt"", 'antihero', 'ragtag', 'band of misfits', 'epic heroes'] ['Florence Pugh', 'Sebastian Stan', 'Julia Louis-Dreyfus', 'Lewis Pullman', 'David Harbour'] Jake Schreier ",0.10506124647988618,0.1217299756774478,0.0848158373562127,0.10386901983784891,0.0848158373562127,0.7289,0.02556326176008155,0.08616339506484332,0.15985819611994367
324849,tt4116284,The Lego Batman Movie,The Lego Batman Movie,"A cooler-than-ever Bruce Wayne must deal with the usual suspects as they plan to rule Gotham City, while discovering that he has accidentally adopted a teenage orphan who wishes to become his sidekick.",2017-02-08,"['Animation', 'Action', 'Comedy', 'Family']","['superhero', 'based on comic', 'based on toy', 'spin off', 'super power', 'lego', 'playful', 'joyous']","['Will Arnett', 'Michael Cera', 'Rosario Dawson', 'Ralph Fiennes', 'Zach Galifianakis']",Chris McKay,7.24,5386,6.074,104,/e1TliRWOdXQ73pRunbpFiGst6Kd.jpg,"['Animation', 'Action', 'Comedy', 'Family'] ['superhero', 'based on comic', 'based on toy', 'spin off', 'super power', 'lego', 'playful', 'joyous'] ['Will Arnett', 'Michael Cera', 'Rosario Dawson', 'Ralph Fiennes', 'Zach Galifianakis'] Chris McKay ",0.12843450753152166,0.10576938514371591,0.08122934369802993,0.10514441212442249,0.08122934369802993,0.724,0.005174207899791477,0.13463188171771712,0.15983760049182869
2118,tt0119488,L.A. Confidential,L.A. Confidential,Three detectives in the corrupt and brutal L.A. police force of the 1950s use differing methods to uncover a conspiracy behind the shotgun slayings of the patrons at an all-night diner.,1997-09-19,"['Crime', 'Mystery', 'Thriller']","['corruption', 'based on novel or book', 'call girl', 'shotgun', 'detective', 'femme fatale', 'domestic violence', 'whodunit', 'corpse', 'district attorney', 'movie star', 'good cop bad cop', 'angry', 'aggressive', 'neo-noir', 'zealous', '1950s', 'vindictive', 'admiring', 'approving', 'vibrant']","['Kevin Spacey', 'Russell Crowe', 'Guy Pearce', 'James Cromwell', 'Kim Basinger']",Curtis Hanson,7.801,5519,6.4161,138,/lWCgf5sD5FpMljjpkRhcC8pXcch.jpg,"['Crime', 'Mystery', 'Thriller'] ['corruption', 'based on novel or book', 'call girl', 'shotgun', 'detective', 'femme fatale', 'domestic violence', 'whodunit', 'corpse', 'district attorney', 'movie star', 'good cop bad cop', 'angry', 'aggressive', 'neo-noir', 'zealous', '1950s', 'vindictive', 'admiring', 'approving', 'vibrant'] ['Kevin Spacey', 'Russell Crowe', 'Guy Pearce', 'James Cromwell', 'Kim Basinger'] Curtis Hanson ",0.08331083928720454,0.11153966253793392,0.09203866934485738,0.09562972372333195,0.08331083928720454,0.7801,0.005870575389668602,0.1379875864157037,0.15976735726761082
917496,tt2049403,Beetlejuice Beetlejuice,Beetlejuice Beetlejuice,"After a family tragedy, three generations of the Deetz family return home to Winter River. Still haunted by Betelgeuse, Lydia's life is turned upside down when her teenage daughter, Astrid, accidentally opens the portal to the Afterlife.",2024-09-04,"['Comedy', 'Fantasy', 'Horror']","['afterlife', 'haunted house', 'sequel', 'paranormal', 'teenage girl', 'gothic', 'death', 'new england', 'ghost', 'unexpected death', 'mother daughter relationship', 'fantasy', 'suburban gothic', 'surreal visuals', 'ghoulish humor']","['Michael Keaton', 'Winona Ryder', ""Catherine O'Hara"", 'Jenna Ortega', 'Justin Theroux']",Tim Burton,6.933,3101,8.8127,105,/kKgQzkUCnQmeTPkyIwHly2t6ZFI.jpg,"['Comedy', 'Fantasy', 'Horror'] ['afterlife', 'haunted house', 'sequel', 'paranormal', 'teenage girl', 'gothic', 'death', 'new england', 'ghost', 'unexpected death', 'mother daughter relationship', 'fantasy', 'suburban gothic', 'surreal visuals', 'ghoulish humor'] ['Michael Keaton', 'Winona Ryder', ""Catherine O'Hara"", 'Jenna Ortega', 'Justin Theroux'] Tim Burton ",0.11236612810538182,0.12597336320143718,0.08735854624899148,0.1085660125186035,0.08735854624899148,0.6933,0.010749015396214985,0.07697936115456426,0.1592316750718683
223,tt0032976,Rebecca,Rebecca,"Story of a young woman who marries a fascinating widower only to find out that she must live in the shadow of his former wife, Rebecca, who died mysteriously several years earlier. The young wife must come to grips with the terrible secret of her handsome, cold husband, Max De Winter. She must also deal with the jealous, obsessed Mrs. Danvers, the housekeeper, who will not accept her as the mistress of the house.",1940-03-23,"['Mystery', 'Romance', 'Thriller', 'Drama']","['based on novel or book', 'age difference', 'obsession', 'monte carlo', 'bride', 'cornwall, england', 'love', 'film noir', 'rural area', 'black and white', 'devotion', 'housekeeper', 'gothic', 'death', 'estate', 'costume party', 'mysterious death', 'gothic thriller', 'age-gap relationship']","['Joan Fontaine', 'Laurence Olivier', 'George Sanders', 'Judith Anderson', 'Nigel Bruce']",Alfred Hitchcock,7.893,1970,4.1657,130,/1qz3qUOHnVy7dL7M7G8jSErxE4b.jpg,"['Mystery', 'Romance', 'Thriller', 'Drama'] ['based on novel or book', 'age difference', 'obsession', 'monte carlo', 'bride', 'cornwall, england', 'love', 'film noir', 'rural area', 'black and white', 'devotion', 'housekeeper', 'gothic', 'death', 'estate', 'costume party', 'mysterious death', 'gothic thriller', 'age-gap relationship'] ['Joan Fontaine', 'Laurence Olivier', 'George Sanders', 'Judith Anderson', 'Nigel Bruce'] Alfred Hitchcock ",0.0957642051717809,0.09406823391089228,0.09151610763783806,0.09378284890683708,0.09151610763783806,0.7893,0.001289735286717763,0.04844325579048292,0.15919963049142288
531309,tt7752126,Brightburn,Brightburn,"What if a child from another world crash-landed on Earth, but instead of becoming a hero to mankind, he proved to be something far more sinister?",2019-05-09,"['Horror', 'Science Fiction']","['husband wife relationship', 'countryside', 'child murder', 'country life', 'kansas, usa', 'super power', 'super villain', 'father son relationship', 'mother son relationship']","['Jackson A. Dunn', 'Elizabeth Banks', 'David Denman', 'Matt Jones', 'Meredith Hagner']",David Yarovesky,6.149,3448,7.7572,91,/sJWwkYc9ajwnPRSkqj8Aue5JbKz.jpg,"['Horror', 'Science Fiction'] ['husband wife relationship', 'countryside', 'child murder', 'country life', 'kansas, usa', 'super power', 'super villain', 'father son relationship', 'mother son relationship'] ['Jackson A. Dunn', 'Elizabeth Banks', 'David Denman', 'Matt Jones', 'Meredith Hagner'] David Yarovesky ",0.09214561974443637,0.15700063237360323,0.10728335010330066,0.11880986740711341,0.09214561974443637,0.6149,0.008600474368546744,0.08573447040419842,0.15911824140265138
1213,tt0134119,The Talented Mr. Ripley,The Talented Mr. Ripley,"Tom Ripley is a calculating young man who believes it's better to be a fake somebody than a real nobody. Opportunity knocks in the form of a wealthy U.S. shipbuilder who hires Tom to travel to Italy to bring back his playboy son, Dickie. Ripley worms his way into the idyllic lives of Dickie and his girlfriend, plunging into a daring scheme of duplicity, lies and murder.",1999-12-25,"['Thriller', 'Crime', 'Drama']","['new york city', 'friendship', 'ship', 'new love', 'lovesickness', 'jealousy', 'dual identity', 'double life', 'based on novel or book', 'venice, italy', 'beguilement', 'italy', 'homicide', 'secret identity', 'atlantic ocean', 'new identity', 'prosecution', 'fake identity', 'rejection', 'inferiority', 'inferiority complex', 'tragedy', 'wealth', 'male homosexuality', 'serial killer', 'psychological thriller', 'period drama', 'envy', 'shocking', 'identity theft', 'complex', 'gay theme', 'intense', 'distressing', 'frightened', 'sexual ambiguity']","['Matt Damon', 'Gwyneth Paltrow', 'Jude Law', 'Cate Blanchett', 'Philip Seymour Hoffman']",Anthony Minghella,7.2,4134,5.4198,140,/6ojHgqtIR41O2qLKa7LFUVj0cZa.jpg,"['Thriller', 'Crime', 'Drama'] ['new york city', 'friendship', 'ship', 'new love', 'lovesickness', 'jealousy', 'dual identity', 'double life', 'based on novel or book', 'venice, italy', 'beguilement', 'italy', 'homicide', 'secret identity', 'atlantic ocean', 'new identity', 'prosecution', 'fake identity', 'rejection', 'inferiority', 'inferiority complex', 'tragedy', 'wealth', 'male homosexuality', 'serial killer', 'psychological thriller', 'period drama', 'envy', 'shocking', 'identity theft', 'complex', 'gay theme', 'intense', 'distressing', 'frightened', 'sexual ambiguity'] ['Matt Damon', 'Gwyneth Paltrow', 'Jude Law', 'Cate Blanchett', 'Philip Seymour Hoffman'] Anthony Minghella ",0.10357687801674577,0.09779270128343281,0.09802036352072188,0.09979664760696683,0.09779270128343281,0.72,0.00384253993171894,0.1030428420043397,0.15860249423925338
447404,tt5884052,Pokémon Detective Pikachu,Pokémon Detective Pikachu,"In a world where people collect pocket-size monsters (Pokémon) to do battle, a boy comes across an intelligent monster who seeks to be a detective.",2019-05-03,"['Action', 'Adventure', 'Fantasy']","['amnesia', 'detective', 'car crash', 'whodunit', 'based on video game', 'missing person', 'missing parent', 'buddy comedy', 'neo-noir', 'live action and animation', 'amused']","['Ryan Reynolds', 'Justice Smith', 'Kathryn Newton', 'Bill Nighy', 'Ken Watanabe']",Rob Letterman,6.906,7336,6.2582,105,/uhWvnFgg3BNlcUz0Re1HfQqIcCD.jpg,"['Action', 'Adventure', 'Fantasy'] ['amnesia', 'detective', 'car crash', 'whodunit', 'based on video game', 'missing person', 'missing parent', 'buddy comedy', 'neo-noir', 'live action and animation', 'amused'] ['Ryan Reynolds', 'Justice Smith', 'Kathryn Newton', 'Bill Nighy', 'Ken Watanabe'] Rob Letterman ",0.09845537695036792,0.1371057172233859,0.08313767228165761,0.1062329221518038,0.08313767228165761,0.6906,0.005549159351517191,0.18383206337992633,0.15858204990314803
945729,tt22687790,A Haunting in Venice,A Haunting in Venice,"Celebrated sleuth Hercule Poirot, now retired and living in self-imposed exile in Venice, reluctantly attends a Halloween séance at a decaying, haunted palazzo. When one of the guests is murdered, the detective is thrust into a sinister world of shadows and secrets.",2023-09-13,"['Mystery', 'Thriller', 'Crime']","['based on novel or book', 'venice, italy', 'loss of loved one', 'detective', 'medium', 'grief', 'whodunit', 'investigator', 'guilt', 'novelist', 'post world war ii', 'murder investigation', 'ghost', 'séance', 'mysterious', 'murder mystery', 'spiritism', 'halloween night', 'palazzo', 'retired detective']","['Kenneth Branagh', 'Kyle Allen', 'Camille Cottin', 'Jamie Dornan', 'Tina Fey']",Kenneth Branagh,6.6,2816,3.9988,104,/l6iwxT0NbVw6QiF08YTIuTnXS82.jpg,"['Mystery', 'Thriller', 'Crime'] ['based on novel or book', 'venice, italy', 'loss of loved one', 'detective', 'medium', 'grief', 'whodunit', 'investigator', 'guilt', 'novelist', 'post world war ii', 'murder investigation', 'ghost', 'séance', 'mysterious', 'murder mystery', 'spiritism', 'halloween night', 'palazzo', 'retired detective'] ['Kenneth Branagh', 'Kyle Allen', 'Camille Cottin', 'Jamie Dornan', 'Tina Fey'] Kenneth Branagh ",0.0906881726540994,0.1372807595483099,0.10849004762128917,0.11215299327456614,0.0906881726540994,0.6599999999999999,0.0009499991450618372,0.06978856537316445,0.15846135144110302
50619,tt1324999,The Twilight Saga: Breaking Dawn - Part 1,The Twilight Saga: Breaking Dawn - Part 1,Bella Swan and Edward Cullen's honeymoon phase is abruptly disrupted by betrayals and unforeseen tragedies that endanger their world.,2011-11-16,"['Adventure', 'Fantasy', 'Romance']","['based on novel or book', 'vampire', 'hybrid', 'teen movie', 'werewolf', 'supernatural creature', 'dead', 'duringcreditsstinger', 'based on young adult novel']","['Kristen Stewart', 'Robert Pattinson', 'Taylor Lautner', 'Billy Burke', 'Peter Facinelli']",Bill Condon,6.188,9251,15.3291,117,/qs8LsHKYlVRmJbFUiSUhhRAygwj.jpg,"['Adventure', 'Fantasy', 'Romance'] ['based on novel or book', 'vampire', 'hybrid', 'teen movie', 'werewolf', 'supernatural creature', 'dead', 'duringcreditsstinger', 'based on young adult novel'] ['Kristen Stewart', 'Robert Pattinson', 'Taylor Lautner', 'Billy Burke', 'Peter Facinelli'] Bill Condon ",0.10156911384060473,0.08145458880441528,0.16165451968063088,0.11489274077521695,0.08145458880441528,0.6188,0.024013584560305303,0.23214916485845485,0.15821459009875233
268,tt0096895,Batman,Batman,"Having witnessed his parents' brutal murder as a child, millionaire philanthropist Bruce Wayne fights crime in Gotham City disguised as Batman, a costumed hero who strikes fear into the hearts of villains. But when a deformed madman known as 'The Joker' seizes control of Gotham's criminal underworld, Batman must face his most ruthless nemesis ever while protecting both his identity and his love interest, reporter Vicki Vale.",1989-06-21,"['Fantasy', 'Action', 'Crime']","['dual identity', 'double life', 'chemical', 'crime fighter', 'superhero', 'villain', 'based on comic', 'vigilante', 'mobster', 'organized crime', 'criminal', 'super power', 'madness', 'vigilantism', 'cautionary', 'good versus evil']","['Michael Keaton', 'Jack Nicholson', 'Kim Basinger', 'Robert Wuhl', 'Pat Hingle']",Tim Burton,7.231,8541,9.0819,126,/cij4dd21v2Rk2YtUQbV5kW69WB2.jpg,"['Fantasy', 'Action', 'Crime'] ['dual identity', 'double life', 'chemical', 'crime fighter', 'superhero', 'villain', 'based on comic', 'vigilante', 'mobster', 'organized crime', 'criminal', 'super power', 'madness', 'vigilantism', 'cautionary', 'good versus evil'] ['Michael Keaton', 'Jack Nicholson', 'Kim Basinger', 'Robert Wuhl', 'Pat Hingle'] Tim Burton ",0.09618742696383091,0.1175271444885245,0.0838419196457948,0.09918549703271673,0.0838419196457948,0.7231,0.011296990047705548,0.21423525256093254,0.15817257175307461
1273,tt0453556,TMNT,TMNT,"After the defeat of their old arch nemesis, The Shredder, the Turtles have grown apart as a family. Struggling to keep them together, their rat sensei, Splinter, becomes worried when strange things begin to brew in New York City.",2007-03-23,"['Adventure', 'Animation', 'Comedy', 'Family']","['new york city', 'journalist', 'martial arts', 'sibling relationship', 'skateboarding', 'secret identity', 'crime fighter', 'superhero', 'mutant', 'pizza', 'turtle', 'based on comic', 'love', 'reunion', 'ninja', 'sibling rivalry', 'brother against brother', 'martial arts master', 'sewer', 'ancient curse', 'brother brother relationship', 'anthropomorphic animal']","['James Arnold Taylor', 'Mitchell Whitfield', 'Nolan North', 'Mikey Kelley', 'Sarah Michelle Gellar']",Kevin Munroe,6.164,1202,3.8886,87,/6ZCWn7BGpDLBDigtdiuGyBdEqab.jpg,"['Adventure', 'Animation', 'Comedy', 'Family'] ['new york city', 'journalist', 'martial arts', 'sibling relationship', 'skateboarding', 'secret identity', 'crime fighter', 'superhero', 'mutant', 'pizza', 'turtle', 'based on comic', 'love', 'reunion', 'ninja', 'sibling rivalry', 'brother against brother', 'martial arts master', 'sewer', 'ancient curse', 'brother brother relationship', 'anthropomorphic animal'] ['James Arnold Taylor', 'Mitchell Whitfield', 'Nolan North', 'Mikey Kelley', 'Sarah Michelle Gellar'] Kevin Munroe ",0.12585408562793546,0.10725188959378822,0.10348121084460545,0.11219572868877636,0.10348121084460545,0.6164,0.0007256796554843469,0.029065953474289752,0.15586655527577606
1124620,tt27714946,The Monkey,The Monkey,"When twin brothers find a mysterious wind-up monkey, a series of outrageous deaths tear their family apart. Twenty-five years later, the monkey begins a new killing spree forcing the estranged brothers to confront the cursed toy.",2025-02-14,"['Horror', 'Comedy']","['sibling relationship', 'shotgun', 'supernatural', 'drums', 'harpoon', 'dark comedy', 'gore', 'twin brother', 'maine', 'decapitation', 'accidental death', 'wasp', 'monkey', 'exploding body', 'death', 'evil', 'evil twin', 'based on short story', 'macabre', 'dual role', 'aftercreditsstinger', 'cursed', '1990s', 'father son relationship', 'mother son relationship', 'brother brother relationship', 'toy monkey', 'supernatural horror', 'toy', 'body horror', 'cursed object', 'horror', 'japanese restaurant', 'father son estrangement']","['Theo James', 'Tatiana Maslany', 'Christian Convery', ""Colin O'Brien"", 'Adam Scott']",Osgood Perkins,6.005,1288,9.4547,97,/yYa8Onk9ow7ukcnfp2QWVvjWYel.jpg,"['Horror', 'Comedy'] ['sibling relationship', 'shotgun', 'supernatural', 'drums', 'harpoon', 'dark comedy', 'gore', 'twin brother', 'maine', 'decapitation', 'accidental death', 'wasp', 'monkey', 'exploding body', 'death', 'evil', 'evil twin', 'based on short story', 'macabre', 'dual role', 'aftercreditsstinger', 'cursed', '1990s', 'father son relationship', 'mother son relationship', 'brother brother relationship', 'toy monkey', 'supernatural horror', 'toy', 'body horror', 'cursed object', 'horror', 'japanese restaurant', 'father son estrangement'] ['Theo James', 'Tatiana Maslany', 'Christian Convery', ""Colin O'Brien"", 'Adam Scott'] Osgood Perkins ",0.10147161125504259,0.1660978351936893,0.08790755810903161,0.11849233485258785,0.08790755810903161,0.6005,0.012055849446203628,0.031235807639905133,0.15563792091217266
604079,tt10374610,The Long Walk,The Long Walk,"In a dystopian 1970s America, fifty teenage boys take part in a deadly annual walking contest, forced to maintain a minimum pace or be executed, until only one survivor remains.",2025-09-10,"['Science Fiction', 'Thriller', 'Horror']","['suicide', 'based on novel or book', 'male friendship', 'bullying', 'coming of age', 'survival', 'teenage boy', 'survival horror', 'hard', 'authoritarian regime', 'psychological horror', 'psychological breakdown', 'life‑or‑death stakes', 'forced march', 'moral despair', 'fatal competition', 'youth dystopia', 'oppressive system', 'stephen king']","['Cooper Hoffman', 'David Jonsson', 'Ben Wang', 'Tut Nyuot', 'Charlie Plummer']",Francis Lawrence,6.918,1470,12.1826,108,/wobVTa99eW0ht6c1rNNzLkazPtR.jpg,"['Science Fiction', 'Thriller', 'Horror'] ['suicide', 'based on novel or book', 'male friendship', 'bullying', 'coming of age', 'survival', 'teenage boy', 'survival horror', 'hard', 'authoritarian regime', 'psychological horror', 'psychological breakdown', 'life‑or‑death stakes', 'forced march', 'moral despair', 'fatal competition', 'youth dystopia', 'oppressive system', 'stephen king'] ['Cooper Hoffman', 'David Jonsson', 'Ben Wang', 'Tut Nyuot', 'Charlie Plummer'] Francis Lawrence ",0.0971971513288097,0.12249083625974551,0.09013265928318401,0.1032735489572464,0.09013265928318401,0.6918,0.01760867281842172,0.03582782459504466,0.1555791553553005
994108,tt21192142,All of Us Strangers,All of Us Strangers,"One night in his near-empty tower block in contemporary London, Adam has a chance encounter with a mysterious neighbor Harry, which punctures the rhythm of his everyday life.",2023-12-22,"['Romance', 'Drama', 'Fantasy']","['london, england', 'based on novel or book', 'isolation', 'screenwriter', 'gay club', 'surrealism', 'nostalgia', 'alcoholism', 'love', 'grief', 'loneliness', 'neighbor', 'memory', 'childhood home', 'death', 'magic realism', 'high rise', 'tower block', 'lgbt', 'record player', 'drunkenness', 'christmas', 'metaphysical', 'father son relationship', 'mother son relationship', 'gay theme', 'independent film', 'wistful', 'apartment', 'death of parents', 'depressing', 'adoring', 'frightened', 'dorking, england', '35mm film', 'queer loneliness']","['Andrew Scott', 'Paul Mescal', 'Carter John Grout', 'Jamie Bell', 'Claire Foy']",Andrew Haigh,7.398,1009,3.8661,105,/aviJMFZSnnCAsCVyJGaPNx4Ef3i.jpg,"['Romance', 'Drama', 'Fantasy'] ['london, england', 'based on novel or book', 'isolation', 'screenwriter', 'gay club', 'surrealism', 'nostalgia', 'alcoholism', 'love', 'grief', 'loneliness', 'neighbor', 'memory', 'childhood home', 'death', 'magic realism', 'high rise', 'tower block', 'lgbt', 'record player', 'drunkenness', 'christmas', 'metaphysical', 'father son relationship', 'mother son relationship', 'gay theme', 'independent film', 'wistful', 'apartment', 'death of parents', 'depressing', 'adoring', 'frightened', 'dorking, england', '35mm film', 'queer loneliness'] ['Andrew Scott', 'Paul Mescal', 'Carter John Grout', 'Jamie Bell', 'Claire Foy'] Andrew Haigh ",0.0978219612146042,0.09284624569549245,0.09293524329743809,0.09453448340251158,0.09284624569549245,0.7398,0.0006798793967230629,0.02419639703285058,0.15450098767328974
400650,tt5028340,Mary Poppins Returns,Mary Poppins Returns,"Mary Poppins returns to the Banks family and helps them evade grave dangers by taking them on magical, musical adventures.",2018-12-13,"['Fantasy', 'Family', 'Comedy']","['london, england', 'based on novel or book', 'magic', 'nanny', 'musical', 'family relationships', 'sequel', 'animated scene', 'female protagonist', 'housekeeper', 'family', 'discipline', 'depression era', 'live action and animation', '1930s']","['Emily Blunt', 'Lin-Manuel Miranda', 'Ben Whishaw', 'Emily Mortimer', 'Pixie Davies']",Rob Marshall,6.508,3455,3.7606,131,/uTVGku4LibMGyKgQvjBtv3OYfAX.jpg,"['Fantasy', 'Family', 'Comedy'] ['london, england', 'based on novel or book', 'magic', 'nanny', 'musical', 'family relationships', 'sequel', 'animated scene', 'female protagonist', 'housekeeper', 'family', 'discipline', 'depression era', 'live action and animation', '1930s'] ['Emily Blunt', 'Lin-Manuel Miranda', 'Ben Whishaw', 'Emily Mortimer', 'Pixie Davies'] Rob Marshall ",0.14174225442857163,0.08454507684533047,0.09926691005395302,0.10851808044261839,0.08454507684533047,0.6508,0.0004651270723090422,0.08591108644093455,0.15425794319775601
49519,tt0481499,The Croods,The Croods,"The prehistoric Croods family live in a particularly dangerous moment in time. Patriarch Grug, his mate Ugga, teenage daughter Eep, son Thunk, and feisty Gran gather food by day and huddle together in a cave at night. When a more evolved caveman named Guy arrives on the scene, Grug is distrustful, but it soon becomes apparent that Guy is correct about the impending destruction of their world.",2013-03-15,"['Animation', 'Adventure', 'Family', 'Comedy']","['daughter', 'parent child relationship', 'stone age', 'father', 'prehistory', 'ancient world', 'family', 'cavemen', 'aftercreditsstinger', 'duringcreditsstinger', 'pets']","['Nicolas Cage', 'Emma Stone', 'Ryan Reynolds', 'Catherine Keener', 'Cloris Leachman']",Kirk DeMicco,6.937,7515,10.4588,99,/27zvjVOtOi5ped1HSlJKNsKXkFH.jpg,"['Animation', 'Adventure', 'Family', 'Comedy'] ['daughter', 'parent child relationship', 'stone age', 'father', 'prehistory', 'ancient world', 'family', 'cavemen', 'aftercreditsstinger', 'duringcreditsstinger', 'pets'] ['Nicolas Cage', 'Emma Stone', 'Ryan Reynolds', 'Catherine Keener', 'Cloris Leachman'] Kirk DeMicco ",0.0975159384325057,0.08860114334777897,0.1043929658060589,0.09683668252878119,0.08860114334777897,0.6937,0.014099762327190535,0.18834838774789323,0.15422403293803713
13920,tt0316465,Radio,Radio,"In the racially divided town of Anderson, South Carolina in 1976, football coach Harold Jones spots a mentally disabled African-American young man nicknamed Radio near his practice field and is inspired to befriend him. Soon, Radio is Jones' loyal assistant, and he becomes a student at T.L. Hanna High School. But things start to sour when Coach Jones begins taking guff from parents and fans who feel that his devotion to Radio is getting in the way of the team's quest for a championship.",2003-10-24,['Drama'],"['mentally disabled', 'high school', 'friendship', 'sports', 'american football', '1970s', 'american football coach', 'biography', 'based on true story', 'inspiration', 'kindness', 'inspiring story', 'teenage daughter', 'disability', 'schoolteacher', 'mentor protégé relationship', 'racial issues', 'based on magazine, newspaper or article', 'father daughter relationship', 'uplifting']","['Cuba Gooding Jr.', 'Ed Harris', 'Alfre Woodard', 'S. Epatha Merkerson', 'Debra Winger']",Michael Tollin,7.313,820,3.6484,109,/uQ6ci4iFHhB6TWB2f4wftR7AEly.jpg,"['Drama'] ['mentally disabled', 'high school', 'friendship', 'sports', 'american football', '1970s', 'american football coach', 'biography', 'based on true story', 'inspiration', 'kindness', 'inspiring story', 'teenage daughter', 'disability', 'schoolteacher', 'mentor protégé relationship', 'racial issues', 'based on magazine, newspaper or article', 'father daughter relationship', 'uplifting'] ['Cuba Gooding Jr.', 'Ed Harris', 'Alfre Woodard', 'S. Epatha Merkerson', 'Debra Winger'] Michael Tollin ",0.0802349315662462,0.1283603712552799,0.08751908488523433,0.09870479590225349,0.0802349315662462,0.7313,0.00023673644861943832,0.01942776404097492,0.1537307610239921
301528,tt1979376,Toy Story 4,Toy Story 4,"Woody has always been confident about his place in the world, devoted to taking care of his kid—whether that's Andy or Bonnie. But after Bonnie creates a reluctant new toy called ""Forky"", a road trip adventure alongside old and new friends challenges everything Woody believes about loyalty, purpose, and what it truly means to be a toy.",2019-06-19,"['Family', 'Comedy', 'Animation', 'Adventure']","['friendship', 'cartoon', 'rescue mission', 'sequel', 'anti villain', 'buddy', 'cowboy', 'duringcreditsstinger', 'toy comes to life', 'dedication', 'awestruck']","['Tom Hanks', 'Tim Allen', 'Annie Potts', 'Tony Hale', 'Keegan-Michael Key']",Josh Cooley,7.5,10488,13.7473,100,/w9kR8qbmQ01HwnvK4alvnQ2ca0L.jpg,"['Family', 'Comedy', 'Animation', 'Adventure'] ['friendship', 'cartoon', 'rescue mission', 'sequel', 'anti villain', 'buddy', 'cowboy', 'duringcreditsstinger', 'toy comes to life', 'dedication', 'awestruck'] ['Tom Hanks', 'Tim Allen', 'Annie Potts', 'Tony Hale', 'Keegan-Michael Key'] Josh Cooley ",0.08984444846746169,0.08075154021309999,0.09046378729597783,0.08701992532551317,0.08075154021309999,0.75,0.02079372459103422,0.2633597416359691,0.15360426607465397
11362,tt0245844,The Count of Monte Cristo,The Count of Monte Cristo,"Edmond Dantés's life and plans to marry the beautiful Mercedes are shattered when his best friend, Fernand, deceives him. After spending 13 miserable years in prison, Dantés escapes with the help of a fellow inmate and plots his revenge, cleverly insinuating himself into the French nobility.",2002-01-23,"['Adventure', 'Drama', 'History', 'Action', 'Thriller']","['treasure', 'based on novel or book', 'loss of loved one', 'marseille, france', 'female lover', 'ex-lover', 'napoleon bonaparte', 'prison escape', 'sword fight', 'torture', 'period drama', 'historical', 'swashbuckler', 'betrayal by friend', '19th century', 'awestruck']","['Jim Caviezel', 'Guy Pearce', 'Richard Harris', 'James Frain', 'Dagmara Dominczyk']",Kevin Reynolds,7.673,2012,8.3204,131,/ifMgDAUXVQLY4DeOu3VTTi55jSP.jpg,"['Adventure', 'Drama', 'History', 'Action', 'Thriller'] ['treasure', 'based on novel or book', 'loss of loved one', 'marseille, france', 'female lover', 'ex-lover', 'napoleon bonaparte', 'prison escape', 'sword fight', 'torture', 'period drama', 'historical', 'swashbuckler', 'betrayal by friend', '19th century', 'awestruck'] ['Jim Caviezel', 'Guy Pearce', 'Richard Harris', 'James Frain', 'Dagmara Dominczyk'] Kevin Reynolds ",0.09630549589799096,0.08631661398045345,0.08598834563494466,0.08953681850446303,0.08598834563494466,0.7673,0.009746905734518087,0.049502952010899735,0.15340906736714344
4476,tt0110322,Legends of the Fall,Legends of the Fall,"In early 20th-century Montana, Col. William Ludlow lives on a ranch in the wilderness with his sons, Alfred, Tristan, and Samuel. Eventually, the unconventional but close-knit family are bound by loyalty, tested by war, and torn apart by love, as told over the course of several decades in this epic saga.",1994-12-23,"['Drama', 'Western', 'Romance', 'War']","['sibling relationship', 'post-traumatic stress disorder (ptsd)', 'based on novel or book', 'world war i', 'journey around the world', 'montana', 'loyalty', 'ranch', 'affectation', 'native american', 'tragedy', 'interracial marriage', 'sibling rivalry', 'falling in love', 'interracial friendship', '1910s', '1900s', 'political aspiration', 'father son relationship', 'brother brother relationship', 'prohibition', 'beautiful landscapes', 'melodramatic', 'u.s. army soldier']","['Brad Pitt', 'Anthony Hopkins', 'Aidan Quinn', 'Julia Ormond', 'Henry Thomas']",Edward Zwick,7.384,2836,6.0102,133,/t1KPGlW0UGd0m515LPQmk2F4nu1.jpg,"['Drama', 'Western', 'Romance', 'War'] ['sibling relationship', 'post-traumatic stress disorder (ptsd)', 'based on novel or book', 'world war i', 'journey around the world', 'montana', 'loyalty', 'ranch', 'affectation', 'native american', 'tragedy', 'interracial marriage', 'sibling rivalry', 'falling in love', 'interracial friendship', '1910s', '1900s', 'political aspiration', 'father son relationship', 'brother brother relationship', 'prohibition', 'beautiful landscapes', 'melodramatic', 'u.s. army soldier'] ['Brad Pitt', 'Anthony Hopkins', 'Aidan Quinn', 'Julia Ormond', 'Henry Thomas'] Edward Zwick ",0.09017410046487193,0.10033327868961868,0.08780091433829608,0.09276943116426223,0.08780091433829608,0.7384000000000001,0.005044338721615036,0.07029318262098198,0.15325750693849777
24420,tt0452694,The Time Traveler's Wife,The Time Traveler's Wife,"Due to a genetic disorder, handsome librarian Henry DeTamble involuntarily zips through time, appearing at various moments in the life of his true love, the beautiful artist Clare Abshire.",2009-08-14,"['Drama', 'Romance', 'Fantasy']","['future', 'husband wife relationship', 'based on novel or book', 'time travel', 'time', 'love', 'travel', 'tragic love', 'relationship', 'disorder', 'genetic disorder', 'loving']","['Eric Bana', 'Rachel McAdams', 'Arliss Howard', 'Ron Livingston', 'Stephen Tobolowsky']",Robert Schwentke,6.938,2698,4.3101,107,/J3ewuzQwhFro0pDpdcbZ4j7MYy.jpg,"['Drama', 'Romance', 'Fantasy'] ['future', 'husband wife relationship', 'based on novel or book', 'time travel', 'time', 'love', 'travel', 'tragic love', 'relationship', 'disorder', 'genetic disorder', 'loving'] ['Eric Bana', 'Rachel McAdams', 'Arliss Howard', 'Ron Livingston', 'Stephen Tobolowsky'] Robert Schwentke ",0.08746858513686306,0.09915139794599818,0.1129263550215771,0.09984877936814612,0.08746858513686306,0.6938,0.0015836711696124047,0.06681132361104103,0.15315916022397677
3050,tt0118998,Doctor Dolittle,Doctor Dolittle,"A successful physician and devoted family man, John Dolittle seems to have the world by the tail, until a long suppressed talent he possessed as a child, the ability to communicate with animals is suddenly reawakened with a vengeance! Now every creature within squawking distance wants the good doctor's advice, unleashing an outrageous chain of events that turns his world upside down!",1998-06-26,"['Comedy', 'Family', 'Fantasy']","['based on novel or book', 'tiger', 'san francisco, california', 'veterinarian', 'monkey', 'dog', 'talking to animals', 'woman director', 'father son relationship', 'father daughter relationship']","['Eddie Murphy', 'Ossie Davis', 'Oliver Platt', 'Peter Boyle', 'Richard Schiff']",Betty Thomas,5.719,3276,4.227,85,/tLrchGMIkdo1KamQJA6fwvDQEy0.jpg,"['Comedy', 'Family', 'Fantasy'] ['based on novel or book', 'tiger', 'san francisco, california', 'veterinarian', 'monkey', 'dog', 'talking to animals', 'woman director', 'father son relationship', 'father daughter relationship'] ['Eddie Murphy', 'Ossie Davis', 'Oliver Platt', 'Peter Boyle', 'Richard Schiff'] Betty Thomas ",0.0925728115130753,0.14251323022712367,0.1141533399359703,0.11641312722538977,0.0925728115130753,0.5719000000000001,0.0014145155472540618,0.08139476207296766,0.1530434257069954
695721,tt10545296,The Hunger Games: The Ballad of Songbirds & Snakes,The Hunger Games: The Ballad of Songbirds & Snakes,"64 years before he becomes the tyrannical president of Panem, Coriolanus Snow sees a chance for a change in fortunes when he mentors Lucy Gray Baird, the female tribute from District 12.",2023-11-15,"['Science Fiction', 'Action']","['daughter', 'based on novel or book', 'arena', 'fight', 'mentor', 'dystopia', 'riot', 'exploration', 'president', 'prequel', 'survival', 'murder', 'snow', 'creature', 'battle', 'fight to the death', 'young adult', 'origin story', 'based on young adult novel', 'death game', 'teenager']","['Tom Blyth', 'Rachel Zegler', 'Peter Dinklage', 'Jason Schwartzman', 'Hunter Schafer']",Francis Lawrence,6.985,3485,6.8595,157,/mBaXZ95R2OxueZhvQbcEWy2DqyO.jpg,"['Science Fiction', 'Action'] ['daughter', 'based on novel or book', 'arena', 'fight', 'mentor', 'dystopia', 'riot', 'exploration', 'president', 'prequel', 'survival', 'murder', 'snow', 'creature', 'battle', 'fight to the death', 'young adult', 'origin story', 'based on young adult novel', 'death game', 'teenager'] ['Tom Blyth', 'Rachel Zegler', 'Peter Dinklage', 'Jason Schwartzman', 'Hunter Schafer'] Francis Lawrence ",0.08556957172434528,0.11372972975689581,0.09516938271226794,0.09815622806450301,0.08556957172434528,0.6985,0.006773145822324308,0.08666801231266084,0.15270201720771898
9361,tt0104691,The Last of the Mohicans,The Last of the Mohicans,"In war-torn colonial America, in the midst of a bloody battle between British, the French and Native American allies, the aristocratic daughter of a British Colonel and her party are captured by a group of Huron warriors. Fortunately, a group of three Mohican trappers comes to their rescue.",1992-08-26,"['Action', 'History', 'Romance', 'War']","['based on novel or book', 'love triangle', 'native american', 'revenge', 'interracial relationship', 'period drama', 'historical', 'warfare', 'colonialism', '18th century', 'warrior', 'french and indian war']","['Daniel Day-Lewis', 'Madeleine Stowe', 'Jodhi May', 'Russell Means', 'Wes Studi']",Michael Mann,7.386,3405,4.8604,112,/qzJMPWRtZveBkxXOv3ucWhoJuyj.jpg,"['Action', 'History', 'Romance', 'War'] ['based on novel or book', 'love triangle', 'native american', 'revenge', 'interracial relationship', 'period drama', 'historical', 'warfare', 'colonialism', '18th century', 'warrior', 'french and indian war'] ['Daniel Day-Lewis', 'Madeleine Stowe', 'Jodhi May', 'Russell Means', 'Wes Studi'] Michael Mann ",0.08915318969391903,0.08793478908160343,0.09475981642461397,0.0906159317333788,0.08793478908160343,0.7386,0.0027038437205606125,0.08464954332139073,0.15212141962106157
531219,tt0805647,Roald Dahl's The Witches,Roald Dahl's The Witches,"In late 1967, a young orphaned boy goes to live with his loving grandma in the rural Alabama town of Demopolis. As the boy and his grandmother encounter some deceptively glamorous but thoroughly diabolical witches, she wisely whisks him away to a seaside resort. Regrettably, they arrive at precisely the same time that the world's Grand High Witch has gathered.",2020-10-26,"['Comedy', 'Fantasy', 'Family', 'Horror']","['hotel', 'witch', 'based on novel or book', 'alabama', 'mouse', 'transformation', 'car crash', 'orphan', ""based on children's book"", '1960s', 'convention', 'talking animal', 'cgi-live action hybrid']","['Anne Hathaway', 'Octavia Spencer', 'Stanley Tucci', 'Jahzir Bruno', 'Chris Rock']",Robert Zemeckis,6.335,2980,5.7439,104,/ht6EfsM5hrsUPSR4ReJQFDVU71F.jpg,"['Comedy', 'Fantasy', 'Family', 'Horror'] ['hotel', 'witch', 'based on novel or book', 'alabama', 'mouse', 'transformation', 'car crash', 'orphan', ""based on children's book"", '1960s', 'convention', 'talking animal', 'cgi-live action hybrid'] ['Anne Hathaway', 'Octavia Spencer', 'Stanley Tucci', 'Jahzir Bruno', 'Chris Rock'] Robert Zemeckis ",0.09766449416390496,0.11436413548155161,0.09846198523297889,0.10349687162614514,0.09766449416390496,0.6335,0.004502267214587036,0.0739264268052682,0.1517694619423183
346698,tt1517268,Barbie,Barbie,"Barbie and Ken are having the time of their lives in the colorful and seemingly perfect world of Barbie Land. However, when they get a chance to go to the real world, they soon discover the joys and perils of living among humans.",2023-07-19,"['Comedy', 'Adventure', 'Fantasy']","['feminism', 'satire', 'patriarchy', 'social satire', 'based on toy', 'female protagonist', 'fish out of water', 'womanhood', 'doll', 'reality vs fantasy', 'fantasy world', 'motherhood', 'existentialism', 'woman director', 'misandry', 'mother daughter relationship', 'adventure comedy', 'clinical', 'gender discrimination', 'secret world']","['Margot Robbie', 'Ryan Gosling', 'America Ferrera', 'Ariana Greenblatt', 'Issa Rae']",Greta Gerwig,6.9,11064,22.7892,114,/iuFNMS8U5cb6xfzi51Dbkovj7vM.jpg,"['Comedy', 'Adventure', 'Fantasy'] ['feminism', 'satire', 'patriarchy', 'social satire', 'based on toy', 'female protagonist', 'fish out of water', 'womanhood', 'doll', 'reality vs fantasy', 'fantasy world', 'motherhood', 'existentialism', 'woman director', 'misandry', 'mother daughter relationship', 'adventure comedy', 'clinical', 'gender discrimination', 'secret world'] ['Margot Robbie', 'Ryan Gosling', 'America Ferrera', 'Ariana Greenblatt', 'Issa Rae'] Greta Gerwig ",0.08318617539195605,0.08510269838224123,0.10429930636599506,0.09086272671339744,0.08318617539195605,0.6900000000000001,0.03919911835519668,0.27789271837311397,0.15143183536021773
8247,tt0489099,Jumper,Jumper,"David Rice is a man who knows no boundaries, a Jumper, born with the uncanny ability to teleport instantly to anywhere on Earth. When he discovers others like himself, David is thrust into a dangerous and bloodthirsty war while being hunted by a sinister and determined group of zealots who have sworn to destroy all Jumpers. Now, David’s extraordinary gift may be his only hope for survival!",2008-02-13,"['Action', 'Adventure', 'Science Fiction']","['adolescence', 'based on novel or book', 'loss of loved one', 'motherly love', 'super power', 'identity conflict', 'teleportation ability', 'global chase', 'secret war', 'paladin hunter', 'tragic family past', 'fight and chase', 'power discovery', 'instant travel', 'dimensional jump', 'hidden safehouses']","['Hayden Christensen', 'Jamie Bell', 'Samuel L. Jackson', 'Rachel Bilson', 'Michael Rooker']",Doug Liman,6.161,6215,6.557,88,/3pPZ9JhNz3VMmASVir5SMHvTDUU.jpg,"['Action', 'Adventure', 'Science Fiction'] ['adolescence', 'based on novel or book', 'loss of loved one', 'motherly love', 'super power', 'identity conflict', 'teleportation ability', 'global chase', 'secret war', 'paladin hunter', 'tragic family past', 'fight and chase', 'power discovery', 'instant travel', 'dimensional jump', 'hidden safehouses'] ['Hayden Christensen', 'Jamie Bell', 'Samuel L. Jackson', 'Rachel Bilson', 'Michael Rooker'] Doug Liman ",0.08890823075469008,0.10192156868639098,0.1235325161226038,0.1047874385212283,0.08890823075469008,0.6161,0.006157386787867044,0.15554826663975374,0.15079916812616748
392044,tt3402236,Murder on the Orient Express,Murder on the Orient Express,Genius Belgian detective Hercule Poirot investigates the murder of an American tycoon aboard the Orient Express train.,2017-11-03,"['Mystery', 'Drama', 'Crime']","['princess', 'based on novel or book', 'venice, italy', 'professor', 'detective', 'investigation', 'orient express', 'knife', 'europe', 'remake', 'murder', 'snow', 'whodunit', 'train', 'stabbing', 'alps mountains', 'murder mystery', '1930s', 'steam train', 'istanbul']","['Kenneth Branagh', 'Tom Bateman', 'Michelle Pfeiffer', 'Johnny Depp', 'Josh Gad']",Kenneth Branagh,6.7,10520,6.5297,114,/7GtdJU6iAg6fjQu3E3zta3bIAQh.jpg,"['Mystery', 'Drama', 'Crime'] ['princess', 'based on novel or book', 'venice, italy', 'professor', 'detective', 'investigation', 'orient express', 'knife', 'europe', 'remake', 'murder', 'snow', 'whodunit', 'train', 'stabbing', 'alps mountains', 'murder mystery', '1930s', 'steam train', 'istanbul'] ['Kenneth Branagh', 'Tom Bateman', 'Michelle Pfeiffer', 'Johnny Depp', 'Josh Gad'] Kenneth Branagh ",0.08414918024130368,0.11359684146625046,0.08362060322224676,0.09378887497660031,0.08362060322224676,0.67,0.0061018158072366855,0.26416712923247715,0.15015328643810621
262504,tt3410834,Allegiant,Allegiant,Beatrice Prior and Tobias Eaton venture into the world outside of the fence and are taken into protective custody by a mysterious agency known as the Bureau of Genetic Welfare.,2016-03-09,"['Adventure', 'Science Fiction', 'Action', 'Mystery']","['based on novel or book', 'revolution', 'dystopia', 'sequel', 'transhumanism', 'vaccination', 'based on young adult novel', 'mass surveillance', 'absurd', 'cliché', 'smart city']","['Shailene Woodley', 'Theo James', 'Miles Teller', 'Zoë Kravitz', 'Naomi Watts']",Robert Schwentke,6.099,6958,4.5769,120,/faq9JlF8znUGQ5p3En1W61Fi5p0.jpg,"['Adventure', 'Science Fiction', 'Action', 'Mystery'] ['based on novel or book', 'revolution', 'dystopia', 'sequel', 'transhumanism', 'vaccination', 'based on young adult novel', 'mass surveillance', 'absurd', 'cliché', 'smart city'] ['Shailene Woodley', 'Theo James', 'Miles Teller', 'Zoë Kravitz', 'Naomi Watts'] Robert Schwentke ",0.09288268551123338,0.09195188121092798,0.12394007545746803,0.10292488072654314,0.09195188121092798,0.6099,0.0021267604601684317,0.174294797396175,0.14983124747616722
1159831,tt30851137,The Bride!,The Bride!,A lonely Frankenstein travels to 1930s Chicago to ask groundbreaking scientist Dr. Euphronious to create a companion for him. The two revive a murdered young woman and The Bride is born. But what ensues is beyond what either of them imagined.,2026-03-04,"['Science Fiction', 'Horror', 'Fantasy']","['chicago, illinois', 'new york city', 'prostitute', 'based on novel or book', 'musical', 'mad scientist', 'niagara falls', 'murder', 'loneliness', 'police corruption', 'back from the dead', 'attempted rape', 'undercover operation', 'companion', 'woman director', 'sexual assault', 'femicide', '1930s', 'gothic romance', 'female scientist', 'female revolution', 'frankenstein', 'monster girl', 'horror romance', 'romantic fantasy', 'mary shelley', 'sci-fi horror', 'audacious']","['Jessie Buckley', 'Christian Bale', 'Peter Sarsgaard', 'John Magaro', 'Jeannie Berlin']",Maggie Gyllenhaal,6.193,415,25.5745,127,/lV8YHwGkYZsm6EfIqnhaSz2avKt.jpg,"['Science Fiction', 'Horror', 'Fantasy'] ['chicago, illinois', 'new york city', 'prostitute', 'based on novel or book', 'musical', 'mad scientist', 'niagara falls', 'murder', 'loneliness', 'police corruption', 'back from the dead', 'attempted rape', 'undercover operation', 'companion', 'woman director', 'sexual assault', 'femicide', '1930s', 'gothic romance', 'female scientist', 'female revolution', 'frankenstein', 'monster girl', 'horror romance', 'romantic fantasy', 'mary shelley', 'sci-fi horror', 'audacious'] ['Jessie Buckley', 'Christian Bale', 'Peter Sarsgaard', 'John Magaro', 'Jeannie Berlin'] Maggie Gyllenhaal ",0.11004316360387192,0.1238501700373777,0.08514609229075143,0.10634647531066703,0.08514609229075143,0.6193,0.04486878327643245,0.00920926477266993,0.14961467620383023
2043,tt0164334,Along Came a Spider,Along Came a Spider,"After the harrowing death of his partner, forensic psychologist and best-selling author Alex Cross cannot forgive himself and has retreated to the peace of retirement. But when a brilliant criminal kidnaps a senator's young daughter, he is lured back into action as the kidnapper wants to deal with Alex personally. Teamed with Jezzie Flanigan, the Secret Service agent assigned to protect the missing girl, Alex follows a serpentine trail of clues that leads him to a stunning discovery - the kidnapper wants more than just ransom.",2001-04-06,"['Crime', 'Mystery', 'Thriller', 'Action']","['based on novel or book', 'detective', 'fbi', 'teacher', 'psychologist', 'psychological thriller', 'whodunit', 'cat and mouse', 'secret service', 'child kidnapping', 'u.s. senator', 'ransom demand', 'u.s. secret service agent', 'retired detective', 'young abducted girl', 'psychological detective', 'psychological profiling']","['Morgan Freeman', 'Monica Potter', 'Michael Wincott', 'Dylan Baker', 'Mika Boorem']",Lee Tamahori,6.348,2051,4.3167,104,/vipRsbIpwUNf1gjfOcVNizQ1o3c.jpg,"['Crime', 'Mystery', 'Thriller', 'Action'] ['based on novel or book', 'detective', 'fbi', 'teacher', 'psychologist', 'psychological thriller', 'whodunit', 'cat and mouse', 'secret service', 'child kidnapping', 'u.s. senator', 'ransom demand', 'u.s. secret service agent', 'retired detective', 'young abducted girl', 'psychological detective', 'psychological profiling'] ['Morgan Freeman', 'Monica Potter', 'Michael Wincott', 'Dylan Baker', 'Mika Boorem'] Lee Tamahori ",0.0878784443653248,0.13302094783750307,0.09006158810026813,0.103653660101032,0.0878784443653248,0.6348,0.0015971059121823808,0.05048695564414392,0.14948822022898411
170687,tt0787474,The Boxtrolls,The Boxtrolls,"An orphaned boy raised by underground creatures called Boxtrolls comes up from the sewers and out of his box to save his family and the town from the evil exterminator, Archibald Snatcher.",2014-09-10,"['Animation', 'Comedy', 'Family', 'Fantasy']","['based on novel or book', 'parent child relationship', 'stop motion', 'unlikely friendship', 'duringcreditsstinger']","['Ben Kingsley', 'Isaac Hempstead Wright', 'Elle Fanning', 'Dee Bradley Baker', 'Toni Collette']",Graham Annable,6.711,1789,4.7931,97,/npBf0yc5Gt7aAyyVOcYtFyT2IPa.jpg,"['Animation', 'Comedy', 'Family', 'Fantasy'] ['based on novel or book', 'parent child relationship', 'stop motion', 'unlikely friendship', 'duringcreditsstinger'] ['Ben Kingsley', 'Isaac Hempstead Wright', 'Elle Fanning', 'Dee Bradley Baker', 'Toni Collette'] Graham Annable ",0.12808573969011824,0.08043999343565136,0.09212491220876391,0.10021688177817784,0.08043999343565136,0.6711,0.0025668500576879706,0.04387646969773427,0.1492935067386312
1061474,tt5950044,Superman,Superman,"Superman, a journalist in Metropolis, embarks on a journey to reconcile his Kryptonian heritage with his human upbringing as Clark Kent.",2025-07-09,"['Science Fiction', 'Adventure', 'Action']","['dual identity', 'superhero', 'based on comic', 'super power', 'reboot', 'modern day adaptation', 'aftercreditsstinger', 'duringcreditsstinger', 'epic battle', 'supervillain', 'dc universe (dcu)', 'anti-imperialism', 'hopeful', 'blockbuster', 'alien heritage', 'symbol of hope', 'journalistic investigation', 'city destruction', 'world‑saving mission']","['David Corenswet', 'Rachel Brosnahan', 'Nicholas Hoult', 'Edi Gathegi', 'Nathan Fillion']",James Gunn,7.34,4727,26.8751,130,/ldyfo0BKmz5rWtJJKCvwaNS4cJT.jpg,"['Science Fiction', 'Adventure', 'Action'] ['dual identity', 'superhero', 'based on comic', 'super power', 'reboot', 'modern day adaptation', 'aftercreditsstinger', 'duringcreditsstinger', 'epic battle', 'supervillain', 'dc universe (dcu)', 'anti-imperialism', 'hopeful', 'blockbuster', 'alien heritage', 'symbol of hope', 'journalistic investigation', 'city destruction', 'world‑saving mission'] ['David Corenswet', 'Rachel Brosnahan', 'Nicholas Hoult', 'Edi Gathegi', 'Nathan Fillion'] James Gunn ",0.08008299214788071,0.08414319333375404,0.0911402651115386,0.08512215019772446,0.08008299214788071,0.734,0.04751624178954028,0.11800474340212949,0.14853157817982585
131634,tt1951266,The Hunger Games: Mockingjay - Part 2,The Hunger Games: Mockingjay - Part 2,"As the war between the Capitol and the districts reaches its peak, Katniss Everdeen embarks on a perilous mission to liberate Panem and confront President Snow. Joined by a team of trusted allies, she navigates deadly traps, shifting loyalties, and the heavy cost of rebellion, determined to bring freedom to her people and end the Hunger Games once and for all.",2015-11-18,"['Action', 'Adventure', 'Science Fiction']","['strong woman', 'based on novel or book', 'revolution', 'dystopia', 'death match', 'based on young adult novel']","['Jennifer Lawrence', 'Josh Hutcherson', 'Liam Hemsworth', 'Woody Harrelson', 'Elizabeth Banks']",Francis Lawrence,6.901,13318,6.4155,137,/lImKHDfExAulp16grYm8zD5eONE.jpg,"['Action', 'Adventure', 'Science Fiction'] ['strong woman', 'based on novel or book', 'revolution', 'dystopia', 'death match', 'based on young adult novel'] ['Jennifer Lawrence', 'Josh Hutcherson', 'Liam Hemsworth', 'Woody Harrelson', 'Elizabeth Banks'] Francis Lawrence ",0.08278877166298564,0.0802945293428921,0.0980937477129814,0.08705901623961972,0.0802945293428921,0.6900999999999999,0.005869354049434968,0.3347630822021497,0.1485286086898573
484247,tt7040874,A Simple Favor,A Simple Favor,"Stephanie, a dedicated mother and popular vlogger, befriends Emily, a mysterious upper-class woman whose son Nicky attends the same school as Miles, Stephanie's son. When Emily asks her to pick Nicky up from school and then disappears, Stephanie undertakes an investigation that will dive deep into Emily's cloudy past.",2018-09-13,"['Thriller', 'Comedy', 'Mystery']","['small town', 'based on novel or book', 'widow', 'dark comedy', 'female friendship', 'life insurance', 'best friend', 'single mother', 'biting', 'missing person', 'shocking', 'satirical', 'vlogger', 'pathetic', 'hilarious', 'audacious', 'bold']","['Anna Kendrick', 'Blake Lively', 'Henry Golding', 'Rupert Friend', 'Linda Cardellini']",Paul Feig,6.641,4580,4.7479,117,/3DfQCZE02FTfkhFLIwWN5dyzn7y.jpg,"['Thriller', 'Comedy', 'Mystery'] ['small town', 'based on novel or book', 'widow', 'dark comedy', 'female friendship', 'life insurance', 'best friend', 'single mother', 'biting', 'missing person', 'shocking', 'satirical', 'vlogger', 'pathetic', 'hilarious', 'audacious', 'bold'] ['Anna Kendrick', 'Blake Lively', 'Henry Golding', 'Rupert Friend', 'Linda Cardellini'] Paul Feig ",0.08283815284399285,0.10687880097764424,0.10180601472605051,0.09717432284922921,0.08283815284399285,0.6641,0.0024748424267541902,0.11429580663067064,0.1485011018262136
4176,tt0071877,Murder on the Orient Express,Murder on the Orient Express,"In 1935, when his train is stopped by deep snow, detective Hercule Poirot is called on to solve a murder that occurred in his car the night before.",1974-11-22,"['Drama', 'Thriller', 'Mystery']","['based on novel or book', 'repayment', 'detective', 'passenger', 'investigation', 'orient express', 'snow', 'whodunit', 'train', 'murder mystery', '1930s']","['Albert Finney', 'Lauren Bacall', 'Martin Balsam', 'Ingrid Bergman', 'Sean Connery']",Sidney Lumet,7.147,1571,4.7524,128,/x7E9iNMi5iFTdUNJvEZ1x8YNEZ2.jpg,"['Drama', 'Thriller', 'Mystery'] ['based on novel or book', 'repayment', 'detective', 'passenger', 'investigation', 'orient express', 'snow', 'whodunit', 'train', 'murder mystery', '1930s'] ['Albert Finney', 'Lauren Bacall', 'Martin Balsam', 'Ingrid Bergman', 'Sean Connery'] Sidney Lumet ",0.08895217578077624,0.10087661900325941,0.08332913383215534,0.09105264287206366,0.08332913383215534,0.7147,0.0024840024785064475,0.03837614169652319,0.14816208754155813
206647,tt2379713,Spectre,Spectre,"A cryptic message from Bond’s past sends him on a trail to uncover a sinister organization. While M battles political forces to keep the secret service alive, Bond peels back the layers of deceit to reveal the terrible truth behind SPECTRE.",2015-10-26,"['Action', 'Adventure', 'Thriller']","['based on novel or book', 'spy', 'secret society', 'secret agent', 'austria', 'sequel', 'boat chase', 'mi6', 'british secret service', 'united kingdom', 'day of the dead', 'james bond', 'ambiguous']","['Daniel Craig', 'Christoph Waltz', 'Léa Seydoux', 'Ralph Fiennes', 'Monica Bellucci']",Sam Mendes,6.569,11219,9.074,148,/zj8ongFhtWNsVlfjOGo8pSr7PQg.jpg,"['Action', 'Adventure', 'Thriller'] ['based on novel or book', 'spy', 'secret society', 'secret agent', 'austria', 'sequel', 'boat chase', 'mi6', 'british secret service', 'united kingdom', 'day of the dead', 'james bond', 'ambiguous'] ['Daniel Craig', 'Christoph Waltz', 'Léa Seydoux', 'Ralph Fiennes', 'Monica Bellucci'] Sam Mendes ",0.085362761165716,0.08462546314560111,0.10460989634487174,0.09153270688539628,0.08462546314560111,0.6569,0.011280909067962698,0.28180350204369986,0.14808584941754072
505642,tt9114286,Black Panther: Wakanda Forever,Black Panther: Wakanda Forever,"Queen Ramonda, Shuri, M’Baku, Okoye and the Dora Milaje fight to protect their nation from intervening world powers in the wake of King T’Challa’s death.  As the Wakandans strive to embrace their next chapter, the heroes must band together with the help of War Dog Nakia and Everett Ross and forge a new path for the kingdom of Wakanda.",2022-11-09,"['Action', 'Adventure', 'Science Fiction']","['hero', 'loss of loved one', 'superhero', 'royal family', 'based on comic', 'sequel', 'royalty', 'underwater', 'political intrigue\xa0', 'death in family', 'death of brother', 'duringcreditsstinger', 'death of king', 'marvel cinematic universe (mcu)', 'hidden civilization', 'yucatan', 'mayans']","['Letitia Wright', 'Tenoch Huerta Mejía', ""Lupita Nyong'o"", 'Danai Gurira', 'Winston Duke']",Ryan Coogler,7.0,7435,13.566,162,/sv1xJUazXeYqALzczSZ3O6nkH75.jpg,"['Action', 'Adventure', 'Science Fiction'] ['hero', 'loss of loved one', 'superhero', 'royal family', 'based on comic', 'sequel', 'royalty', 'underwater', 'political intrigue\xa0', 'death in family', 'death of brother', 'duringcreditsstinger', 'death of king', 'marvel cinematic universe (mcu)', 'hidden civilization', 'yucatan', 'mayans'] ['Letitia Wright', 'Tenoch Huerta Mejía', ""Lupita Nyong'o"", 'Danai Gurira', 'Winston Duke'] Ryan Coogler ",0.08738470136425024,0.08848274438085538,0.08278141907675449,0.08621628827395338,0.08278141907675449,0.7,0.02042467628377108,0.1863299187566231,0.14693620985706615
21452,tt0965649,Case Closed: The Fourteenth Target,名探偵コナン 14番目の標的,"Ran’s secret past revealed! Ten years ago, something happened between her mom and dad. Now, plagued by nightmares, Ran is starting to remember… Meanwhile, a murderous card dealer breaks out of jail to seek revenge. His target: Ran’s father. Can Conan stop him in time and save his girlfriend’s family?",1998-04-18,"['Animation', 'Crime', 'Mystery', 'Adventure']","['detective', 'revenge', 'murder', 'murder mystery', 'shounen', 'anime', 'suspense', 'mystery']","['Minami Takayama', 'Kappei Yamaguchi', 'Wakana Yamazaki', 'Akira Kamiya', 'Gara Takashima']",Kenji Kodama,7.147,224,3.7599,100,/2W1FwcYpHarzO5GKBYucoGnDffA.jpg,"['Animation', 'Crime', 'Mystery', 'Adventure'] ['detective', 'revenge', 'murder', 'murder mystery', 'shounen', 'anime', 'suspense', 'mystery'] ['Minami Takayama', 'Kappei Yamaguchi', 'Wakana Yamazaki', 'Akira Kamiya', 'Gara Takashima'] Kenji Kodama ",0.08492841659240574,0.10702415203409393,0.08022619059873969,0.0907262530750798,0.08022619059873969,0.7147,0.00046370217536980193,0.004390170056012515,0.14658901708493116
385103,tt3152592,Scoob!,Scoob!,"In Scooby-Doo’s greatest adventure yet, see the never-before told story of how lifelong friends Scooby and Shaggy first met and how they joined forces with young detectives Fred, Velma, and Daphne to form the famous Mystery Inc. Now, with hundreds of cases solved, Scooby and the gang face their biggest, toughest mystery ever: an evil plot to unleash the ghost dog Cerberus upon the world. As they race to stop this global “dogpocalypse,” the gang discovers that Scooby has a secret legacy and an epic destiny greater than anyone ever imagined.",2020-07-08,"['Animation', 'Comedy', 'Family', 'Mystery']","['friendship', 'superhero', 'villain', 'heroism', 'talking dog', 'friends', 'based on cartoon', 'criminal investigation', 'boy and dog', 'caveman', 'fright', 'bitter']","['Will Forte', 'Mark Wahlberg', 'Jason Isaacs', 'Gina Rodriguez', 'Zac Efron']",Tony Cervone,6.985,1805,4.647,94,/jHo2M1OiH9Re33jYtUQdfzPeUkx.jpg,"['Animation', 'Comedy', 'Family', 'Mystery'] ['friendship', 'superhero', 'villain', 'heroism', 'talking dog', 'friends', 'based on cartoon', 'criminal investigation', 'boy and dog', 'caveman', 'fright', 'bitter'] ['Will Forte', 'Mark Wahlberg', 'Jason Isaacs', 'Gina Rodriguez', 'Zac Efron'] Tony Cervone ",0.1023023493629766,0.08028435859075972,0.08925869782085455,0.09061513525819696,0.08028435859075972,0.6985,0.0022694537107980327,0.04428016349598829,0.14576039651722367
8536,tt0081573,Superman II,Superman II,"Three Kryptonian criminals led by General Zod team up with Lex Luthor to conquer Earth, forcing a depowered Superman to regain his strength and stop them.",1980-12-12,"['Science Fiction', 'Action', 'Adventure']","['new york city', 'saving the world', 'flying', 'sacrifice', 'superhero', 'loss of virginity', 'based on comic', 'sequel', 'niagara falls', 'love', 'nemesis', 'criminal', 'disguise', 'super power', 'fortress', 'news reporter', 'super villain', 'eiffel tower, paris', 'phantom zone', 'crystal machine', 'superhuman strength', 'duringcreditsstinger', 'the man of steel', 'the last son of krypton', 'clark kent']","['Christopher Reeve', 'Margot Kidder', 'Terence Stamp', 'Sarah Douglas', ""Jack O'Halloran""]",Richard Lester,6.754,2511,4.4623,127,/3xk5cno9BHcnwc97XO9k21aI1Zi.jpg,"['Science Fiction', 'Action', 'Adventure'] ['new york city', 'saving the world', 'flying', 'sacrifice', 'superhero', 'loss of virginity', 'based on comic', 'sequel', 'niagara falls', 'love', 'nemesis', 'criminal', 'disguise', 'super power', 'fortress', 'news reporter', 'super villain', 'eiffel tower, paris', 'phantom zone', 'crystal machine', 'superhuman strength', 'duringcreditsstinger', 'the man of steel', 'the last son of krypton', 'clark kent'] ['Christopher Reeve', 'Margot Kidder', 'Terence Stamp', 'Sarah Douglas', ""Jack O'Halloran""] Richard Lester ",0.09696349810261268,0.08882351147500411,0.08642675643292179,0.09073792200351287,0.08642675643292179,0.6754,0.0018934844755442905,0.06209315234394712,0.14510366817001302
257445,tt1051904,Goosebumps,Goosebumps,"After moving to a small town, Zach Cooper finds a silver lining when he meets next door neighbor Hannah, the daughter of bestselling Goosebumps series author R.L. Stine. When Zach unintentionally unleashes real monsters from their manuscripts and they begin to terrorize the town, it’s suddenly up to Stine, Zach and Hannah to get all of them back in the books where they belong.",2015-08-05,"['Adventure', 'Horror', 'Comedy']","['based on novel or book', 'magic', 'yeti', 'werewolf', 'family', 'new home', 'recluse', 'autumn', 'horror for children', 'book comes to life', ""ventriloquist's dummy"", 'praying mantis', 'new school', 'girl next door']","['Jack Black', 'Dylan Minnette', 'Odeya Rush', 'Ryan Lee', 'Amy Ryan']",Rob Letterman,6.312,3977,4.2397,103,/aeZT9pqEgrmXOGdESFkAuVjX6kw.jpg,"['Adventure', 'Horror', 'Comedy'] ['based on novel or book', 'magic', 'yeti', 'werewolf', 'family', 'new home', 'recluse', 'autumn', 'horror for children', 'book comes to life', ""ventriloquist's dummy"", 'praying mantis', 'new school', 'girl next door'] ['Jack Black', 'Dylan Minnette', 'Odeya Rush', 'Ryan Lee', 'Amy Ryan'] Rob Letterman ",0.0989338822374012,0.09832783692082157,0.08783829893047798,0.09503333936290026,0.08783829893047798,0.6312,0.001440367248865986,0.09908159660897209,0.1444841733216262
11860,tt0114319,Sabrina,Sabrina,"After her return from school in Paris, a playboy finally takes notice of his family's chauffeur's daughter Sabrina, who's long had a crush on him, but he questions his more serious brother's motives when he warns against getting involved with her.",1995-12-15,"['Romance', 'Drama', 'Comedy']","['chauffeur', 'sibling relationship', 'paris, france', 'transformation', 'birthday party', 'family business ', 'long island, new york', 'playboy', 'teenage crush', 'millionaire', 'marriage engagement', 'high society', 'merger', 'impossible love', 'family disapproval', 'scheme', 'wealth differences', 'wealthy family', 'father daughter relationship', 'brother brother relationship', 'unlikely romance', 'romantic']","['Harrison Ford', 'Julia Ormond', 'Greg Kinnear', 'Nancy Marchand', 'John Wood']",Sydney Pollack,6.2,687,4.609,127,/i8PbLJDPU7vCwwscWD625oHbJy.jpg,"['Romance', 'Drama', 'Comedy'] ['chauffeur', 'sibling relationship', 'paris, france', 'transformation', 'birthday party', 'family business ', 'long island, new york', 'playboy', 'teenage crush', 'millionaire', 'marriage engagement', 'high society', 'merger', 'impossible love', 'family disapproval', 'scheme', 'wealth differences', 'wealthy family', 'father daughter relationship', 'brother brother relationship', 'unlikely romance', 'romantic'] ['Harrison Ford', 'Julia Ormond', 'Greg Kinnear', 'Nancy Marchand', 'John Wood'] Sydney Pollack ",0.08749139954075562,0.08933363136229741,0.11947664798036771,0.09876722629447358,0.08749139954075562,0.62,0.0021921021626678636,0.016072059342988342,0.14408418125129877
298618,tt0439572,The Flash,The Flash,"When his attempt to save his family inadvertently alters the future, Barry Allen becomes trapped in a reality in which General Zod has returned and there are no Super Heroes to turn to. In order to save the world that he is in and return to the future that he knows, Barry's only hope is to race for his life. But will making the ultimate sacrifice be enough to reset the universe?",2023-06-13,"['Action', 'Science Fiction', 'Adventure']","['secret identity', 'superhero', 'time travel', 'based on comic', 'superhuman', 'super power', 'aftercreditsstinger', 'time paradox', 'butterfly effect', 'dc extended universe (dceu)', 'superhuman abilities', 'loss of mother', 'alternate universe', 'admiring']","['Ezra Miller', 'Sasha Calle', 'Michael Keaton', 'Michael Shannon', 'Ron Livingston']",Andy Muschietti,6.615,4971,9.922,144,/rktDFPbfHfUbArZ6OOOKsXcv0Bm.jpg,"['Action', 'Science Fiction', 'Adventure'] ['secret identity', 'superhero', 'time travel', 'based on comic', 'superhuman', 'super power', 'aftercreditsstinger', 'time paradox', 'butterfly effect', 'dc extended universe (dceu)', 'superhuman abilities', 'loss of mother', 'alternate universe', 'admiring'] ['Ezra Miller', 'Sasha Calle', 'Michael Keaton', 'Michael Shannon', 'Ron Livingston'] Andy Muschietti ",0.08784148784344487,0.08760169286406448,0.08769035994536536,0.08771118021762492,0.08760169286406448,0.6615,0.0130070699314991,0.12416107382550336,0.14355603928872415
36647,tt0120611,Blade,Blade,"The Daywalker known as ""Blade"" - a half-vampire, half-mortal man - becomes the protector of humanity against an underground army of vampires.",1998-08-21,"['Horror', 'Action']","['martial arts', 'hero', 'vampire', 'superhero', 'supernatural', 'based on comic', 'rivalry', 'vampire hunter (slayer)', 'sword fight', 'revenge', 'tragic hero', 'one man army', 'martial arts master', 'scientist', 'super power', 'blade', 'secret headquarters', 'escapade', 'deadly', 'master warrior', 'urban gothic', 'good versus evil']","['Wesley Snipes', 'Stephen Dorff', 'Kris Kristofferson', ""N'Bushe Wright"", 'Donal Logue']",Stephen Norrington,6.8,6677,10.4777,121,/oWT70TvbsmQaqyphCZpsnQR7R32.jpg,"['Horror', 'Action'] ['martial arts', 'hero', 'vampire', 'superhero', 'supernatural', 'based on comic', 'rivalry', 'vampire hunter (slayer)', 'sword fight', 'revenge', 'tragic hero', 'one man army', 'martial arts master', 'scientist', 'super power', 'blade', 'secret headquarters', 'escapade', 'deadly', 'master warrior', 'urban gothic', 'good versus evil'] ['Wesley Snipes', 'Stephen Dorff', 'Kris Kristofferson', ""N'Bushe Wright"", 'Donal Logue'] Stephen Norrington ",0.09208821223409627,0.08017989285301164,0.0826910481952148,0.0849863844274409,0.08017989285301164,0.6799999999999999,0.014138234544550016,0.1672049250643387,0.1430453739860622
616820,tt10665342,Halloween Ends,Halloween Ends,"Four years after the events of Halloween in 2018, Laurie has decided to liberate herself from fear and rage and embrace life. But when a young man is accused of killing a boy he was babysitting, it ignites a cascade of violence and terror that will force Laurie to finally confront the evil she can’t control, once and for all.",2022-10-12,"['Horror', 'Thriller']","['mask', 'sadism', 'radio station', 'psychopath', 'homicide', 'insanity', 'trauma', 'halloween', 'forbidden love', 'babysitter', 'illinois', 'bullying', 'sequel', 'halloween party', 'rampage', 'serial killer', 'slasher', 'accidental death', 'multiple stabbings', 'motorcycle', 'stabbing', 'sewer', 'evil', 'death of son', 'reboot', 'homeless man', 'mentor protégé relationship', 'autumn', 'halloween costume', 'grieving father', 'memoir', 'murder spree', 'human monster', 'death of a child', 'doomed romance', 'sadistic killer', 'grandmother granddaughter relationship', 'masked killer', 'absurd', 'junkyard', 'holiday horror', 'frustrated']","['Jamie Lee Curtis', 'Andi Matichak', 'James Jude Courtney', 'Rohan Campbell', 'Will Patton']",David Gordon Green,6.029,2007,3.8647,111,/q06saepaXeBdkMibuN4R2fXmgIw.jpg,"['Horror', 'Thriller'] ['mask', 'sadism', 'radio station', 'psychopath', 'homicide', 'insanity', 'trauma', 'halloween', 'forbidden love', 'babysitter', 'illinois', 'bullying', 'sequel', 'halloween party', 'rampage', 'serial killer', 'slasher', 'accidental death', 'multiple stabbings', 'motorcycle', 'stabbing', 'sewer', 'evil', 'death of son', 'reboot', 'homeless man', 'mentor protégé relationship', 'autumn', 'halloween costume', 'grieving father', 'memoir', 'murder spree', 'human monster', 'death of a child', 'doomed romance', 'sadistic killer', 'grandmother granddaughter relationship', 'masked killer', 'absurd', 'junkyard', 'holiday horror', 'frustrated'] ['Jamie Lee Curtis', 'Andi Matichak', 'James Jude Courtney', 'Rohan Campbell', 'Will Patton'] David Gordon Green ",0.08761819945956359,0.131562746009896,0.08162624283971866,0.10026906276972608,0.08162624283971866,0.6029,0.0006770296028445833,0.04937679769894535,0.14279798621032996
732450,tt12885852,Batman: Soul of the Dragon,Batman: Soul of the Dragon,"Bruce Wayne faces a deadly menace from his past, with the help of three former classmates: world-renowned martial artists Richard Dragon, Ben Turner and Lady Shiva.",2021-01-12,"['Animation', 'Action', 'Adventure', 'Crime']","['martial arts', 'superhero', 'death of master']","['David Giuntoli', 'Mark Dacascos', 'Kelly Hu', 'Michael Jai White', 'James Hong']",Sam Liu,6.731,372,4.1691,83,/uDhnTtSxU5a8DtZdbbin3aZmkmU.jpg,"['Animation', 'Action', 'Adventure', 'Crime'] ['martial arts', 'superhero', 'death of master'] ['David Giuntoli', 'Mark Dacascos', 'Kelly Hu', 'Michael Jai White', 'James Hong'] Sam Liu ",0.10363050347648116,0.08872477192841943,0.08039925006324243,0.09091817515604768,0.08039925006324243,0.6731,0.0012966562147083572,0.008124337689862239,0.14268805030431797
608,tt0120912,Men in Black II,Men in Black II,"Kay and Jay reunite to provide our best, last and only line of defense against a sinister seductress who levels the toughest challenge yet to the MIB's untarnished mission statement – protecting Earth from the scum of the universe. It's been four years since the alien-seeking agents averted an intergalactic disaster of epic proportions. Now it's a race against the clock as Jay must convince Kay – who not only has absolutely no memory of his time spent with the MIB, but is also the only living person left with the expertise to save the galaxy – to reunite with the MIB before the earth submits to ultimate destruction.",2002-07-03,"['Action', 'Comedy', 'Science Fiction']","['new york city', 'space marine', 'saving the world', 'flying saucer', 'undercover', 'secret identity', 'superhero', 'deportation', 'illegal immigration', 'new identity', 'firearm', 'light', 'based on comic', 'sequel', 'alien', 'buddy cop', 'fictional government agency']","['Tommy Lee Jones', 'Will Smith', 'Rip Torn', 'Lara Flynn Boyle', 'Johnny Knoxville']",Barry Sonnenfeld,6.4,10620,6.5222,88,/enA22EPyzc2WQ1VVyY7zxresQQr.jpg,"['Action', 'Comedy', 'Science Fiction'] ['new york city', 'space marine', 'saving the world', 'flying saucer', 'undercover', 'secret identity', 'superhero', 'deportation', 'illegal immigration', 'new identity', 'firearm', 'light', 'based on comic', 'sequel', 'alien', 'buddy cop', 'fictional government agency'] ['Tommy Lee Jones', 'Will Smith', 'Rip Torn', 'Lara Flynn Boyle', 'Johnny Knoxville'] Barry Sonnenfeld ",0.08018996892910124,0.08085611172709523,0.10151497498441557,0.08752035188020402,0.08018996892910124,0.64,0.006086549054316257,0.2666902154715648,0.14244262328901364
44912,tt1133985,Green Lantern,Green Lantern,"For centuries, a small but powerful force of warriors called the Green Lantern Corps has sworn to keep intergalactic order. Each Green Lantern wears a ring that grants him superpowers. But when a new enemy called Parallax threatens to destroy the balance of power in the Universe, their fate and the fate of Earth lie in the hands of the first human ever recruited.",2011-06-14,"['Adventure', 'Action', 'Science Fiction']","['superhero', 'transformation', 'based on comic', 'alien', 'alien infection', 'magical object', 'protector', 'based on graphic novel', 'super power']","['Ryan Reynolds', 'Blake Lively', 'Peter Sarsgaard', 'Mark Strong', 'Tim Robbins']",Martin Campbell,5.184,7636,4.9818,114,/fj21HwUprqjjwTdkKC1XZurRSpV.jpg,"['Adventure', 'Action', 'Science Fiction'] ['superhero', 'transformation', 'based on comic', 'alien', 'alien infection', 'magical object', 'protector', 'based on graphic novel', 'super power'] ['Ryan Reynolds', 'Blake Lively', 'Peter Sarsgaard', 'Mark Strong', 'Tim Robbins'] Martin Campbell ",0.09545629541276753,0.10869940108821938,0.10619715297230789,0.10345094982443159,0.09545629541276753,0.5184,0.0029509615611659403,0.19140132209718927,0.14209093175721282
228066,tt1976009,Victor Frankenstein,Victor Frankenstein,Eccentric scientist Victor Von Frankenstein creates a grotesque creature in an unorthodox scientific experiment.,2015-11-10,"['Drama', 'Science Fiction', 'Thriller']","['london, england', 'experiment', 'based on novel or book', 'circus', 'transformation', 'mad scientist', 'gothic horror', 'reanimated corpse', 'medical student', '19th century']","['James McAvoy', 'Daniel Radcliffe', 'Jessica Brown Findlay', 'Andrew Scott', 'Freddie Fox']",Paul McGuigan,5.952,2274,4.0214,110,/bYUmSLPtWylFKbEBHOXT1kt9l5b.jpg,"['Drama', 'Science Fiction', 'Thriller'] ['london, england', 'experiment', 'based on novel or book', 'circus', 'transformation', 'mad scientist', 'gothic horror', 'reanimated corpse', 'medical student', '19th century'] ['James McAvoy', 'Daniel Radcliffe', 'Jessica Brown Findlay', 'Andrew Scott', 'Freddie Fox'] Paul McGuigan ",0.08550281814483751,0.099457173204264,0.0983822333800515,0.09444740824305102,0.08550281814483751,0.5952,0.0009960029605287264,0.05611343795730938,0.1391635278349127
747188,tt14230388,Asteroid City,Asteroid City,"In an American desert town circa 1955, the itinerary of a Junior Stargazer/Space Cadet convention is spectacularly disrupted by world-changing events.",2023-06-08,"['Comedy', 'Drama']","['quarantine', 'asteroid', 'diner', 'grandfather', 'war photographer', 'alien', 'grief', 'space', 'family', 'widower', 'astronomy', 'story within the story', 'existentialism', 'parent-in-law child-in-law relationship', 'vending machine', 'stage play', 'death of wife', '1950s', 'convention', 'stargazing', 'meta', 'science fiction', 'desert town', 'ambiguous', 'audacious', 'skeptical', 'wry']","['Jason Schwartzman', 'Scarlett Johansson', 'Tom Hanks', 'Jeffrey Wright', 'Tilda Swinton']",Wes Anderson,6.5,2474,5.5938,105,/hfo7pvL9Fys7rocfL4VOzw9qDEQ.jpg,"['Comedy', 'Drama'] ['quarantine', 'asteroid', 'diner', 'grandfather', 'war photographer', 'alien', 'grief', 'space', 'family', 'widower', 'astronomy', 'story within the story', 'existentialism', 'parent-in-law child-in-law relationship', 'vending machine', 'stage play', 'death of wife', '1950s', 'convention', 'stargazing', 'meta', 'science fiction', 'desert town', 'ambiguous', 'audacious', 'skeptical', 'wry'] ['Jason Schwartzman', 'Scarlett Johansson', 'Tom Hanks', 'Jeffrey Wright', 'Tilda Swinton'] Wes Anderson ",0.0866239190278126,0.08550010773859229,0.08139456026983032,0.08450619567874507,0.08139456026983032,0.65,0.00419672859947287,0.061159610435484686,0.13755703331184424
640146,tt10954600,Ant-Man and the Wasp: Quantumania,Ant-Man and the Wasp: Quantumania,"Super-Hero partners Scott Lang and Hope van Dyne, along with with Hope's parents Janet van Dyne and Hank Pym, and Scott's daughter Cassie Lang, find themselves exploring the Quantum Realm, interacting with strange new creatures and embarking on an adventure that will push them beyond the limits of what they thought possible.",2023-02-15,"['Action', 'Adventure', 'Science Fiction']","['hero', 'superhero', 'ant', 'based on comic', 'sequel', 'alternate dimension', 'family', 'aftercreditsstinger', 'duringcreditsstinger', 'marvel cinematic universe (mcu)', 'bewildered']","['Paul Rudd', 'Evangeline Lilly', 'Michael Douglas', 'Michelle Pfeiffer', 'Jonathan Majors']",Peyton Reed,6.2,5805,8.0452,125,/qnqGbB22YJ7dSs4o6M7exTpNxPz.jpg,"['Action', 'Adventure', 'Science Fiction'] ['hero', 'superhero', 'ant', 'based on comic', 'sequel', 'alternate dimension', 'family', 'aftercreditsstinger', 'duringcreditsstinger', 'marvel cinematic universe (mcu)', 'bewildered'] ['Paul Rudd', 'Evangeline Lilly', 'Michael Douglas', 'Michelle Pfeiffer', 'Jonathan Majors'] Peyton Reed ",0.09147900987434089,0.08270156921690047,0.08127528529730388,0.08515195479618175,0.08127528529730388,0.62,0.009186717680691181,0.14520361305949436,0.13678350146858953
10214,tt0362165,Son of the Mask,Son of the Mask,"Tim Avery, an aspiring cartoonist, finds himself in a predicament when his dog stumbles upon the mask of Loki. Then after conceiving an infant son ""born of the mask"", he discovers just how looney child raising can be.",2005-02-11,"['Fantasy', 'Comedy', 'Family', 'Adventure']","['mask', 'baby', 'superhero', 'transformation', 'villain', 'surrealism', 'vikings (norsemen)', 'based on comic', 'slapstick comedy', 'dog', 'urban setting', 'super villain', 'norse mythology', 'cartoonist', 'supernatural power']","['Jamie Kennedy', 'Alan Cumming', 'Traylor Howard', 'Kal Penn', 'Steven Wright']",Lawrence Guterman,4.199,1956,4.4128,94,/Adgnfhm9B8YAQmC0osuP4zO9SRc.jpg,"['Fantasy', 'Comedy', 'Family', 'Adventure'] ['mask', 'baby', 'superhero', 'transformation', 'villain', 'surrealism', 'vikings (norsemen)', 'based on comic', 'slapstick comedy', 'dog', 'urban setting', 'super villain', 'norse mythology', 'cartoonist', 'supernatural power'] ['Jamie Kennedy', 'Alan Cumming', 'Traylor Howard', 'Kal Penn', 'Steven Wright'] Lawrence Guterman ",0.1073129315673569,0.1058354902886306,0.09040848646930104,0.10118563610842951,0.09040848646930104,0.4199,0.0017927239062694653,0.04809002371701065,0.12685794295586772
