tmdb_id,imdb_id,title,original_title,overview,release_date,genres,keywords,cast,director,vote_average,vote_count,popularity,runtime,poster_path
1439930,tt36042156,The Punisher: One Last Kill,The Punisher: One Last Kill,"As Frank Castle searches for meaning beyond revenge, an unexpected force pulls him back into the fight.",2026-05-13,"['Action', 'Drama', 'Crime']","['post-traumatic stress disorder (ptsd)', 'gun', 'anti hero', 'hallucination', 'based on comic', 'revenge', 'death of family', 'marvel cinematic universe (mcu)', 'angry', 'vigilante justice']","['Jon Bernthal', 'Deborah Ann Woll', 'Jason R. Moore', 'Judith Light', 'Kelli Barrett']",Reinaldo Marcus Green,8.609,619,494.7957,51,/gOggsBCSypNXq0yApYeXe7nnopT.jpg
687163,tt12042730,Project Hail Mary,Project Hail Mary,"Science teacher Ryland Grace wakes up on a spaceship light years from home with no recollection of who he is or how he got there. As his memory returns, he begins to uncover his mission: solve the riddle of the mysterious substance causing the sun to die out. He must call on his scientific knowledge and unorthodox ideas to save everything on Earth from extinction.",2026-03-15,"['Science Fiction', 'Adventure']","['friendship', 'coma', 'based on novel or book', 'bravery', 'sun', 'language barrier', 'space travel', 'space mission', 'alien', 'space', 'memory loss', 'suicide mission', 'astronaut', 'scientist', 'science teacher', 'save the planet', 'spaceship', 'interspecies friendship', 'intense']","['Ryan Gosling', 'Sandra Hüller', 'James Ortiz', 'Lionel Boyce', 'Milana Vayntrub']",Phil Lord,8.523,3121,405.9706,157,/yihdXomYb5kTeSivtFndMy5iDmf.jpg
1007757,tt29552248,Swapped,Swapped,"A small woodland creature and a majestic bird, two natural sworn enemies of the Valley, magically trade places and set off on an adventure of a lifetime to switch back. Their journey soon uncovers a greater threat—one that could endanger not only their species, but the entire valley they call home.",2026-05-01,"['Animation', 'Family', 'Adventure', 'Fantasy']","['wolf', 'buddy', 'forest fire', 'woodlands', 'forest lore', 'relaxed', 'bird', '3d animation', 'comforting', 'empathetic', 'familiar', 'joyful', 'vibrant', 'body swap', 'animal adventure']","['Michael B. Jordan', 'Juno Temple', 'Tracy Morgan', 'Cedric the Entertainer', 'Justina Machado']",Nathan Greno,8.999,948,396.6415,102,/tHhxWxge06goXU6ZQH1hj7vK8Hd.jpg
1226863,tt28650488,The Super Mario Galaxy Movie,The Super Mario Galaxy Movie,"Having thwarted Bowser's previous plot to marry Princess Peach, Mario and Luigi now face a fresh threat in Bowser Jr., who is determined to liberate his father from captivity and restore the family legacy. Alongside companions new and old, the brothers travel across the stars to stop the young heir's crusade.",2026-04-01,"['Family', 'Comedy', 'Adventure', 'Fantasy', 'Animation']","['galaxy', 'friendship', 'sibling relationship', 'space travel', 'turtle', 'sequel', 'slapstick comedy', 'robot', 'based on video game', 'buddy comedy', 'aftercreditsstinger', 'duringcreditsstinger', 'globetrotting', 'space adventure', ""children's adventure"", 'father son relationship', 'parallel universe', 'brother brother relationship', 'talking animal', 'magic land', 'absurd', 'baffled', 'joyful', 'wry', 'fictional country']","['Chris Pratt', 'Anya Taylor-Joy', 'Charlie Day', 'Jack Black', 'Donald Glover']",Michael Jelenic,6.7,846,325.0208,98,/eJGWx219ZcEMVQJhAgMiqo8tYY.jpg
350,tt0458352,The Devil Wears Prada,The Devil Wears Prada,"A young woman from the Midwest gets more than she bargained for when she moves to New York to become a writer and ends up as the assistant to the tyrannical, larger-than-life editor-in-chief of a major fashion magazine.",2006-06-29,"['Drama', 'Comedy']","['new york city', 'journalist', 'paris, france', 'based on novel or book', 'journalism', 'fashion journal', 'assistant', 'job entrant', 'job interview', 'editor-in-chief', 'fashion', 'fashion magazine', 'bullied', 'city life', 'fashion industry', 'absurd', 'conceited', 'mean spirited', 'ridiculous', 'workplace drama']","['Meryl Streep', 'Anne Hathaway', 'Emily Blunt', 'Stanley Tucci', 'Simon Baker']",David Frankel,7.409,13398,279.7326,109,/8912AsVuS7Sj915apArUFbv6F9L.jpg
1318447,tt16431404,Apex,Apex,A grieving woman pushing her limits on a solo adventure in the Australian wild is ensnared in a twisted game with a cunning killer who thinks she's prey.,2026-04-24,"['Action', 'Thriller']","['canoe trip', 'rock climbing', 'nutcase', 'survival instinct', 'australian wilderness', 'missing persons case', 'cat‑and‑mouse chase', 'dangerous threat', 'trollveggen mountains, norway', 'extreme challenges', 'deadly fall', 'grieving woman', 'wandarra national park, australia', 'crossbow hunting', 'investigation resolution']","['Charlize Theron', 'Taron Egerton', 'Eric Bana', 'Caitlin Stasey', 'Bessie Holland']",Baltasar Kormákur,6.633,990,257.1978,96,/eTp7gSPkSF3Aw79mNx1NkBP1PZT.jpg
1669050,tt40541183,Tayuan 2,Tayuan 2,"A charming bus conductor drawn to both men and women who feels an unexpected spark with a shy commuter. On crowded bus rides where bodies brush, desire grows and love becomes messy.",2026-04-17,['Drama'],['sexy'],"['Ashley Lopez', 'Marco Mora', 'Chester Grecia', 'Dara Lima', 'Adriana Roces']",Topel Lee,4.667,6,250.0665,71,/gkHNa8q3RNhgj2EMuoYWJUHsMa6.jpg
1523145,tt38190257,Your Heart Will Be Broken,Твоё сердце будет разбито,"High school student Polina is saved from bullying at her new school and makes a deal with the main bully Bars: he must pretend to be her boyfriend and protect her, and she must do everything he says. During this game, the couple develops real feelings, but her family and classmates have reasons to separate the lovers.",2026-03-26,"['Romance', 'Drama']","['based on novel or book', 'appreciative']","['Daniel Vegas', 'Veronika Zhuravleva', 'Ivan Trushin', 'Maksim Saprykin', 'Alya Mayer']",Mikhail Vaynberg,6.776,78,215.5759,134,/7wIBfBl2gejt6xHxNSK0reVIm7E.jpg
1630423,tt39749979,My Dearest Assassin,เลือดรัก นักฆ่า,"Hunted for her rare blood type, a caged woman vows to fight alongside the assassin she loves to protect their future when an old enemy resurfaces.",2026-05-06,"['Action', 'Drama', 'Romance']","['cynical', 'brisk']","['Pimchanok Luevisadpaibul', 'Thanapob Leeratanakachorn', 'Sivakorn Adulsuttikul', 'Chartayodom Hiranyatithi', 'Theerachai Wimolchaireuk']",Taweewat Wantha,8.602,147,188.7345,128,/ul4dQcA68mtSx8J56N5gEcaCCtP.jpg
931285,tt17490712,Mortal Kombat II,Mortal Kombat II,"The fan favorite champions—now joined by Johnny Cage himself—are pitted against one another in the ultimate, no-holds barred, gory battle to defeat the dark rule of Shao Kahn that threatens the very existence of the Earthrealm and its defenders.",2026-05-06,"['Action', 'Fantasy', 'Adventure']","['martial arts', 'magic', 'ninja fighter', 'gore', 'sequel', 'god', 'alternate dimension', 'ninja', 'fighting', 'based on video game', 'martial arts tournament', 'struggling actor', 'hand to hand combat', 'ominous']","['Karl Urban', 'Adeline Rudolph', 'Jessica McNamee', 'Josh Lawson', 'Martyn Ford']",Simon McQuoid,6.983,176,179.9086,116,/lIsMeDbwntNXSUVHmWMMRXEZOVc.jpg
83533,tt1757678,Avatar: Fire and Ash,Avatar: Fire and Ash,"In the wake of the devastating war against the RDA and the loss of their eldest son, Jake Sully and Neytiri face a new threat on Pandora: the Ash People, a violent and power-hungry Na'vi tribe led by the ruthless Varang. Jake's family must fight for their survival and the future of Pandora in a conflict that pushes them to their emotional and physical limits.",2025-12-17,"['Science Fiction', 'Adventure', 'Fantasy']","['witch', 'clone', 'space war', 'tribe', 'sequel', 'alien', 'transhumanism', 'family', 'space adventure', 'family dynamics', 'rival', 'oscar winner']","['Sam Worthington', 'Zoe Saldaña', 'Sigourney Weaver', 'Stephen Lang', 'Oona Chaplin']",James Cameron,7.453,3018,152.6197,198,/aabwWZWx6z1aYP4PX2ADvbDKktd.jpg
1266127,tt33978029,Ready or Not: Here I Come,Ready or Not: Here I Come,"Moments after surviving an all-out attack from the Le Domas family, Grace discovers she’s reached the next level of the nightmarish game — and this time with her estranged sister Faith at her side. Grace has one chance to survive, keep her sister alive, and claim the High Seat of the Council that controls the world. Four rival families are hunting her for the throne, and whoever wins rules it all.",2026-03-19,"['Thriller', 'Horror', 'Comedy']","['escape', 'ritual', 'dark comedy', 'satanism', 'gore', 'pact with the devil', 'sequel', 'game', 'exploding body', 'satanic ritual', 'satanic cult', 'estranged sister', 'sister sister relationship', 'satanic', 'sisters', 'death game', 'horror']","['Samara Weaving', 'Kathryn Newton', 'Elijah Wood', 'Sarah Michelle Gellar', 'Shawn Hatosy']",Matt Bettinelli-Olpin,7.562,681,151.275,108,/13ZcJzSGEqVgDSqsS9U5EkQwPkV.jpg
1292415,tt7708226,Beast,Beast,"MMA legend Patton James, now a commercial fisherman, is pulled back into the cage when his brother is in danger. Reuniting with his old coach Sammy, he commits to one final fight in one championship against the brutal champion Xavier Grau.",2026-04-10,"['Action', 'Drama']","['mixed martial arts (mma)', 'sports drama']","['Daniel MacPherson', 'Luke Hemsworth', 'Russell Crowe', 'Mojean Aria', 'Kelly Gale']",Tyler Atkins,6.615,26,143.9819,114,/7NrvUI3vnW8H3rD7ExKcTL7KRcQ.jpg
1327819,tt26443616,Hoppers,Hoppers,"Scientists have discovered how to 'hop' human consciousness into lifelike robotic animals, allowing people to communicate with animals as animals. Animal lover Mabel seizes an opportunity to use the technology, uncovering mysteries within the animal world beyond anything she could have imagined.",2026-03-04,"['Animation', 'Adventure', 'Comedy', 'Family', 'Science Fiction']","['human vs nature', 'spy', 'beaver', 'oregon, usa', 'transhumanism', 'consciousness', 'aftercreditsstinger', 'duringcreditsstinger', 'human becoming an animal', 'robotic animal', '3d animation', 'amused']","['Piper Curda', 'Bobby Moynihan', 'Jon Hamm', 'Kathy Najimy', 'Dave Franco']",Daniel Chong,8.011,1039,138.2549,104,/xjtWQ2CL1mpmMNwuU5HeS4Iuwuu.jpg
460465,tt0293429,Mortal Kombat,Mortal Kombat,"Washed-up MMA fighter Cole Young, unaware of his heritage, and hunted by Emperor Shang Tsung's best warrior, Sub-Zero, seeks out and trains with Earth's greatest champions as he prepares to stand against the enemies of Outworld in a high stakes battle for the universe.",2021-04-07,"['Action', 'Fantasy', 'Adventure']","['saving the world', 'magic', 'ninja fighter', 'gore', 'god', 'alternate dimension', 'shaolin monk', 'fighting', 'based on video game', 'martial arts tournament', 'reboot', 'hand to hand combat', 'casual']","['Lewis Tan', 'Jessica McNamee', 'Mehcad Brooks', 'Josh Lawson', 'Ludi Lin']",Simon McQuoid,7.0,6499,133.1056,110,/ybrX94xQm8lXYpZAPRmwD9iIbWP.jpg
936075,tt11378946,Michael,Michael,"The story of Michael Jackson, one of the most influential artists the world has ever known, and his life beyond the music. His journey from the discovery of his extraordinary talent as the lead of the Jackson Five, to the visionary artist whose creative ambition fueled a relentless pursuit to become the biggest entertainer in the world, highlighting both his life off-stage and some of the most iconic performances from his early solo career.",2026-04-22,"['Music', 'Drama']","['child abuse', 'sibling relationship', '1970s', 'abusive father', 'ambition', 'biography', 'singer', 'period drama', 'music history', 'price of fame', 'singer-songwriter', 'rise to fame', '1980s', '1960s', 'wonder', 'music', 'joyous', 'cheerful', 'biographical drama', 'music drama', 'biopic']","['Jaafar Jackson', 'Colman Domingo', 'Nia Long', 'Juliano Krue Valdi', 'Miles Teller']",Antoine Fuqua,7.559,720,133.0852,128,/tBtqTCimYm3DKck3t8A2mgJaKVK.jpg
1330021,tt33100314,Remarkably Bright Creatures,Remarkably Bright Creatures,"Through unlikely bonds formed during night shifts at a local aquarium, Tova, an elderly widow, learns of a life-changing discovery that may bring her joy and wonder once again.",2026-05-07,"['Drama', 'Mystery']","['aquarium', 'octopus', 'british columbia', 'washington', 'loss of child', 'based on young adult novel', 'fictional town']","['Sally Field', 'Lewis Pullman', 'Colm Meaney', 'Alfred Molina', 'Joan Chen']",Olivia Newman,8.507,220,132.0892,114,/9HcEqn3D4J6b2Z0jK54id9nA0fr.jpg
1198994,tt8036976,Send Help,Send Help,"Two colleagues become stranded on a deserted island, the only survivors of a plane crash. On the island, they must overcome past grievances and work together to survive, but ultimately, it's a battle of wills and wits to make it out alive.",2026-01-22,"['Horror', 'Thriller', 'Comedy']","['bullying', 'role reversal', 'survival', 'struggle for survival', 'survival horror', 'deserted island', 'power struggle', 'colleagues', 'bullying in the workplace', 'plane crash', 'gender inequality', 'comedy thriller', 'comedy horror']","['Rachel McAdams', ""Dylan O'Brien"", 'Edyll Ismail', 'Dennis Haysbert', 'Xavier Samuel']",Sam Raimi,7.0,1419,130.3401,113,/mjkS2iAgWj3ik1DTjvI15nHZ7yl.jpg
1426822,tt28134792,Mortal Game,Mortal Game,"A group of hunters travel to a mysterious island to track down a legendary forest creature. They soon realize their guide has set them up as bait, forcing them to confront a highly intelligent predator that terrorizes them one by one.",2025-02-03,"['Horror', 'Action']",[],"['Deniella Alexis', 'Kevin Lloyd Reid', 'Mark Ettlinger', 'Madison Caan', 'Reece Presley']",John Lechago,6.0,4,125.6179,85,/iCvucorbs3hFqWshDbLe0fHzB71.jpg
1241752,tt31589922,Rita,Rita,"Rita, who finds herself alone when husband Ariel works abroad. They both find solace and sexual satisfaction in other people. When Ariel comes back, they both act like nothing happened. But will this keep their marriage from falling apart?",2024-03-22,['Drama'],"['threesome', 'lgbt', 'gay theme', 'sexy']","['Christine Bermas', 'Gold Aceron', 'VR Relosa', 'Josh Ivan Morales', 'Sahil Khan']",Jerry Lopez Sineneng,6.1,21,117.894,113,/pXENxAzOBrTSDJGxDcUnlNTNmWr.jpg
1297842,tt27613895,GOAT,GOAT,"A small goat with big dreams gets a once-in-a-lifetime shot to join the pros and play roarball, a high-intensity, co-ed, full-contact sport dominated by the fastest, fiercest animals in the world.",2026-02-11,"['Animation', 'Comedy', 'Family']","['underdog', 'friendship', 'sports', 'allies', 'ambition', 'bullying', 'challenge', 'basketball', 'rivalry', 'coming of age', 'anthropomorphism', 'animals', 'intimidation', 'stereotype', 'basketball team', 'basketball player', 'big dreams', 'imaginary world', 'sneakers', 'vulture', 'playful', 'talking animal', 'anthropomorphic animal', 'athlete', 'inspirational', 'enemy', 'courage', 'feel good', 'heartwarming', 'exciting', 'fantasy sports', 'admiring', 'amused', 'joyful', 'sports comedy']","['Caleb McLaughlin', 'Gabrielle Union', 'Stephen Curry', 'Aaron Pierre', 'Nicola Coughlan']",Tyree Dillihay,8.058,582,108.456,100,/wfuqMlaExcoYiUEvKfVpUTt1v4u.jpg
1613798,tt37989803,Vengeance,Venganza,"The brutal murder of the wife of “Toro,” a military hero in the special forces, turns him into a man with a single purpose: revenge. After a stroke of fate makes him a millionaire, Carlos transforms his fortune into an arsenal and, together with his closest soldiers, sets out to hunt down those responsible.",2026-02-26,"['Action', 'Thriller']","['revenge', 'betrayal', 'manhunt', 'vengeance', 'action thriller', 'revenge mission', 'relentless pursuit', 'corrupt officials', 'deadly confrontation', 'dark secrets', 'redemption quest', 'ruthless enemies', 'personal justice', 'violent retaliation', 'innocent victim']","['Omar Chaparro', 'Alejandro Speitzer', 'Paola Nuñez', 'Natalia Solián', 'Luis Alberti']",Rodrigo Valdes,7.242,180,99.0172,103,/ygWXPL0RS91JyJPNOfK34eV3bRE.jpg
1301421,tt32565993,The Sheep Detectives,The Sheep Detectives,"George Hardy is a shepherd who reads detective novels to his beloved sheep every night, assuming they can't possibly understand. But when a mysterious incident disrupts life on the farm, the sheep realize they must become the detectives. As they follow the clues and investigate human suspects, they prove that even sheep can be brilliant crime-solvers.",2026-04-30,"['Comedy', 'Family', 'Mystery']","['shepherd', 'based on novel or book', 'investigation', 'murder', 'aftercreditsstinger', 'murder mystery', 'investigate', 'talking animal']","['Hugh Jackman', 'Julia Louis-Dreyfus', 'Emma Thompson', 'Nicholas Braun', 'Nicholas Galitzine']",Kyle Balda,7.632,53,95.5385,109,/6QtL9rl3Zb4d8qW6EJ4qO5hSSfU.jpg
980431,tt18259538,Avatar Aang: The Last Airbender,Avatar Aang: The Last Airbender,"Avatar Aang, the world's last Airbender, learns of an ancient power that could save his culture from extinction. With the help of his friends, he embarks on a global quest to find it before it falls into the wrong hands and threatens to upend the peace they sacrificed everything to achieve.",2026-10-09,"['Animation', 'Action', 'Adventure', 'Fantasy']","['martial arts', 'extinction', 'cultural identity', 'based on tv series']","['Eric Nam', 'Dave Bautista', 'Jessica Matten', 'Román Zaragoza', 'Steven Yeun']",Lauren Montgomery,0.0,0,94.9827,99,/29Jdsak3SrwGds5k1t43kH6Khed.jpg
1311031,tt32820897,Demon Slayer: Kimetsu no Yaiba Infinity Castle,劇場版「鬼滅の刃」無限城編 第一章 猗窩座再来,"The Demon Slayer Corps are drawn into the Infinity Castle, where Tanjiro, Nezuko, and the Hashira face terrifying Upper Rank demons in a desperate fight as the final battle against Muzan Kibutsuji begins.",2025-07-18,"['Animation', 'Action', 'Fantasy']","['supernatural', 'sequel', 'based on manga', 'demon', 'shounen', 'anime', 'brother sister relationship', 'taisho period']","['Natsuki Hanae', 'Takahiro Sakurai', 'Akira Ishida', 'Hiro Shimono', 'Yoshimasa Hosoya']",Haruo Sotozaki,7.704,827,92.8753,156,/fWVSwgjpT2D78VUh6X8UBd2rorW.jpg
1290821,tt32357218,Shelter,Shelter,"A man living in self-imposed exile on a remote island rescues a young girl from a violent storm, setting off a chain of events that forces him out of seclusion to protect her from enemies tied to his past.",2026-01-28,"['Action', 'Crime', 'Thriller']","['home invasion', 'mysterious girl', 'ghosts of the past', 'isolated island', 'child protection', 'suspenseful', 'solitary life', 'hidden secret', 'close‑quarters combat', 'dangerous escalation', 'storm rescue', 'unexpected threat', 'violent assault', 'protective instinct', 'lone protector', 'intense action thriller', 'siege situation']","['Jason Statham', 'Bodhi Rae Breathnach', 'Naomi Ackie', 'Daniel Mays', 'Harriet Walter']",Ric Roman Waugh,7.368,882,92.2642,107,/buPFnHZ3xQy6vZEHxbHgL1Pc6CR.jpg
1084242,tt26443597,Zootopia 2,Zootopia 2,"After cracking the biggest case in Zootopia's history, rookie cops Judy Hopps and Nick Wilde find themselves on the twisting trail of a great mystery when Gary De'Snake arrives and turns the animal metropolis upside down. To crack the case, Judy and Nick must go undercover to unexpected new parts of town, where their growing partnership is tested like never before.",2025-11-26,"['Adventure', 'Animation', 'Comedy', 'Family', 'Mystery']","['snake', 'bunny', 'fox', 'cop', 'sequel', 'anthropomorphism', 'animals', 'displacement', 'buddy cop', 'buddy comedy', 'complex', 'playful', 'talking animal', '3d animation', 'embarrassed', 'excited']","['Ginnifer Goodwin', 'Jason Bateman', 'Ke Huy Quan', 'Fortune Feimster', 'Andy Samberg']",Jared Bush,7.6,2741,91.5154,108,/oJ7g2CifqpStmoYQyaLQgEU32qO.jpg
1292695,tt31728330,They Will Kill You,They Will Kill You,"A woman answers a help wanted ad to be a housekeeper in a mysterious New York City high-rise, unaware that she is entering a community that has seen a number of disappearances over the years and may be under the grip of a Satanic cult.",2026-03-25,"['Action', 'Comedy', 'Horror']","['new york city', 'ritual', 'abusive father', 'gore', 'cult', 'survival', 'disappearance', 'housekeeper', 'survival horror', 'high rise', 'satanic cult', 'manhattan, new york city', 'sister sister relationship', 'mysterious disappearance', 'action horror']","['Zazie Beetz', ""Myha'la"", 'Patricia Arquette', 'Paterson Joseph', 'Heather Graham']",Kirill Sokolov,6.8,491,88.6191,94,/6oI4oQKTWMVUlr8Ivqydp28Ruu6.jpg
1314481,tt33612209,The Devil Wears Prada 2,The Devil Wears Prada 2,"Andy Sachs returns to Runway as Miranda Priestly navigates a new media landscape and Runway's position within. The duo reconnect with former assistant Emily Charlton, now the head of a luxury brand that possesses funding which could ensure Runway's survival.",2026-04-29,"['Comedy', 'Drama']","['new york city', 'based on novel or book', 'sequel', 'fashion', 'nostalgic', 'fashion magazine', 'dramedy', 'magazine editor', 'fashion industry', 'introspective', 'fashionista', 'ambiguous', 'amused', 'exhilarated']","['Meryl Streep', 'Anne Hathaway', 'Emily Blunt', 'Stanley Tucci', 'Justin Theroux']",David Frankel,6.692,527,84.0817,119,/xTI42pmsP5EDnvsNJPEDubwWBQO.jpg
755898,tt13186306,War of the Worlds,War of the Worlds,"Will Radford is a top analyst for Homeland Security who tracks potential threats through a mass surveillance program, until one day an attack by an unknown entity leads him to question whether the government is hiding something from him... and from the rest of the world.",2025-07-29,"['Science Fiction', 'Thriller']","['government', 'attack', 'privacy', 'surveillance', 'found footage', 'cybersecurity', 'district', 'online privacy', 'screenlife', 'war']","['Ice Cube', 'Eva Longoria', 'Clark Gregg', 'Iman Benson', 'Henry Hunter Hall']",Rich Lee,4.135,985,83.6381,91,/yvirUYrva23IudARHn3mMGVxWqM.jpg
249397,tt2382009,Nymphomaniac: Vol. II,Nymphomaniac: Vol. II,The continuation of Joe's sexually dictated life delves into the darker aspects of her adult life and what led to her being in Seligman's care.,2013-12-25,"['Drama', 'Mystery']","['bondage', 'whip', 'sexuality', 'masochism', 'sex therapy', 'chapter', 'sadomasochism', 'sequel', 'sexual violence', 'love', 'nymphomaniac', 'tragedy', 'loneliness', 'masturbation', 'therapy', 'softcore', 'bdsm', 'addict', 'sexual pleasure', 'sexually aggressive woman', 'pleasure', 'virginity', 'abortion', 'sex', 'cruel']","['Charlotte Gainsbourg', 'Stellan Skarsgård', 'Stacy Martin', 'Shia LaBeouf', 'Willem Dafoe']",Lars von Trier,6.709,3141,81.091,124,/iLUNqgNKuWn667kXCKztSxYbT3k.jpg
1339713,tt37287335,Obsession,Obsession,"After breaking the mysterious ""One Wish Willow"" to win his crush's heart, a hopeless romantic finds himself getting exactly what he asked for but soon discovers that some desires come at a dark, sinister price.",2026-04-16,['Horror'],"['obsession', 'supernatural', 'possession', 'wish', 'evil spirit', 'love', 'demon', 'couple', 'demonic possession', 'macabre', 'folk horror', 'supernatural horror', 'toy', 'psychological', 'spell', 'psychological horror', 'cursed object', 'mean spirited', 'tragic', ""monkey's paw""]","['Michael Johnston', 'Inde Navarrette', 'Cooper Tomlinson', 'Megan Lawless', 'Andy Richter']",Curry Barker,7.9,45,79.4993,108,/40I66L7QKguTFDPvcLcdiTbAD7I.jpg
1235192,tt27040807,Wormtown,Wormtown,"One year into a plague of flesh-eating, mind-altering worms, the nocturnal town of Ashland, Ohio, has embraced the parasites’ rule. Under cult-like Mayor Joshua, zealous Ranchers spread their gospel—by persuasion or by force. A trio of uninfected women cling to survival through scavenging, extreme hygiene, and evasion. But everyone breaks eventually, unleashing betrayal, sacrilege, and body horror.",2025-09-27,"['Science Fiction', 'Horror', 'Adventure']",[],"['Caitlin McWethy', 'Rachel Ryu', 'Emily Soppe', 'Maggie Lou Rader', 'A.J. Baldwin']",Sergio Pinheiro,5.8,13,79.4411,107,/lE10ww38b7XA5LIagIsVQj9a8Hn.jpg
1038918,,Magistrate Woman Prison Collection II,美女奉行 おんな牢秘抄II,,1995-09-21,"['Drama', 'History']",[],"[""Shin'ya Ohwada"", 'Ayako Takaishi', 'Kyōko Aizome']",Toru Harada,6.0,1,78.1188,79,/i3Ouy0rMUHyKeHZV3PYl106OSwe.jpg
855435,tt14619456,Faces of Death,Faces of Death,"A woman, employed as a website content moderator, comes across a series of violent videos reproducing death scenes from a film.",2026-04-10,['Horror'],"['post-traumatic stress disorder (ptsd)', 'kidnapping', 'beheading', 'trauma', 'sequel', 'murder', 'serial killer', 'internet', 'slasher', 'violent death', 'home invasion', 'death', 'death of sister', 'viral video', 'internet culture', 'tv news anchor', 'copycat killer', 'social media influencer', 'snuff film', 'meta', 'content moderation', 'tense', 'disgusted', 'meta narrative']","['Barbie Ferreira', 'Dacre Montgomery', 'Josie Totah', 'Aaron Holliday', 'Jermaine Fowler']",Daniel Goldhaber,5.143,42,72.1692,97,/vPVY3S57lEooBLJCg6KGdMHkUxm.jpg
938150,tt5095076,Wardriver,Wardriver,"He’s a Wardriver: a hacker who steals from banks, not people—until he’s noticed. Now the money turns violent, and the woman caught in it could save him or kill them both.",2026-03-04,"['Thriller', 'Crime']",[],"['Dane DeHaan', 'Sasha Calle', 'Mamoudou Athie', 'Jeffrey Donovan', 'William Belleau']",Rebecca Thomas,6.7,31,71.0921,93,/ipTXhWCJgeg5RN0CpmFZYDzOzQi.jpg
1419406,tt34610311,The Shadow's Edge,捕风追影,Macau Police brings the tracking expert police officer out of retirement to help catch a dangerous group of professional thieves.,2025-08-16,"['Action', 'Crime', 'Drama', 'Thriller']","['race against time', 'ex-cop', 'betrayal', 'macau', 'hand to hand combat', 'manhunt', 'hidden agenda', 'hacked camera system', 'cryptocurrency', 'security breach', 'tracking expert', 'spectacular action scenes', 'surveillance city', 'family stakes']","['Jackie Chan', 'Zhang Zifeng', 'Tony Leung Ka-fai', 'Ci Sha', 'Jun']",Larry Yang,7.308,639,68.2458,142,/e0RU6KpdnrqFxDKlI3NOqN8nHL6.jpg
840464,tt14850054,Greenland 2: Migration,Greenland 2: Migration,"Having found the safety of the Greenland bunker after the comet Clarke decimated the Earth, the Garrity family must now risk everything to embark on a perilous journey across the wasteland of Europe to find a new home.",2026-01-07,"['Adventure', 'Thriller', 'Science Fiction']","['natural disaster', 'shelter', 'protective father', 'traumatized child', 'audacious', 'human resilience', 'emotional trauma', 'post‑apocalyptic journey', 'family survival', 'harsh environment', 'constant threat', 'resourceful mother', 'military authority', 'collapse of society', 'resource scarcity', 'parental sacrifice', 'lawless zones']","['Gerard Butler', 'Morena Baccarin', 'Roman Griffin Davis', 'Tommie Earl Jenkins', 'Trond Fausa Aurvåg']",Ric Roman Waugh,6.414,1033,66.7702,98,/z2tqCJLsw6uEJ8nJV8BsQXGa3dr.jpg
976912,tt13452544,Graphic Desires,Graphic Desires,"When reclusive Franklin cheats on his partner with a mysterious girl he meets on a dating app, it becomes the start of a deadly obsession.",2023-08-31,"['Thriller', 'Crime']","['infidelity', 'cheating', 'killing', 'murder', 'erotic thriller', 'murdered', 'dating app']","['David Wayman', 'Sian Altman', 'May Kelly', 'Ocean M Harris', 'Valis Volkova']",Andy Edwards,6.952,62,65.9747,90,/3BjLdTWRiHc1ISIZMFvToOmghOM.jpg
1510745,tt37538172,Bodycam,Bodycam,"A call to a quiet suburban home unleashes unthinkable carnage when two officers mistakenly shoot a man and his infant child, spiraling the tragedy into a fierce, unrelenting fall into the unknown.",2026-03-12,['Horror'],"['paranormal phenomena', 'police corruption', 'macabre', 'found footage', 'pov (point of view)', 'police murders', 'bodycam', 'absurd', 'tragic', 'unknown entity']","['Jaime M. Callica', 'Sean Rogerson', 'Catherine Lough Haggquist', 'Angel Prater', 'Keegan Connor Tracy']",Brandon Christensen,5.552,48,65.3635,75,/xFpBNcG3Dlr8mYF5Kz9Tizs3Pxn.jpg
157336,tt0816692,Interstellar,Interstellar,The adventures of a group of explorers who make use of a newly discovered wormhole to surpass the limitations on human space travel and conquer the vast distances involved in an interstellar voyage.,2014-11-05,"['Adventure', 'Drama', 'Science Fiction']","['rescue', 'future', 'spacecraft', 'race against time', 'artificial intelligence (a.i.)', 'nasa', 'time warp', 'dystopia', 'expedition', 'space travel', 'wormhole', 'famine', 'hibernation', 'black hole', 'quantum mechanics', 'family relationships', 'love', 'space', 'apocalypse', 'planet', 'robot', 'astronaut', 'scientist', 'single father', 'farmer', 'space station', 'gravity', 'space adventure', 'time paradox', 'time-manipulation', 'cryonics', 'father daughter relationship', '2060s', 'exhilarated']","['Matthew McConaughey', 'Anne Hathaway', 'Michael Caine', 'Jessica Chastain', 'Casey Affleck']",Christopher Nolan,8.473,39684,65.2549,169,/yQvGrMoipbRoddT0ZR8tPoR7NfX.jpg
1242898,tt31227572,Predator: Badlands,Predator: Badlands,"Cast out from his clan, a young Predator finds an unlikely ally in a damaged android and embarks on a treacherous journey in search of the ultimate adversary.",2025-11-05,"['Action', 'Science Fiction', 'Adventure']","['survival', 'outcast', 'alien planet', 'team up', 'vibrant', 'hostile alien wilderness', 'relentless hunt', 'intense creature combat', 'deadly pursuit', 'invisible predator', 'territorial threat', 'unexpected alliances', 'hostile terrain', 'unknown world', 'deadly environment', 'hunter vs hunted', 'stealth pursuit']","['Elle Fanning', 'Dimitrius Schuster-Koloamatangi', 'Ravi Narayan', 'Michael Homick', 'Stefan Grube']",Dan Trachtenberg,7.7,2824,63.287,107,/pHpq9yNUIo6aDoCXEBzjSolywgz.jpg
1579,tt0472043,Apocalypto,Apocalypto,"Set in the Mayan civilization, when a man's idyllic presence is brutally disrupted by a violent invading force, he is taken on a perilous journey to a world ruled by fear and oppression where a harrowing end awaits him. Through a twist of fate and spurred by the power of his love for his woman and his family he will make a desperate break to return home and to ultimately save his way of life.",2006-12-07,"['Action', 'Drama', 'History']","['loss of loved one', 'maya civilization', 'village', 'solar eclipse', 'affectation', 'slavery', 'tribe', 'native american', 'forest', 'human sacrifice', 'eclipse', 'central america', 'ancient civilization', 'angry', 'aggressive', '16th century', 'candid', 'maya temple', 'ancient language film', 'absurd', 'dramatic', 'critical', 'admiring', 'adoring', 'ambiguous', 'ambivalent', 'approving', 'assertive', 'audacious', 'authoritarian', 'awestruck', 'baffled', 'celebratory', 'commanding', 'defiant', 'earnest', 'empathetic', 'enchant']","['Rudy Youngblood', 'Raoul Max Trujillo', 'Gerardo Taracena', 'Iazua Larios', 'Antonio Monroy']",Mel Gibson,7.613,6278,62.9742,138,/cRY25Q32kDNPFDkFkxAs6bgCq3L.jpg
1414413,tt32394984,Brothers Under Fire,Brothers Under Fire,"Captain Jordan Wright's squadron on leave for a wedding in Mexico encounters a murderous cartel. As Jordan tries to lead survivors to safety, war erupts between his squad and the cartel, forcing him into a battle to save his men.",2026-04-15,"['Action', 'Thriller', 'Mystery', 'Drama']","['survival', 'military', 'cartel', 'action', 'méxico']","['Kiefer Sutherland', 'Tommy Martinez', 'Ashton Sanders', 'Solly McLeod', 'Laura Osma']",Justin Chadwick,6.237,19,62.1993,99,/e5EKqk9V7N3w0WvYFhl6wSVrMp0.jpg
1368166,tt27543632,The Housemaid,The Housemaid,"Trying to escape her past, Millie Calloway accepts a job as a live-in housemaid for the wealthy Nina and Andrew Winchester. But what begins as a dream job quickly unravels into something far more dangerous—a sexy, seductive game of secrets, scandal, and power.",2025-12-18,"['Mystery', 'Thriller']","['based on novel or book', 'manipulation', 'psychological thriller', 'housekeeper', 'dominance', 'attic', 'housemaid', 'enigmatic', 'adaptation', 'secret', 'mystery', 'suspense thriller', 'power shift', 'social disparity']","['Sydney Sweeney', 'Amanda Seyfried', 'Brandon Sklenar', 'Michele Morrone', 'Elizabeth Perkins']",Paul Feig,7.238,2089,61.3477,131,/cWsBscZzwu5brg9YjNkGewRUvJX.jpg
1632181,tt40187050,Accidental Partners,Socias por accidente,Two women discover they were both scammed by the same man (who also got them pregnant). They form an alliance to take revenge.,2026-03-12,"['Comedy', 'Romance', 'Family']",[],"['Angelique Boyer', 'Bárbara de Regil', 'Diego Klein', 'Gabriela Platas', 'Isabella Camil']",Ihtzi Hurtado,9.0,46,60.6981,0,/sr1Yoj6XLPTWYcbDoBy67xivW4I.jpg
7451,tt0295701,xXx,xXx,"Xander Cage is your standard adrenaline junkie with no fear and a lousy attitude. When the US Government ""recruits"" him to go on a mission, he's not exactly thrilled. His mission: to gather information on an organization that may just be planning the destruction of the world, led by the nihilistic Yorgi.",2002-08-09,"['Action', 'Adventure', 'Thriller', 'Crime', 'Drama']","['mission', 'biological weapon', 'sports car', 'cold war', 'prague, czech republic', 'nsa agent', 'adrenaline junkie', 'thrill seeker']","['Vin Diesel', 'Asia Argento', 'Marton Csokas', 'Samuel L. Jackson', 'Michael Roof']",Rob Cohen,5.987,4888,59.9385,124,/xeEw3eLeSFmJgXZzmF2Efww0q3s.jpg
510657,tt7945270,Wellwood,Wellwood,Nick makes an extraterrestrial discovery that he decides will cure his wife of her terminal illness.,2025-03-24,"['Science Fiction', 'Horror', 'Drama', 'Thriller']",[],"['Keisha Castle-Hughes', 'Lance E. Nichols', 'Camille Balsamo', 'Reid Collums', ""Siena D'Addario""]",Eliza Hooper,5.6,9,59.5684,89,/vRwzVKNHeeQ9srX6u2qsuflBozb.jpg
318256,tt4382552,Hot Girls Wanted,Hot Girls Wanted,A first-ever look at the realities of the professional “amateur” porn world and the steady stream of 18-to-19-year old girls entering into it.,2015-01-24,['Documentary'],"['porn star', 'softcore', 'craigslist', 'woman director', 'adult filmmaking', 'sex trade', 'adult']","['Stella May', 'Brian Omally', 'Ava Taylor', 'John Anthony', 'Kelly Silguero']",Ronna Gradus,6.085,720,59.3191,84,/75ot83QOkc02vujyzmIbumQCU6Y.jpg
1171145,tt32430579,Crime 101,Crime 101,"When an elusive thief whose high-stakes heists unfold along the iconic 101 freeway in Los Angeles eyes the score of a lifetime, with hopes of this being his final job, his path collides with a disillusioned insurance broker who is facing her own crossroads. Determined to crack the case, a relentless detective closes in on the operation, raising the stakes even higher.",2026-02-11,"['Crime', 'Thriller']","['robbery', 'based on novel or book', 'jewelry', 'heist', 'police chase', 'los angeles, california', 'police detective', 'diamond heist', 'insurance', 'lapd', 'motorcycle chase', 'jewel robbery', 'ford mustang', 'amused', 'car chases', 'antwerp diamonds']","['Chris Hemsworth', 'Mark Ruffalo', 'Halle Berry', 'Barry Keoghan', 'Monica Barbaro']",Bart Layton,6.943,929,55.5237,141,/tVvpFIoteRHNnoZMhdnwIVwJpCA.jpg
24428,tt0848228,The Avengers,The Avengers,"When an unexpected enemy emerges and threatens global safety and security, Nick Fury, director of the international peacekeeping agency known as S.H.I.E.L.D., finds himself in need of a team to pull the world back from the brink of disaster. Spanning the globe, a daring recruitment effort begins!",2012-04-25,"['Science Fiction', 'Action', 'Adventure']","['new york city', 'superhero', 'shield', 'based on comic', 'alien invasion', 'superhero team', 'aftercreditsstinger', 'duringcreditsstinger', 'marvel cinematic universe (mcu)']","['Robert Downey Jr.', 'Chris Evans', 'Mark Ruffalo', 'Chris Hemsworth', 'Scarlett Johansson']",Joss Whedon,8.023,37813,53.7707,143,/RYMX2wcKCBAr24UyPD7xwmjaTn.jpg
1159559,tt27047903,Scream 7,Scream 7,"When a new Ghostface killer emerges in the quiet town where Sidney Prescott has built a new life, her darkest fears are realized as her daughter becomes the next target. Determined to protect her family, Sidney must face the horrors of her past to put an end to the bloodshed once and for all.",2026-02-25,"['Horror', 'Mystery', 'Crime']","['mask', 'artificial intelligence (a.i.)', 'sequel', 'murder', 'serial killer', 'slasher', 'whodunit', 'killing spree', 'self-referential', 'reboot', 'crime spree', 'duringcreditsstinger', 'shocking', 'aggressive', 'murder mystery', 'masked villain', 'murder spree', 'teen horror', 'bold', 'horrified', 'whodunnit']","['Neve Campbell', 'Courteney Cox', 'Isabel May', 'Jasmin Savoy Brown', 'Mason Gooding']",Kevin Williamson,6.099,886,53.5633,114,/jjyuk0edLiW8vOSnlfwWCCLpbh5.jpg
729791,,Musume Bugyo On-na Ro Hisho,美女奉行 おんな牢秘抄,"A woman calling herself Princess Oryu enters the woman's prison. She is Kasumi, the daughter of the famous magistrate, Ooka Echizen, who slowly after hearing each of the prisoner's stories begins to realize the mystery that lies behind what it could be a big conspiracy.",1995-03-24,"['Drama', 'History']",['pink film'],"['Ayako Takaishi', 'Takeshi Maya', 'Mieko Arai', 'Hitoe Ootake', 'Hitomi Shiraishi']",Ryōji Shinmura,4.9,7,53.5148,78,/5rUqxpyE3YbnBK721euV0IkbNq3.jpg
278,tt0111161,The Shawshank Redemption,The Shawshank Redemption,"Imprisoned in the 1940s for the double murder of his wife and her lover, upstanding banker Andy Dufresne begins a new life at the Shawshank prison, where he puts his accounting skills to work for an amoral warden. During his long stretch in prison, Dufresne comes to be admired by the other inmates -- including an older prisoner named Red -- for his integrity and unquenchable sense of hope.",1994-09-23,"['Drama', 'Crime']","['prison', 'friendship', 'police brutality', 'corruption', 'based on novel or book', 'freedom', 'hope', 'prison cell', 'delinquent', 'redemption', 'parole board', 'prison escape', 'wrongful imprisonment', 'interracial friendship', 'framed for murder', 'hopeless', '1940s', 'voiceover', 'appreciative', 'exhilarated']","['Tim Robbins', 'Morgan Freeman', 'Bob Gunton', 'William Sadler', 'Clancy Brown']",Frank Darabont,8.72,30328,52.075,142,/9cqNxx0GxF0bflZmeSMuL5tnGzr.jpg
1404791,tt35276942,Dollhouse,ドールハウス,"After losing their child, a mother finds solace in a life-sized ancient doll she finds on the market.  When a new daughter enters the family's life, strange things begin to happen and no matter how hard the family tries to get rid of it, the doll always finds its way back.",2025-06-13,"['Horror', 'Mystery']","['island', 'coffin', 'doll', 'washing machine', 'strange', 'possessed doll', 'haunted doll', 'death of a child', 'suspense', 'psychological horror', 'mystery']","['Masami Nagasawa', 'Koji Seto', 'Tetsushi Tanaka', 'Aoi Ikemura', 'Naomi Nishida']",Shinobu Yaguchi,7.564,47,51.0342,110,/vUs4OPpvu4Is7wIGaXkseNJHhEA.jpg
1325734,tt33071426,The Drama,The Drama,A happily engaged couple is put to the test when an unexpected turn sends their wedding week off the rails.,2026-03-26,"['Romance', 'Comedy', 'Drama']","['infidelity', 'boston, massachusetts', 'dark comedy', 'romcom', 'engaged couple', 'trust issues', 'cautionary', 'tense']","['Zendaya', 'Robert Pattinson', 'Mamoudou Athie', 'Alana Haim', 'Jordyn Curet']",Kristoffer Borgli,6.947,742,50.9151,105,/yPV87cvDabRMTZs6NIbZLOufBLR.jpg
80175,tt1505337,Entre sábanas,Entre sábanas,"A woman takes a man she just met at a nightclub to a hotel, so they can have a one-night stand, but things start to get complicated when he asks her to spend the night with him so they can have a chance to know about each other between the sheets.",2008-04-04,"['Drama', 'Romance']","['hotel room', 'sex']","['Karina Mora', 'Marlon Moreno']",Gustavo Nieto Roa,4.7,13,50.493,0,/opETUc1PXVAngiu8xCe3W2mvKwe.jpg
440249,tt5168832,After Porn Ends 2,After Porn Ends 2,"After Porn Ends 2 picks up where its predecessor left off and not only turns back the clock to meet the oldest living stars in adult film's history, but goes in depth with some of Its most current retirees and juxtaposes their experiences in a life after porn. Delving deeper into society's ongoing stigmas of race, misogyny, and the reality of decreasing opportunities for these former VHS box cover stars. For some, their careers in adult entertainment is accepted proudly and without regret. In fact, it seems to have proven to be the pathway to their current happiness and inner peace. For others, however, a career in porn has proven to be a conduit to certain despair as they struggle to find a way to bury their past and emerge with a new career or calling.",2017-03-28,['Documentary'],"['interview', 'porn actress', 'observational documentary', 'adult industry workers', 'porno', 'adult film actress', 'informative', 'adult']","['Ginger Lynn', 'Lisa Ann', 'Janine Lindemulder', 'Chasey Lain', 'Tabitha Stevens']",Bryce Wagoner,5.4,251,49.1713,90,/rfItXrtDGILwsCdmgVxX79phFuI.jpg
78192,tt2113007,Michael Jackson: The Life of an Icon,Michael Jackson: The Life of an Icon,"See Michael Jackson, one of the most recognizable and popular entertainers of all time, like never before in the feature-length tribute Michael Jackson: The Life of an Icon. Known to millions of fans worldwide for his record-breaking albums, groundbreaking music videos, mesmerizing dance moves and humanitarian efforts, his true story has never really been told...until now. This unprecedented look into the King of Pop's fascinating life includes all-new interviews with his mother Katherine Jackson as well as siblings Tito and Rebbie Jackson,  his nephew  Jaafar Jackson and niece Tahkyah brings plenty Jackson and Friends ends and music legends such as Smokey Robinson, Dionne Warwick and  his 3 children and many more.",2011-11-02,"['Documentary', 'Music']",[],"['Michael Jackson', 'David Gest', 'Tito Jackson', 'Rebbie Jackson', 'Katherine Jackson']",Andrew Eastel,8.099,161,49.0376,149,/tOCYV9JCXXFtb7YehKXJBMKI4aD.jpg
458293,tt6428912,Michael Jackson: Searching for Neverland,Michael Jackson: Searching for Neverland,"Based on the best-selling book, Remember the Time: Protecting Michael Jackson in His Final Days, and told through the eyes of Jackson's trusted bodyguards, Bill Whitfield and Javon Beard. The movie will reveal firsthand the devotion Michael Jackson had to his children, and the hidden drama that took place during the last two years of his life.",2017-05-29,"['Drama', 'TV Movie']","['melancholy', 'nervous', 'adoring', 'foreboding']","['Navi', 'Chad L. Coleman', 'Sam Adegoke', 'Aidan Hanlon Smith', 'Taegen Burns']",Dianne Houston,6.541,111,48.7913,102,/mRZIiG4vJiCgJh4v2EPUVVTznC8.jpg
1582770,tt39139925,Dhurandhar: The Revenge,धुरंधर: द रिवेंज,"As rival gangs, corrupt officials and a ruthless Major Iqbal close in, Hamza's mission for his country spirals into a bloody personal war where the line between patriot and monster disappears in the streets of Lyari.",2026-03-18,"['Action', 'Crime', 'Thriller']","['undercover', 'espionage', 'politics', 'spy', 'traitor', 'patriotism', 'nationalism', 'gore', 'gang leader', 'pakistan', 'sequel', 'betrayal', 'conspiracy', 'torture', 'soldier', 'india', 'interrogation', 'terrorist attack', 'undercover operation', 'gun violence', 'bloodshed', 'political corruption', 'serious', 'intense', 'cruel', 'excited']","['Ranveer Singh', 'Arjun Rampal', 'R. Madhavan', 'Sanjay Dutt', 'Sara Arjun']",Aditya Dhar,7.436,70,48.3122,229,/ov8vrRLZGoXHpYjSY9Vpv1tHJX7.jpg
493125,tt7759670,An Affair - Two Sisters,정사-두자매,Two beautiful sisters run a cabin in the mountains that is well-known to men as a place of affection. An unknown man near the cabin watches them closely.,2017-09-21,"['Drama', 'Romance']",['softcore'],"['Min Do-yoon', 'Lee Chae-dam', 'Yoo Ri', 'Sang Woo', 'Jo Yong-bok']",Park Joo-yeong,4.7,3,47.8771,72,/hd53bYFpoWjojG08xLQBO8cP50h.jpg
1207162,tt25868520,Rise of the Conqueror,Rise of the Conqueror,"In the 14th-century, as the Silk Road crumbles and rival factions tear the land apart, fearless warrior Timur emerges from exile. Stripped of everything, he fights to unite the fractured kingdoms, using strategy and sheer will to carve an empire from chaos. Undefeated in battle and widely regarded as one of history’s greatest military leaders and tacticians, not to mention one of its most brutal, Timur would found the Timurid Empire, which ruled over modern-day Afghanistan, Iran and Central Asia.",2026-04-09,"['History', 'Action', 'Adventure', 'War']","['historical drama', 'warrior', 'physical disability', 'uzbekistan', '14th century', 'historical epic', 'central asia', 'based on real person']","['Christian Mortensen', 'Mahesh Jadu', 'Joshua Jo', 'Sayed Badreya', 'Yulduz Rajabova']",Jacob Schwarz,6.273,11,47.4095,119,/9cRE0DsM6CNIiY9Ah3cd8oc3n1Y.jpg
10867,tt0213847,Malena,Malèna,"12-year-old Renato experiences three significant events on the same day: the beginning of the Second World War, getting a bike, and witnessing the arrival of the gorgeous Malèna. Through his eyes, we see the curse of beauty and loneliness of Malena, whose husband is presumed dead, and, through his soul, we see his love for her.",2000-10-27,['Drama'],"['prostitute', 'jealousy', 'sicily, italy', 'widow', 'world war ii', 'longing', 'coming of age', 'beautiful woman', 'crush', 'sex trafficking', 'intrigue', 'pretty woman', 'milf', 'sad story', 'dramatic', 'rich to poor', 'broken women']","['Monica Bellucci', 'Giuseppe Sulfaro', 'Luciano Federico', 'Matilde Piana', 'Pietro Notarianni']",Giuseppe Tornatore,7.456,2570,47.2243,108,/3OyQTl0IGkbnjDxd3MhztfPE34g.jpg
1173559,tt26349732,Insidious Inferno,Insidious Inferno,A secluded cottage is plagued by gruesome murders and unbeknownst to the inhabitants something other worldly lurks within the halls. Can the couple solve the mystery of the cursed grounds in time or will they open the door to the inferno?,2024-11-29,['Horror'],[],"['Stephanie Leet', 'Neil Green', 'Chynna Rae Shurts', 'Steve Larkin', 'Erik Skybak']",Calvin Morie McCarthy,5.875,16,46.9977,97,/8kljUAovBatZRYp2ye2RZr239hU.jpg
1265609,tt15940132,War Machine,War Machine,"On one last grueling mission during Army Ranger training, a combat engineer must lead his unit in a fight against a giant otherworldly killing machine.",2026-02-12,"['Action', 'Science Fiction', 'Thriller']","['struggle for survival', 'military training', 'hostile', 'afghanistan veteran', 'alien hunters', 'alien arrival', 'military sci-fi', 'u.s. army ranger', 'extraterrestrial threat', 'special forces training', 'firefights', 'hostile encounter', 'high‑intensity conflict', 'gore elements', 'veteran soldier', 'remote outpost']","['Alan Ritchson', 'Dennis Quaid', 'Stephan James', 'Jai Courtney', 'Esai Morales']",Patrick Hughes,7.292,1680,46.2121,110,/5txx39hgkMY6iskk3oOX7nU34bE.jpg
1383731,tt34471850,Protector,Protector,"Nikki's life is shattered when her daughter is kidnapped. Thrust into the criminal underworld while hunted by cops and military, she must fight to rescue her child.",2026-02-20,"['Action', 'Thriller']","['kidnapping', 'rescue mission', 'war hero', 'underworld', 'action']","['Milla Jovovich', 'Matthew Modine', 'Isabel Myers', 'D. B. Sweeney', 'Don Harvey']",Adrian Grünberg,6.358,53,45.6179,90,/icOZpnGuH9YrEaW3wrw5GJaXGih.jpg
299536,tt4154756,Avengers: Infinity War,Avengers: Infinity War,"As the Avengers and their allies have continued to protect the world from threats too large for any one hero to handle, a new danger has emerged from the cosmic shadows: Thanos. A despot of intergalactic infamy, his goal is to collect all six Infinity Stones, artifacts of unimaginable power, and use them to inflict his twisted will on all of reality. Everything the Avengers have fought for has led up to this moment - the fate of Earth and existence itself has never been more uncertain.",2018-04-25,"['Adventure', 'Action', 'Science Fiction']","['sacrifice', 'magic', 'superhero', 'based on comic', 'space', 'battlefield', 'genocide', 'magical object', 'super power', 'superhero team', 'aftercreditsstinger', 'marvel cinematic universe (mcu)', 'cosmic']","['Robert Downey Jr.', 'Chris Evans', 'Chris Hemsworth', 'Josh Brolin', 'Mark Ruffalo']",Anthony Russo,8.234,31910,45.0868,149,/7WsyChQLEftFiDOVTGkv3hFpyyt.jpg
1038392,tt22898462,The Conjuring: Last Rites,The Conjuring: Last Rites,Paranormal investigators Ed and Lorraine Warren take on one last terrifying case involving mysterious entities they must confront.,2025-09-03,['Horror'],"['pennsylvania, usa', 'supernatural', 'exorcism', 'haunted house', 'sequel', 'priest', 'religion', 'wedding', 'spirit', 'paranormal investigation', 'ghost', '1980s', 'demonic', 'mirror', 'supernatural horror', 'horror']","['Patrick Wilson', 'Vera Farmiga', 'Mia Tomlinson', 'Ben Hardy', 'Rebecca Calder']",Michael Chaves,6.887,1798,44.8386,136,/byWgphT74ClOVa8EOGzYDkl8DVL.jpg
1110034,tt19838566,Kraken,Kraken,"A marine biologist is doing research on a fish farm when she encounters several strange occurrences. Along with the brutal deaths of two teenagers, all signs point to the deep fjord; can there be more to the depths than the eye can see?",2026-02-06,"['Horror', 'Action', 'Thriller']","['sea monster', 'norwegian folklore', 'cautionary']","['Sara Khorami', 'Mikkel Bratt Silset', 'Ingvild Holthe Bygdnes', 'Øyvind Brandtzæg', 'Jenny Evensen']",Pål Øie,5.9,42,43.7924,94,/xdZ8k5s8DTwWyPBMIcflrYLgcAK.jpg
502356,tt6718170,The Super Mario Bros. Movie,The Super Mario Bros. Movie,"While working underground to fix a water main, Brooklyn plumbers—and brothers—Mario and Luigi are transported down a mysterious pipe and wander into a magical new world. But when the brothers are separated, Mario embarks on an epic quest to find Luigi.",2023-04-05,"['Family', 'Comedy', 'Adventure', 'Fantasy', 'Animation']","['gorilla', 'plumber', 'villain', 'anthropomorphism', 'based on video game', 'nostalgic', 'toad', 'aftercreditsstinger', 'duringcreditsstinger', 'damsel in distress', 'piano', 'brother brother relationship', '3d animation', 'evil king']","['Chris Pratt', 'Anya Taylor-Joy', 'Charlie Day', 'Jack Black', 'Keegan-Michael Key']",Aaron Horvath,7.596,10651,42.9236,93,/qNBAXBIQlnOThrVvA6mA2B5ggV6.jpg
1084577,tt26735622,Balls Up,Balls Up,"Two marketing executives go ""balls out"" and pitch a bold full‑coverage condom sponsorship with the World Cup. After their drunken celebration in Brazil sparks a global scandal, they must outrun furious fans, criminals, and power-hungry officials to salvage their careers and make it home alive.",2026-04-15,"['Comedy', 'Action', 'Adventure']","['world cup', 'brazil']","['Mark Wahlberg', 'Paul Walter Hauser', 'Sacha Baron Cohen', 'Benjamin Bratt', 'Luciano Szafir']",Peter Farrelly,5.813,214,42.304,104,/xwvJ3WzdJ1OCuDoY8LAxBUlQyig.jpg
238,tt0068646,The Godfather,The Godfather,"Spanning the years 1945 to 1955, a chronicle of the fictional Italian-American Corleone crime family. When organized crime family patriarch, Vito Corleone barely survives an attempt on his life, his youngest son, Michael steps in to take care of the would-be killers, launching a campaign of bloody revenge.",1972-03-14,"['Drama', 'Crime']","['based on novel or book', 'loss of loved one', 'love at first sight', 'italy', 'gangster', 'symbolism', 'patriarch', 'europe', 'organized crime', 'mafia', 'religion', 'revenge motive', 'crime family', 'sicilian mafia', 'religious hypocrisy', 'gun violence', 'rise to power', 'gang violence', '1940s', '1950s', 'mafia war', 'best picture winner', 'oscar winner']","['Marlon Brando', 'Al Pacino', 'James Caan', 'Robert Duvall', 'Richard S. Castellano']",Francis Ford Coppola,8.686,22888,42.2089,175,/3bhkrj58Vtu7enYsRolD1fZdja1.jpg
1196067,tt14264694,Worldbreaker,Worldbreaker,"Five years ago, a tear in the fabric of reality brought creatures to our world from an alternate dimension bent on our destruction. A father hides his daughter on an island to keep her safe while he prepares her for survival and the battles to come. But when the world is about to break, no place is safe.",2025-10-30,"['Science Fiction', 'Action', 'Horror']","['monster', 'climate change', 'global warming', 'near future', 'front-line soldier', 'environmental collapse', 'dystopian', 'unknown danger', 'family survival', 'looming catastrophe', 'parental protection', 'apocalyptic tone', 'planetary threat', 'emotional stakes', 'military checkpoints']","['Milla Jovovich', 'Luke Evans', 'Billie Boullet', 'Meadow Williams', 'Mila Harris']",Brad Anderson,5.905,153,41.7252,95,/ahj1JU8r0uJv7QII5Uj7tKzbEsC.jpg
425274,tt4712810,Now You See Me: Now You Don't,Now You See Me: Now You Don't,"The original Four Horsemen reunite with a new generation of illusionists to take on powerful diamond heiress Veronika Vanderberg, who leads a criminal empire built on money laundering and trafficking. The new and old magicians must overcome their differences to work together on their most ambitious heist yet.",2025-11-12,"['Crime', 'Thriller']","['diamond', 'antwerp', 'sequel', 'diamond heist', 'misdirection', 'hidden agenda', 'sleight of hand', 'team up', 'mystery and intrigue', 'antwerp diamonds', 'magic heist', 'illusion mastery', 'team synergy', 'showmanship', 'illusionist team', 'twist reveal', 'international theft']","['Jesse Eisenberg', 'Dominic Sessa', 'Ariana Greenblatt', 'Justice Smith', 'Rosamund Pike']",Ruben Fleischer,6.513,1477,41.6636,113,/oD3Eey4e4Z259XLm3eD3WGcoJAh.jpg
603,tt0133093,The Matrix,The Matrix,"Set in the 22nd century, The Matrix tells the story of a computer hacker who joins a group of underground insurgents fighting the vast and powerful computers who now rule the earth.",1999-03-31,"['Action', 'Science Fiction']","['man vs machine', 'martial arts', 'kung fu', 'dreams', 'fortune teller', 'artificial intelligence (a.i.)', 'saving the world', 'hacker', 'self sacrifice', 'virtual reality', 'fight', 'prophecy', 'truth', 'philosophy', 'dystopia', 'allegory', 'insurgence', 'chosen one', 'pill', 'simulated reality ', 'cyberpunk', 'dream world', 'action hero', 'gnosticism', 'oracle', 'soothsayer', 'commanding', 'allegory of the cave', 'dystopian']","['Keanu Reeves', 'Laurence Fishburne', 'Carrie-Anne Moss', 'Hugo Weaving', 'Gloria Foster']",Lana Wachowski,8.245,27820,40.5544,136,/aOIuZAjPaRIE6CMzbazvcHuHXDc.jpg
441168,tt6237208,From Straight A's to XXX,From Straight A's to XXX,"When a change of circumstances leaves Miriam unable to pay her college tuition, she makes a surprising decision: to start performing in adult films, using the pseudonym Belle Knox. Miriam lies to her family and her friends at school, keeping her double life a secret. But soon rumours spread and Miriam becomes the subject of vicious online attacks and unwanted attention. Miriam fights back: she talks to the media, saying her new line of work empowers her as a feminist. But her confident stand has unintended consequences. Miriam is shunned by her conservative family and her colleagues in the adult film world. One impulsive decision has quickly spiralled out of control - and Miriam's problems are just beginning.",2017-02-11,"['Drama', 'TV Movie']",['adult filmmaking'],"['Haley Pullos', 'Sasha Clements', 'Judd Nelson', 'Alyson Bath', 'Jacky Lai']",Vanessa Parise,5.8,160,40.5251,87,/kvcdaGcres9pGDwZfPN9jOKfZh.jpg
1601797,tt35979013,¿Quieres ser mi novia?,¿Quieres ser mi novia?,"Javi and Lu's relationship faces dangerous territory as old and new temptations emerge: a young woman reigniting Javi's chemistry and a mature man pursuing Lu. Through humor, entanglements, and surprises, their love is tested.",2026-02-12,"['Comedy', 'Romance']","['love', 'relación']","['Ludwika Paleta', 'Juanpa Zurita', 'Harold Azuara', 'Yuriria del Valle', 'Moisés Arizmendi']",Ihtzi Hurtado,8.5,93,40.1123,97,/oscW8xV8EhRYj7iAhyVlBohKqxo.jpg
911430,tt16311594,F1,F1,Racing legend Sonny Hayes is coaxed out of retirement to lead a struggling Formula 1 team—and mentor a young hotshot driver—while chasing one more chance at glory.,2025-06-25,"['Action', 'Drama']","['sports', 'comeback', 'racing', 'race car driver', 'sport competition', 'aftercreditsstinger', 'beforecreditsstinger', 'rookie', 'formula one (f1)', 'motorsport', 'car racing', 'disdainful', 'exhilarated', 'joyful']","['Brad Pitt', 'Damson Idris', 'Javier Bardem', 'Kerry Condon', 'Tobias Menzies']",Joseph Kosinski,7.764,3884,39.8743,156,/vqBmyAj0Xm9LnS1xe1MSlMAJyHq.jpg
28322,tt0080075,Madness,Vacanze per un massacro,"An escaped convicted murderer invades the cottage of a man, his wife and the wife's sister, whereupon he proceeds to torment this already dysfunctional trio with rape and violence.",1980-03-20,"['Thriller', 'Action', 'Crime']","['rape', 'escaped convict', 'murder', 'home invasion']","['Joe Dallesandro', 'Patrizia Behn', 'Gianni Macchia', 'Lorraine De Selle', 'Omero Capanna']",Fernando Di Leo,5.0,29,39.8208,89,/gV0J0Fqw2mYMtQbzb0ruxv9MAeZ.jpg
744275,tt13069986,After We Fell,After We Fell,"Just as Tessa's life begins to become unglued, nothing is what she thought it would be. Not her friends nor her family. The only person that she should be able to rely on is Hardin, who is furious when he discovers the massive secret that she's been keeping. Before Tessa makes the biggest decision of her life, everything changes because of revelations about her family.",2021-09-01,"['Drama', 'Romance']","['based on novel or book', 'family history', 'love', 'teenage crush', 'woman director', 'family tension', 'zealous', 'mischievous', 'enraged']","['Josephine Langford', 'Hero Fiennes Tiffin', 'Carter Jenkins', 'Louise Lombard', 'Chance Perdomo']",Castille Landon,7.004,2729,39.7435,99,/dU4HfnTEJDf9KvxGS9hgO7BVeju.jpg
1641319,tt39538786,Sniper: No Nation,Sniper: No Nation,Brandon Beckett and Agent Zero lead a rescue mission in Costa Verde when their friends are taken hostage.,2026-04-07,"['Action', 'Thriller']","['special operation', 'hostile territory', 'extraction mission', 'terrorist cell', 'tactical action', 'military thriller', 'ambush operation', 'geopolitical tension', 'intel specialist', 'team betrayal', 'rogue operative', 'abandoned outposts', 'remote compounds', 'hostile border region', 'veteran sniper']","['Chad Michael Collins', 'Ryan Robbins', 'Manuel Rodriguez-Saenz', 'Josh Brener', 'Tom Berenger']",Trevor Calverley,6.33,44,39.5899,96,/tUmARo0TZEK1EaSuS6dU35FhDyU.jpg
1177445,tt27480944,Cannibal Mukbang,Cannibal Mukbang,"Shy and looking for love, Mark quickly becomes smitten with the outgoing and mysterious Ash. But as his feelings for her intensify, so does his unexpected submersion into Ash's biggest love: the wild world of mukbanging. And with it, lots of bloodshed.",2025-09-25,"['Horror', 'Comedy', 'Romance']",[],"['April Consalo', 'Nate Wise', 'Clay von Carlowitz', 'Randall Bowlin', 'Benjamin Frankenberg']",Aimee Kuge,4.5,10,39.5319,103,/f30neqyKxshsD9T5bCGenqVSkjf.jpg
27205,tt1375666,Inception,Inception,"Cobb, a skilled thief who commits corporate espionage by infiltrating the subconscious of his targets is offered a chance to regain his old life as payment for a task considered to be impossible: ""inception"", the implantation of another person's idea into a target's subconscious.",2010-07-15,"['Action', 'Science Fiction', 'Adventure']","['mission', 'dreams', 'kidnapping', 'spy', 'allegory', 'intellectual', 'manipulation', 'heist', 'memory', 'dream world', 'subconscious', 'high concept', 'dream']","['Leonardo DiCaprio', 'Joseph Gordon-Levitt', 'Ken Watanabe', 'Tom Hardy', 'Elliot Page']",Christopher Nolan,8.372,39186,39.3339,148,/xlaY2zyzMfkhk0HSC5VUwzoZPU1.jpg
803796,tt14205554,KPop Demon Hunters,KPop Demon Hunters,"When K-pop superstars Rumi, Mira and Zoey aren't selling out stadiums, they're using their secret powers to protect their fans from supernatural threats.",2025-06-20,"['Fantasy', 'Music', 'Comedy', 'Animation']","['double life', 'loyalty', 'supernatural', 'affectation', 'musical', 'female friendship', 'female protagonist', 'demon', 'self-doubt', 'sing-along', 'girl power', 'duringcreditsstinger', 'demon hunter', 'girl group', 'boy band', 'fandom', 'reflective', 'k-pop', 'action comedy', 'found family', 'south korea', 'korean', '3d animation', 'lighthearted', 'grand', 'half demon', 'save the world', 'self-redemption', 'powerful', 'k-pop group', 'trio']","['Arden Cho', 'May Hong', 'Ji-young Yoo', 'Ahn Hyo-seop', 'Yunjin Kim']",Maggie Kang,8.025,2746,38.9462,96,/zT7Lhw3BhJbMkRqm9Zlx2YGMsY0.jpg
1316092,tt32897959,"""Wuthering Heights""","""Wuthering Heights""","Tragedy strikes when Heathcliff falls in love with Catherine Earnshaw, a woman from a wealthy family in 18th-century England.",2026-02-11,"['Romance', 'Drama']","['dying and death', 'infidelity', 'based on novel or book', 'forbidden love', 'grief', 'orphan', 'period drama', 'biting', 'sexual sadism', 'kinky', 'foster child', '18th century', 'woman director', 'gothic romance', 'whitewashing', 'passion and romance', 'romantic drama', 'dramatic', 'violence', 'conceited', 'ghoulish', 'gothic period', 'pettiness', 'period romance', 'sensual']","['Margot Robbie', 'Jacob Elordi', 'Hong Chau', 'Alison Oliver', 'Shazad Latif']",Emerald Fennell,6.592,949,38.8524,136,/3YBce6dTh1D5oCMITXk2S5QhPt.jpg
155,tt0468569,The Dark Knight,The Dark Knight,"Batman raises the stakes in his war on crime. With the help of Lt. Jim Gordon and District Attorney Harvey Dent, Batman sets out to dismantle the remaining criminal organizations that plague the streets. The partnership proves to be effective, but they soon find themselves prey to a reign of chaos unleashed by a rising criminal mastermind known to the terrified citizens of Gotham as the Joker.",2008-07-16,"['Action', 'Crime', 'Thriller']","['sadism', 'chaos', 'secret identity', 'crime fighter', 'superhero', 'anti hero', 'scarecrow', 'based on comic', 'vigilante', 'organized crime', 'tragic hero', 'anti villain', 'criminal mastermind', 'district attorney', 'super power', 'super villain', 'neo-noir', 'bold']","['Christian Bale', 'Heath Ledger', 'Aaron Eckhart', 'Michael Caine', 'Maggie Gyllenhaal']",Christopher Nolan,8.53,35707,37.7653,152,/qJ2tW6WMUDux911r6m7haRef0WH.jpg
1010581,tt21909764,My Fault,Culpa mía,"Noah must leave her city, boyfriend, and friends to move into William Leister's mansion, the flashy and wealthy husband of her mother Rafaela. As a proud and independent 17 year old, Noah resists living in a mansion surrounded by luxury. However, it is there where she meets Nick, her new stepbrother, and the clash of their strong personalities becomes evident from the very beginning.",2023-06-08,"['Drama', 'Romance', 'Thriller']","['first time', 'forbidden love', 'stepbrother', 'female protagonist', 'underage sex', 'stepsister', 'disturbed', 'based on young adult novel', 'enemies to lovers', 'passion and romance', 'car', 'disapproving', 'disgusted', 'step-sibling romance']","['Nicole Wallace', 'Gabriel Guevara', 'Marta Hazas', 'Iván Sánchez', 'Eva Ruiz']",Domingo González,7.741,4053,37.1742,116,/w46Vw536HwNnEzOa7J24YH9DPRS.jpg
1272837,tt32141377,28 Years Later: The Bone Temple,28 Years Later: The Bone Temple,Dr. Kelson finds himself in a shocking new relationship - with consequences that could change the world as they know it - and Spike's encounter with Jimmy Crystal becomes a nightmare he can't escape.,2026-01-14,"['Horror', 'Thriller', 'Science Fiction']","['england', 'post-apocalyptic future', 'satanism', 'satanist', 'sequel', 'satan', 'survival', 'zombie', 'death', 'crucifix', 'survival horror', 'satanic cult', 'zombie apocalypse', 'northumberland']","['Ralph Fiennes', ""Jack O'Connell"", 'Alfie Williams', 'Erin Kellyman', 'Chi Lewis-Parry']",Nia DaCosta,7.124,1169,37.1258,109,/kK1BGkG3KAvWB0WMV1DfOx9yTMZ.jpg
1368337,tt33764258,The Odyssey,The Odyssey,"Odysseus, the legendary King of Ithaca, embarks on a long and perilous journey home following the Trojan War. Throughout his voyage, he is forced to confront the whims of gods, mythological monsters, and trials that stretch both his cunning and his humanity to the breaking point.",2026-07-15,"['Adventure', 'Action', 'Fantasy']","['greek mythology', 'based on song, poem or rhyme', 'greek history', 'voyage', 'peplum', 'ancient', 'mythical']","['Matt Damon', 'Tom Holland', 'Anne Hathaway', 'Robert Pattinson', ""Lupita Nyong'o""]",Christopher Nolan,0.0,0,36.6024,0,/2jzjE3OtXekGtn3vdRGXpyWrHe7.jpg
1352874,tt32059878,The Crucifix: Blood of the Exorcist,The Crucifix: Blood of the Exorcist,"A gruesome discovery in the grounds of their new home plunges a young couple into a maelstrom of spiritual possession, pagan rituals, Viking battles, and violent revenge.",2025-01-09,['Horror'],"['scotland', 'exorcism', 'possession', 'evil spirit', 'priest', 'couple', 'tomb', 'backyard', 'exorcist', 'demonic possession', 'grave digging', 'buried treasure', 'human skeleton', 'new start', 'ancient artifact', 'ancient grave', 'grieving couple']","['Hannaj Bang Bendz', 'Dean Kilbey', 'Nicholas Anscombe', 'Tom Carter', 'Darren Le Fevre']",Stephen Roach,5.9,40,36.327,92,/u3qOxvlykoTpurg1G8VOcawoePI.jpg
1214931,tt29567915,Nuremberg,Nuremberg,"In postwar Germany, an American psychiatrist must determine whether Nazi prisoners are fit to go on trial for war crimes, and finds himself in a complex battle of intellect and ethics with Hermann Göring, Hitler's right-hand man.",2025-11-06,"['History', 'Drama']","['based on novel or book', 'world war ii', 'nuremberg trials', 'based on true story', 'nuremberg, germany', 'post world war ii', 'historical drama', '1940s', 'hermann göring']","['Russell Crowe', 'Rami Malek', 'Michael Shannon', 'Leo Woodall', 'John Slattery']",James Vanderbilt,7.496,967,36.147,149,/7cWTGH2svfNHWVRjsfKIBob9pDj.jpg
680,tt0110912,Pulp Fiction,Pulp Fiction,"A burger-loving hit man, his philosophical partner, a drug-addled gangster's moll and a washed-up boxer converge in this sprawling, comedic crime caper. Their adventures unfurl in three stories that ingeniously trip back and forth in time.",1994-09-10,"['Thriller', 'Crime', 'Comedy']","['drug dealer', 'drug crime', 'dark comedy', 'stolen money', 'crime boss', 'redemption', 'los angeles, california', 'theft', 'nonlinear timeline', 'multiple storylines', 'neo-noir', 'dramatic']","['John Travolta', 'Samuel L. Jackson', 'Uma Thurman', 'Bruce Willis', 'Ving Rhames']",Quentin Tarantino,8.484,30140,35.8913,154,/vQWk5YBFWF4bZaofAbv0tShwBvQ.jpg
39924,tt0072960,Exposé,Exposé,A paranoid writer is unable to get started on his second novel. He hires a secretary and then his troubles really begin.,1976-03-01,"['Thriller', 'Horror']","['rape', 'sadism', 'psychopath', 'country house', 'controversy', ""writer's block"", 'revenge', 'murder', 'secretary', 'writer', 'lesbian sex', 'novelist', 'video nasty']","['Udo Kier', 'Linda Hayden', 'Fiona Richmond', 'Patsy Smart', 'Vic Armstrong']",James Kenelm Clarke,4.951,41,35.8883,84,/7bEV13lR9QrVTpx7RVYk3ea1hkR.jpg
680493,tt22868010,Return to Silent Hill,Return to Silent Hill,"When James receives a mysterious letter from his lost love Mary, he is drawn to Silent Hill—a once-familiar town now consumed by darkness. As he searches for her, James faces monstrous creatures and unravels a terrifying truth that will push him to the edge of his sanity.",2026-01-21,"['Mystery', 'Drama', 'Horror']","['monster', 'wife', 'supernatural', 'letter', 'painter', 'sequel', 'punishment', 'love', 'survival', 'murder', 'creature', 'based on video game', 'ghost town', 'psychological', 'plot twist', 'psychological horror', 'violence', 'ambivalent']","['Jeremy Irvine', 'Hannah Emily Anderson', 'Evie Templeton', 'Pearse Egan', 'Nicola Alexis']",Christophe Gans,5.37,507,35.7184,106,/mdw7bSnE11WpwWf3ViXtnavuqiT.jpg
122,tt0167260,The Lord of the Rings: The Return of the King,The Lord of the Rings: The Return of the King,"As armies mass for a final battle that will decide the fate of the world--and powerful, ancient forces of Light and Dark compete to determine the outcome--one member of the Fellowship of the Ring is revealed as the noble heir to the throne of the Kings of Men. Yet, the sole hope for triumph over evil lies with a brave hobbit, Frodo, who, accompanied by his loyal friend Sam and the hideous, wretched Gollum, ventures deep into the very dark heart of Mordor on his seemingly impossible quest to destroy the Ring of Power.​",2003-12-17,"['Adventure', 'Fantasy', 'Action']","['army', 'based on novel or book', 'elves', 'dwarf', 'magic', 'kingdom', 'obsession', 'allegory', 'bravery', 'castle', 'volcano', 'giant spider', 'sequel', 'honor', 'king', 'brutality', 'madness', 'split personality', 'fantasy world', 'wizard', 'epic battle', 'journey', 'ring', 'mysterious', 'quest', 'live action and animation', ""hero's journey"", 'high fantasy', 'wraith', 'sword and sorcery', 'christ figure', 'power madness', 'great war', 'trekking', 'cautionary', 'good versus evil', 'sword making', 'war', 'christian allegory', 'complicated', 'winged creatures', 'armies']","['Elijah Wood', 'Ian McKellen', 'Viggo Mortensen', 'Sean Astin', 'Andy Serkis']",Peter Jackson,8.5,26477,35.6687,201,/rCzpDGLbOoPwLjy3OAm5NUPOTrC.jpg
361743,tt1745960,Top Gun: Maverick,Top Gun: Maverick,"After more than thirty years of service as one of the Navy’s top aviators, and dodging the advancement in rank that would ground him, Pete “Maverick” Mitchell finds himself training a detachment of TOP GUN graduates for a specialized mission the likes of which no living pilot has ever seen.",2022-05-21,"['Action', 'Drama']","['fighter pilot', 'u.s. navy', 'sequel', 'nuclear weapons', 'military', 'aircraft carrier', 'naval aviation', 'war', 'admiring', 'audacious', 'earnest']","['Tom Cruise', 'Miles Teller', 'Jennifer Connelly', 'Bashir Salahuddin', 'Jon Hamm']",Joseph Kosinski,8.2,10891,35.5052,131,/n0YuM4f5lvGAP6MAW2kBIzugXnc.jpg
1336770,tt33245761,Vaazha II,വാഴ II,"Four friends – Hashir, Alan, Ajin and Vinayak – are considered losers and troublemakers by parents, family and the school management. They face immense social pressure as they reach adulthood, embarking them on an emotional journey of self discovery and acceptance, where they finally learn to take up their responsibilities and find success.",2026-04-02,"['Comedy', 'Drama']",[],"['Hashir', 'Alan Bin Siraj', 'Ajin Joy', 'Vinayak V', 'Alphonse Puthren']",Savin Sa,7.2,5,35.1986,162,/1yLZ7kExd0UGGbaZW4LxmYD4OIf.jpg
11013,tt0274812,Secretary,Secretary,"A young woman, recently released from a mental hospital, gets a job as a secretary to a demanding lawyer, where their employer-employee relationship turns into a sexual, sadomasochistic one.",2002-09-20,"['Romance', 'Drama', 'Comedy']","['suicide', 'clerk', 'fetish', 'sadomasochism', 'secretary', 'lawyer', 'hospital', 'typewriter', 'kinky', 'cutting', 'pantyhose', 'bdsm', 'workplace romance']","['James Spader', 'Maggie Gyllenhaal', 'Jeremy Davies', 'Lesley Ann Warren', 'Stephen McHattie']",Steven Shainberg,6.792,1898,34.9873,111,/mdRXSE7ho185SZlXj0JSwuecEd3.jpg
496243,tt6751668,Parasite,기생충,"All unemployed, Ki-taek's family takes peculiar interest in the wealthy and glamorous Parks for their livelihood until they get entangled in an unexpected incident.",2019-05-30,"['Comedy', 'Thriller', 'Drama']","['dark comedy', 'con artist', 'social commentary', 'working class', 'infiltration', 'psychological thriller', 'class differences', 'family', 'unemployed', 'domestic worker', 'wealthy family', 'south korea', 'cautionary', 'caste violence', 'seoul, south korea', 'anti-capitalist', 'best picture winner', 'oscar winner']","['Song Kang-ho', 'Lee Sun-kyun', 'Cho Yeo-jeong', 'Choi Woo-shik', 'Park So-dam']",Bong Joon Ho,8.494,20580,34.817,133,/7IiTTgloJzvGI1TAYymCfbfl3vT.jpg
1228710,tt30825738,Star Wars: The Mandalorian and Grogu,Star Wars: The Mandalorian and Grogu,"The evil Empire has fallen, and Imperial warlords remain scattered throughout the galaxy. As the fledgling New Republic works to protect everything the Rebellion fought for, they have enlisted the help of legendary Mandalorian bounty hunter Din Djarin and his young apprentice Grogu.",2026-05-20,"['Adventure', 'Science Fiction', 'Action']","['galaxy', 'bounty hunter', 'space opera', 'space adventure', 'based on tv series', 'star wars']","['Pedro Pascal', 'Jeremy Allen White', 'Sigourney Weaver', 'Jonny Coyne', 'Dave Filoni']",Jon Favreau,9.5,2,34.4422,132,/5Vi8dSauVwH1HOsiZceDMbRr1Ca.jpg
1317448,tt34906817,No Place to Be Single,Non è un paese per single,"A brilliant and intelligent love comedy that celebrates second chances and new horizons, starring a strong and determined woman who settles the score.",2026-05-08,"['Romance', 'Comedy']","['based on novel or book', 'romcom', 'second chance']","['Matilde Gioli', 'Cristiano Caccamo', 'Amanda Campana', 'Sebastiano Pigazzi', 'Cecilia Dazzi']",Laura Chiossone,6.58,44,34.4297,103,/httlhu80GnOx3bCAXi4sYdbDny0.jpg
1140233,,Wife Swap,마누라 바꿔먹기,"A man has an accident at work, and his boss asks his wife to have sex with him in order to free him from responsibility. One day, the man witnesses a scene where his wife has sex with his boss and decides to take revenge by doing the same to his boss' wife.",2022-08-14,['Drama'],['softcore'],"['Ji Won', 'Do Hee', 'Sang Woo', 'Woo Yeol']",민정현,2.5,2,33.8288,0,/lmfpb4QHehVAaLm6IEbgM0VhQuD.jpg
479787,,Lost Youth,버려진 청춘,,1982-09-24,['Romance'],[],"['Nam Koong Won', 'Lee Ki-seon']",Jeong So-yeong,0.0,0,33.3395,100,/2ty3Bx6ENkZlorh6NP6jzNcEUtL.jpg
299534,tt4154796,Avengers: Endgame,Avengers: Endgame,"After the devastating events of Avengers: Infinity War, the universe is in ruins due to the efforts of the Mad Titan, Thanos. With the help of remaining allies, the Avengers must assemble once more in order to undo Thanos' actions and restore order to the universe once and for all, no matter what consequences may be in store.",2019-04-24,"['Adventure', 'Science Fiction', 'Action']","['superhero', 'time travel', 'space travel', 'time machine', 'based on comic', 'sequel', 'alien invasion', 'superhero team', 'marvel cinematic universe (mcu)', 'alternate timeline', 'father daughter relationship', 'sister sister relationship']","['Robert Downey Jr.', 'Chris Evans', 'Mark Ruffalo', 'Chris Hemsworth', 'Scarlett Johansson']",Joe Russo,8.235,27677,33.1025,181,/ulzhLuWrPK07P1YkdWQLZnQh1JL.jpg
1234731,tt33244668,Anaconda,Anaconda,"A group of friends facing mid-life crises head to the rainforest with the intention of remaking their favorite movie from their youth, only to find themselves in a fight for their lives against natural disasters, giant snakes and violent criminals.",2025-12-24,"['Adventure', 'Comedy', 'Horror']","['snake', 'animal attack', 'amazon rainforest', 'film in film', 'jungle', 'reptile', 'anaconda', 'reboot', 'animal horror', 'meta', 'bold', 'demeaning']","['Jack Black', 'Paul Rudd', 'Steve Zahn', 'Thandiwe Newton', 'Daniela Melchior']",Tom Gormican,5.88,1127,33.0956,100,/hBxN6dwrANN1ic3a4G9x6JZcR3C.jpg
1304313,tt32612507,Lee Cronin's The Mummy,Lee Cronin's The Mummy,"The young daughter of a journalist disappears into the desert without a trace—eight years later, the broken family is shocked when she is returned to them, as what should be a joyful reunion turns into a living nightmare.",2026-04-15,"['Horror', 'Mystery']","['journalist', 'egypt', 'monster', 'ritual', 'kidnapping', 'new mexico', 'pyramid', 'investigation', 'supernatural', 'sand', 'mummy', 'animal attack', 'possession', 'disappearance', 'curse', 'demon', 'tomb', 'missing person', 'scorpion', 'reboot', 'coyote', 'plane crash', 'supernatural horror', 'body horror', 'horror', 'harsh']","['Jack Reynor', 'Laia Costa', 'May Calamawy', 'Natalie Grace', 'Shylo Molina']",Lee Cronin,6.73,202,32.7784,133,/lTQoEczVEnkuxHFEGgWYfJB98tL.jpg
1168190,tt33046197,The Wrecking Crew,The Wrecking Crew,"Estranged half-brothers Jonny and James reunite after their father's mysterious death. As they search for the truth, buried secrets reveal a conspiracy threatening to tear their family apart.",2026-01-28,"['Action', 'Comedy', 'Crime', 'Mystery']","['brotherhood', 'reunion', 'family conflict', 'power struggle', 'hand to hand combat', 'family legacy', 'helicopter chase', 'brother brother relationship', 'loss of father', 'explosive action', 'high‑stakes mission', 'rival enforcer', 'team loyalty', 'vengeful motives', 'muscular spectacle', 'strategic fighter', 'heavy firepower']","['Dave Bautista', 'Jason Momoa', 'Temuera Morrison', 'Morena Baccarin', 'Roimata Fox']",Ángel Manuel Soto,6.919,978,32.6638,125,/gbVwHl4YPSq6BcC92TQpe7qUTh6.jpg
1306368,tt32642706,The Rip,The Rip,"Trust frays when a team of Miami cops discovers millions in cash inside a run-down stash house, calling everyone — and everything — into question.",2026-01-13,"['Action', 'Thriller', 'Crime']","['miami, florida', 'police', 'investigation', 'cover-up', 'betrayal', 'shootout', 'dirty cop', 'trust', 'double cross', 'attic', 'sting operation', 'cartel', 'hidden money', 'fbi agent', 'drug money', 'violence', 'loyalty conflict']","['Matt Damon', 'Ben Affleck', 'Teyana Taylor', 'Steven Yeun', 'Catalina Sandino Moreno']",Joe Carnahan,7.058,1577,32.6144,113,/eZo31Dhl5BQ6GfbMNf3oU0tUvPZ.jpg
120,tt0120737,The Lord of the Rings: The Fellowship of the Ring,The Lord of the Rings: The Fellowship of the Ring,"Young hobbit Frodo Baggins, after inheriting a mysterious ring from his uncle Bilbo, must leave his home in order to keep it from falling into the hands of its evil creator. Along the way, a fellowship is formed to protect the ringbearer and make sure that the ring arrives at its final destination: Mt. Doom, the only place where it can be destroyed.",2001-12-18,"['Adventure', 'Fantasy', 'Action']","['based on novel or book', 'elves', 'dwarf', 'magic', 'obsession', 'allegory', 'bravery', 'fireworks', 'mine', 'maze', 'mountain', 'castle', 'birthday party', 'troll', 'battle', 'demon', 'blizzard', 'uncle nephew relationship', 'fantasy world', 'journey', 'ring', 'invisibility', 'mysterious', 'live action and animation', ""hero's journey"", 'wraith', 'sword and sorcery', 'trekking', 'good versus evil', 'christian allegory', 'complicated', 'optimistic']","['Elijah Wood', 'Ian McKellen', 'Viggo Mortensen', 'Sean Astin', 'Ian Holm']",Peter Jackson,8.434,27481,32.5461,179,/6oom5QYQ2yQTMJIbnvbkBL9cHo6.jpg
129,tt0245429,Spirited Away,千と千尋の神隠し,"A young girl, Chihiro, becomes trapped in a strange new world of spirits. When her parents undergo a mysterious transformation, she must call upon the courage she never knew she had to free her family.",2001-07-20,"['Animation', 'Family', 'Fantasy']","['witch', 'parent child relationship', 'darkness', 'bath house', 'magic', 'spirit', 'parallel world', 'amusement park', 'youkai', 'japanese mythology', 'anime']","['Rumi Hiiragi', 'Miyu Irino', 'Mari Natsuki', 'Takashi Naito', 'Yasuko Sawaguchi']",Hayao Miyazaki,8.5,18275,31.831,125,/39wmItIWsg5sZMyRUHLkWBcuVCM.jpg
1084187,tt26678938,Pretty Lethal,Pretty Lethal,A troupe of ballerinas find themselves fighting for survival as they attempt to escape from a remote inn after their bus breaks down on the way to a dance competition.,2026-03-13,"['Music', 'Thriller', 'Action', 'Horror']","['hungary', 'dance competition', 'ballerina', 'prima ballerina', 'remote inn', 'admiring', 'fight for survival', 'dance troupe']","['Maddie Ziegler', 'Lana Condor', 'Iris Apatow', 'Millicent Simmonds', 'Avantika']",Vicky Jewson,6.739,354,31.6669,89,/znTPnXCK3lEQJgqXCvP7e5FUz6f.jpg
1358280,tt32881248,Taboo: Family Secrets,Taboo: Family Secrets,"A family is fractured by Lukas, the patriarch, and his ongoing infidelities. When the son Tyler comes home for a visit, a taboo passion between him and his stepmother Amanda blossoms, changing the family dynamics forever. The allegiances and expectations shift radically as the truth is revealed.",2024-10-22,"['Romance', 'Drama', 'Thriller']",[],"['Costas Mandylor', 'Deborah Twiss', 'Staffan Edenholm', 'Ashley Westover', 'Patricia McKenzie']",Deborah Twiss,5.2,8,31.5636,95,/xatpxQfUVblKveWHXNOidaNg4ju.jpg
1470130,tt36647890,The Mortuary Assistant,The Mortuary Assistant,"Rebecca Owens, a recent mortuary science graduate takes a night shift job at River Fields Mortuary. Initially, the job seems straightforward — embalming bodies, completing paperwork, and keeping things tidy. But once Rebecca starts working the night shift, things take a dark turn.",2026-02-13,"['Horror', 'Mystery']","['night shift', 'based on video game', 'mortuary', 'macabre', 'desperate', 'supernatural horror', 'psychological horror', 'callous']","['Willa Holland', 'Paul Sparks', 'John Adams', 'Mark Steger', 'Shelly Gibson']",Jeremiah Kipp,5.437,95,31.5231,91,/72AoFPC5TY4DfJwXXS9rPwPeReD.jpg
634649,tt10872600,Spider-Man: No Way Home,Spider-Man: No Way Home,"Peter Parker is unmasked and no longer able to separate his normal life from the high-stakes of being a super-hero. When he asks for help from Doctor Strange the stakes become even more dangerous, forcing him to discover what it truly means to be Spider-Man.",2021-12-15,"['Action', 'Adventure', 'Science Fiction']","['new york city', 'hero', 'showdown', 'magic', 'loss of loved one', 'secret identity', 'superhero', 'villain', 'portal', 'based on comic', 'sequel', 'vigilante', 'superhero team', 'masked vigilante', 'alternative reality', 'aftercreditsstinger', 'duringcreditsstinger', 'marvel cinematic universe (mcu)', 'masked superhero', 'fight for justice', 'teen superhero', 'superhero teamup', 'returning hero', 'teamwork', 'excited']","['Tom Holland', 'Zendaya', 'Benedict Cumberbatch', 'Jacob Batalon', 'Jon Favreau']",Jon Watts,7.934,21930,31.5021,148,/1g0dhYtq4irTY1GPXvft6k4YLjm.jpg
807,tt0114369,Se7en,Se7en,"Two homicide detectives are on a desperate hunt for a serial killer whose crimes are based on the ""seven deadly sins"" in this dark and haunting film that takes viewers from the tortured remains of one victim to the next. The seasoned Det. Somerset researches each sin in an effort to get inside the killer's mind, while his novice partner, Mills, scoffs at his efforts to unravel the case.",1995-09-22,"['Crime', 'Mystery', 'Thriller']","['rage and hate', 'police', 's.w.a.t.', 'sadism', 'self-fulfilling prophecy', 'psychopath', 'detective', 'investigation', 'insomnia', 'murder', 'serial killer', 'religion', 'shootout', 'corpse', 'seven deadly sins', 'depravity', 'neo-noir', 'urban gothic', 'suspenseful', 'seven: los siete pecados capitales']","['Morgan Freeman', 'Brad Pitt', 'Gwyneth Paltrow', 'John Cassini', 'Peter Crombie']",David Fincher,8.4,23020,31.2132,127,/191nKfP0ehp3uIvWqgPbFmI4lv9.jpg
1022789,tt22022452,Inside Out 2,Inside Out 2,"Teenager Riley's mind headquarters is undergoing a sudden demolition to make room for something entirely unexpected: new Emotions! Joy, Sadness, Anger, Fear and Disgust, who’ve long been running a successful operation by all accounts, aren’t sure how to feel when Anxiety shows up. And it looks like she’s not alone.",2024-06-11,"['Animation', 'Adventure', 'Comedy', 'Family']","['sadness', 'disgust', 'sequel', 'computer animation', 'teenage girl', 'fear', 'anger', 'envy', 'aftercreditsstinger', 'duringcreditsstinger', 'emotions', 'embarrasment', 'joy', 'anxiety', 'witty', 'assertive', 'cheerful']","['Amy Poehler', 'Maya Hawke', 'Kensington Tallman', 'Liza Lapira', 'Tony Hale']",Kelsey Mann,7.545,6654,31.0986,97,/vpnVM9B6NMmQpWeZvzLvDESb2QY.jpg
808,tt0126029,Shrek,Shrek,"It ain't easy bein' green -- especially if you're a likable (albeit smelly) ogre named Shrek. On a mission to retrieve a gorgeous princess from the clutches of a fire-breathing dragon, Shrek teams up with an unlikely compatriot -- a wisecracking donkey.",2001-05-18,"['Animation', 'Comedy', 'Fantasy', 'Adventure', 'Family']","['princess', 'based on novel or book', 'magic', 'fairy tale', 'donkey', 'liberation', 'lordship', 'prince', 'castle', 'villain', 'robin hood', 'enchantment', 'swamp', 'parody', 'anthropomorphism', 'dragon', 'woman director', 'ogre', 'grand', 'cartoon donkey', 'witty']","['Mike Myers', 'Eddie Murphy', 'Cameron Diaz', 'John Lithgow', 'Vincent Cassel']",Andrew Adamson,7.762,18701,30.5451,90,/iB64vpL3dIObOtMZgX3RqdVdQDc.jpg
1115544,tt27552099,Mike & Nick & Nick & Alice,Mike & Nick & Nick & Alice,"Two gangsters and the woman they love try to survive the most dangerous night of their lives. As if that wasn’t enough, there’s one wild ingredient added to the mix: a time machine.",2026-03-14,"['Comedy', 'Science Fiction', 'Crime']","['love triangle', 'hitman', 'gangster', 'time travel', 'time machine', 'shootout', 'mob boss', 'loan shark', 'buddy comedy', 'friends love same woman', 'violence action', 'approving', 'action sequence', 'action film', 'action choreography', 'fight scene', 'sci-fi action', 'multi‑timeline characters', 'unpredictable situations', 'fractured friendships', 'buddy action']","['James Marsden', 'Vince Vaughn', 'Eiza González', 'Keith David', 'Jimmy Tatro']",BenDavid Grabinski,6.8,312,30.2075,107,/7F0jc75HrSkLVcvOXR2FXAIwuEv.jpg
879945,tt16288638,The Unknown Man,L'homme inconnu,"Louis, a Flemish writer, decides to isolate himself at the Côte d’Azur, hoping this place will bring him inspiration.",2021-10-16,['Drama'],"[""côte d'azur"", 'writer', 'lgbt', 'gay theme', 'short film']","['Geert Van Rampelberg', 'Samuel Suchod', 'Anna Sacuto', 'Cathy Ruiz']",Anthony Schatteman,7.8,4,30.1894,23,/4TpBhdaSl5ALHbgeaYOLF8Q3haz.jpg
13192,tt0095655,Moonwalker,Moonwalker,This fantastical movie inspired by the music of Michael Jackson features imaginative interpretations of hit tracks from the iconic 1987 album “Bad”.,1988-10-29,"['Fantasy', 'Music']","['dancing', 'drug crime', 'gangster', 'entertainer', 'parody', 'stop motion', 'live performance', 'robot', 'claymation', 'live action and animation', 'reminiscent', 'cheerful', 'empathetic']","['Michael Jackson', 'Joe Pesci', 'Sean Ono Lennon', 'Kelley Parker', 'Brandon Quintin Adams']",Colin Chilvers,7.022,632,30.0563,93,/3GwTPQkAcgDeAirRpEuJG8HDdRz.jpg
670435,tt38916842,Female Teacher Diary: Forbidden Sex,女教師日記 禁じられた性,"The film depicts the relationship between a beautiful teacher and a male teacher, popular among female students, an excellent student who tells the teacher about his feelings using an answering machine, and a high school student who bets on whether she can have a relationship with a male teacher. This is the debut full-length work by Hideo Nakata.",1995-09-08,"['Romance', 'Drama']","['teacher student relationship', 'pink film', 'erotic movie', 'female teacher', 'v-cinema', 'roman porno']","['Hitoe Ootake', 'Kosuke Kawana', 'Asami Sawaki', 'Junko Miyashita', 'Akira Takahashi']",Hideo Nakata,4.8,6,30.0494,84,/wD7Xtfd91hfl66pMDWp1i8dVyX0.jpg
269955,tt3303730,Obsessed,인간중독,"A secret, passionate affair happens in the summer of 1969 between Colonel Jin Pyeong, trapped in a loveless marriage with Soo Jin, and Jong Ga Heun, the Chinese-Korean wife of Captain Kyung Woo Jin.",2014-05-14,['Drama'],"['vietnam war', 'military base', 'love affair', '1960s', 'korean army']","['Song Seung-heon', 'Lim Ji-yeon', 'Cho Yeo-jeong', 'On Ju-wan', 'Yoo Hai-jin']",Kim Dae-woo,6.7,81,30.0202,132,/fetCtoAvZShCk1nqAWZFuKZschR.jpg
1234821,tt31036941,Jurassic World Rebirth,Jurassic World Rebirth,"Five years after the events of Jurassic World Dominion, covert operations expert Zora Bennett is contracted to lead a skilled team on a top-secret mission to secure genetic material from the world's three most massive dinosaurs. When Zora's operation intersects with a civilian family whose boating expedition was capsized, they all find themselves stranded on an island where they come face-to-face with a sinister, shocking discovery that's been hidden from the world for decades.",2025-07-01,"['Science Fiction', 'Adventure', 'Action']","['island', 'secret mission', 'tyrannosaurus rex', 'spinosaurus', 'sequel', 'stranded', 'dinosaur', 'family', 'genetic experiment', 'mosasaurus', 'indifferent']","['Scarlett Johansson', 'Mahershala Ali', 'Jonathan Bailey', 'Rupert Friend', 'Manuel Garcia-Rulfo']",Gareth Edwards,6.3,3304,29.6984,134,/1RICxzeoNCAO5NpcRMIgg1XT6fm.jpg
9823,tt0119707,Mortal Kombat: Annihilation,Mortal Kombat: Annihilation,"A group of heroic warriors has only six days to save the planet in ""Mortal Kombat Annihilation."" To succeed they must survive the most spectacular series of challenges any human, or god, has ever encountered as they battle an evil warlord bent on taking control of Earth.",1997-11-11,"['Action', 'Fantasy', 'Science Fiction']","['martial arts', 'saving the world', 'magic', 'authority', 'transformation', 'villain', 'sequel', 'alternate dimension', 'ninja', 'tournament', 'battle', 'fighting', 'underground fighting', 'based on video game', 'hand to hand combat', 'warrior', 'centaur', 'action hero', 'supernatural power', 'good versus evil']","['Robin Shou', 'Talisa Soto', 'James Remar', 'Brian Thompson', 'Sandra Hess']",John R. Leonetti,4.535,1326,29.6981,95,/ttryglcY2osWZE3sRYBf3ewTZsW.jpg
1075175,tt22890246,How to Have Sex,How to Have Sex,"Three British teenage girls go on a rites-of-passage holiday—drinking, clubbing and hooking up, in what should be the best summer of their lives.",2023-11-02,['Drama'],"['female friendship', 'crete', 'coming of age', 'teenage girl', 'female protagonist', 'summer', 'woman director', 'sexual assault', 'hookup', 'generation z', 'consent', 'sex', 'partying']","['Mia McKenna-Bruce', 'Lara Peake', 'Enva Lewis', 'Samuel Bottomley', 'Shaun Thomas']",Molly Manning Walker,6.239,495,29.5332,91,/yQyoFCBLGJH5HXESmJAzaiXw9zU.jpg
550,tt0137523,Fight Club,Fight Club,"A ticking-time-bomb insomniac and a slippery soap salesman channel primal male aggression into a shocking new form of therapy. Their concept catches on, with underground ""fight clubs"" forming in every town, until an eccentric gets in the way and ignites an out-of-control spiral toward oblivion.",1999-10-15,"['Drama', 'Thriller']","['dual identity', 'rage and hate', 'based on novel or book', 'nihilism', 'fight', 'support group', 'dystopia', 'insomnia', 'alter ego', 'breaking the fourth wall', 'split personality', 'quitting a job', 'dissociative identity disorder', 'self destructiveness']","['Edward Norton', 'Brad Pitt', 'Helena Bonham Carter', 'Meat Loaf', 'Jared Leto']",David Fincher,8.4,31971,29.5132,139,/jSziioSwPVrOy9Yow3XhWIBDjq1.jpg
979,tt0290673,Irreversible,Irréversible,A woman’s lover and her ex-boyfriend take justice into their own hands after she becomes the victim of a rapist. Because some acts can’t be undone. Because man is an animal. Because the desire for vengeance is a natural impulse. Because most crimes remain unpunished.,2002-05-22,"['Drama', 'Thriller', 'Crime']","['prostitute', 'rape', 'paris, france', 'police', 'nihilism', 'homophobia', 'homicide', 'insanity', 'heroin', 'celibacy', 'trauma', 'assault', 'masochism', 'gore', 'knife', 'violence against women', 'love', 'revenge', 'fear', 'cruelty', 'brutality', 'drugs', 'evil', 'boyfriend', 'lgbt', 'misogyny', 'debauchery', 'degeneration', 'disfigurement', 'rape and revenge', 'dehumanization', 'new french extremism', 'altruism', 'depressing', 'defiant']","['Monica Bellucci', 'Vincent Cassel', 'Albert Dupontel', 'Jo Prestia', 'Philippe Nahon']",Gaspar Noé,7.182,3275,29.4848,93,/rxeDxo8FvZpLu6iplNpxdtAVnfu.jpg
258216,tt1937390,Nymphomaniac: Vol. I,Nymphomaniac: Vol. I,"A man named Seligman finds a fainted wounded woman in an alley and he brings her home. She tells him that her name is Joe and that she is nymphomaniac. Joe tells her life and sexual experiences with hundreds of men since she was a young teenager while Seligman tells about his hobbies, such as fly fishing, reading about Fibonacci numbers or listening to organ music.",2013-12-25,['Drama'],"['uniform', 'virgin', 'sexual obsession', 'fly fishing', 'sex addiction', 'sin', 'beating', 'sexual promiscuity', 'promiscuity', 'softcore', 'promiscuous woman', 'addict', 'experience', 'abuse', 'sex']","['Charlotte Gainsbourg', 'Stellan Skarsgård', 'Stacy Martin', 'Shia LaBeouf', 'Christian Slater']",Lars von Trier,6.848,3639,29.4229,118,/piikL8vRh3s1ysHGTIqaZpdjfNU.jpg
13576,tt1477715,This Is It,This Is It,"A compilation of interviews, rehearsals and backstage footage of Michael Jackson as he prepared for his series of sold-out shows in London.",2009-10-28,"['Music', 'Documentary']","['concert', 'pop star', 'pop culture', 'backstage', 'dance music', 'semi-documentary', 'music recording', 'industrial music', 'nostalgic', 'african american child', 'aftercreditsstinger', 'duringcreditsstinger', 'candid', 'legacy', 'music manager', 'lyrical', 'music documentary', 'musical journey', 'struggling musician', 'artistic legacy', 'behind the music', 'provocative', 'dramatic', 'incredulous', 'african american comedy', 'admiring', 'appreciative', 'awestruck', 'bold', 'celebratory', 'earnest', 'euphoric', 'exhilarated', 'powerful']","['Michael Jackson', 'Orianthi', 'Kenny Ortega', 'Dorian Holley', 'Patrick Woodroffe']",Kenny Ortega,7.243,1006,29.306,111,/8GvQzHFSqr9KhyVxLEpB5dXPOWG.jpg
533535,tt6263850,Deadpool & Wolverine,Deadpool & Wolverine,"A listless Wade Wilson toils away in civilian life with his days as the morally flexible mercenary, Deadpool, behind him. But when his homeworld faces an existential threat, Wade must reluctantly suit-up again with an even more reluctant Wolverine.",2024-07-24,"['Action', 'Comedy', 'Science Fiction']","['hero', 'superhero', 'anti hero', 'mutant', 'breaking the fourth wall', 'aftercreditsstinger', 'duringcreditsstinger', 'marvel cinematic universe (mcu)', 'mutants', 'superhero teamup']","['Ryan Reynolds', 'Hugh Jackman', 'Emma Corrin', 'Matthew Macfadyen', 'Dafne Keen']",Shawn Levy,7.561,8593,29.101,128,/8cdWjvZQUExUUTzyp4t6EDMubfO.jpg
1534530,tt35956182,The Whisper,El Susurro,"Fleeing from their violent father, siblings Lucía and Adrián take refuge in a remote mansion. With the help of a hidden micro-camera on a cat, Lucía uncovers a terrifying secret: their neighbors are part of a criminal network that kidnaps teenage girls to make snuff films, and they intend to get rid of the siblings. As Lucía fights to protect her brother, she must face a dark family curse that follows them into their newfound sanctuary.",2026-01-22,['Horror'],[],"['Ana Clara Guanco', 'Marcelo Michinaux', 'Luciano Cáceres']",Gustavo Hernández,6.9,4,29.0,101,/mm5uTCD55btSNijo7ApFhdeFCGS.jpg
848116,tt14993250,Rocky Aur Rani Kii Prem Kahaani,रॉकी और रानी की प्रेम कहानी,"Gym-freak brat Rocky falls in love with Rani, who comes from a well-educated Bengali family. Being from polar opposite worlds, the two decide to switch their families to adjust to each other's cultures and backgrounds and to know if their marriage will survive. Rocky and Rani are trapped in a world where they are united by love but divided by families and the ultimate question is will they fit in?",2023-07-28,"['Comedy', 'Drama', 'Family', 'Romance']","['musical', 'nostalgia', 'love interest', 'nostalgic', 'wealthy family']","['Alia Bhatt', 'Ranveer Singh', 'Jaya Bachchan', 'Shabana Azmi', 'Dharmendra']",Karan Johar,6.1,85,28.9618,178,/vTQIqlxUkOuyf2UKhlM2OUaFGKz.jpg
1400357,tt34966562,The Christophers,The Christophers,"The estranged children of a once-famous artist hire a forger to complete his unfinished works so they can be ""discovered"" and sold after his death.",2026-04-10,"['Crime', 'Comedy']","['inheritance', 'struggling artist', 'forgery', 'struggling career', 'forger', 'art restoration', 'estranged family', 'famous painter', 'art forger', 'unfinished work']","['Michaela Coel', 'Ian McKellen', 'Jessica Gunning', 'James Corden', 'Ferdy Roberts']",Steven Soderbergh,6.821,14,28.9364,100,/s6oUrGMNl8hVh7fn0O8oF2rHwrM.jpg
671,tt0241527,Harry Potter and the Philosopher's Stone,Harry Potter and the Philosopher's Stone,"Harry Potter has lived under the stairs at his aunt and uncle's house his whole life. But on his 11th birthday, he learns he's a powerful wizard—with a place waiting for him at the Hogwarts School of Witchcraft and Wizardry. As he learns to harness his newfound powers with the help of the school's kindly headmaster, Harry uncovers the truth about his parents' deaths—and about the villain who's to blame.",2001-11-16,"['Adventure', 'Fantasy']","['witch', 'school friend', 'friendship', 'london, england', 'based on novel or book', 'magic', 'boarding school', 'male friendship', 'child hero', 'school of witchcraft', 'chosen one', 'bullying', 'school', 'ghost', 'nostalgic', 'fantasy world', 'wizard', 'pre-teen', 'calm', ""children's adventure"", 'based on young adult novel', 'found family', 'owl', 'male female friendship', 'adoring', 'teen fantasy']","['Daniel Radcliffe', 'Rupert Grint', 'Emma Watson', 'Richard Harris', 'Tom Felton']",Chris Columbus,7.898,29500,28.9106,152,/wuMc08IPKEatf9rnMNXvIDxqP4W.jpg
597,tt0120338,Titanic,Titanic,"101-year-old Rose DeWitt Bukater tells the story of her life aboard the Titanic, 84 years later. A young Rose boards the ship with her mother and fiancé. Meanwhile, Jack Dawson and Fabrizio De Rossi win third-class tickets aboard the ship. Rose tells the whole story from Titanic's departure through to its death—on its first and last voyage—on April 15, 1912.",1997-12-18,"['Drama', 'Romance']","['ship', 'soulmates', 'shipwreck', 'atlantic ocean', 'evacuation', 'iceberg', 'titanic', 'forbidden love', 'ocean liner', 'based on true story', 'rich woman poor man', 'tragedy', 'tragic love', 'historical fiction', 'class differences', 'love affair', 'historical event', 'sinking ship', 'rich snob', 'tragic romance', 'disaster movie', '1910s']","['Leonardo DiCaprio', 'Kate Winslet', 'Billy Zane', 'Kathy Bates', 'Frances Fisher']",James Cameron,7.903,27097,28.8678,194,/9xjZS2rlVxm8SFx8kPC3aIGCOYQ.jpg
184314,tt2752200,Young & Beautiful,Jeune & Jolie,"Isabelle, a 17-year-old student, loses her virginity during a quick holiday romance. When she returns home, she begins a secret life as a prostitute for a year.",2013-08-21,['Drama'],"['sexuality', 'teenage girl', 'prostitution', 'teenage sexuality', 'exploring sexuality', 'adolescent sexuality']","['Marine Vacth', 'Géraldine Pailhas', 'Charlotte Rampling', 'Frédéric Pierrot', 'Nathalie Richard']",François Ozon,6.509,1321,28.6728,95,/4RSjzqKIqL5g2OxVIEZQ6ksP1MW.jpg
13,tt0109830,Forrest Gump,Forrest Gump,"A man with a low IQ has accomplished great things in his life and been present during significant historic events—in each case, far exceeding what anyone imagined he could do. But despite all he has achieved, his one true love eludes him.",1994-06-23,"['Comedy', 'Drama', 'Romance']","[""new year's eve"", 'vietnam war', 'vietnam veteran', 'mentally disabled', 'friendship', 'usa president', 'washington dc, usa', 'post-traumatic stress disorder (ptsd)', 'waitress', 'based on novel or book', 'hippie', 'single parent', 'parent child relationship', 'optimism', '1970s', 'drug addiction', 'autism', 'alabama', 'black panther party', 'bus stop', 'family relationships', 'chameleon', 'single mother', 'military', 'anti war protest', '1960s', 'college american football', 'mother son relationship', 'america', 'hilarious', 'feel-good']","['Tom Hanks', 'Robin Wright', 'Gary Sinise', 'Sally Field', 'Mykelti Williamson']",Robert Zemeckis,8.465,29689,28.6605,142,/Cw4hIUIAmSYfK9QfaUW5igp9La.jpg
798645,tt14107334,The Running Man,The Running Man,"Desperate to save his sick daughter, working-class Ben Richards is convinced by The Running Man's charming but ruthless producer to enter the deadly competition game as a last resort. But Ben's defiance, instincts, and grit turn him into an unexpected fan favorite — and a threat to the entire system. As ratings skyrocket, so does the danger, and Ben must outwit not just the Hunters, but a nation addicted to watching him fall.",2025-11-11,"['Action', 'Thriller', 'Science Fiction']","['based on novel or book', 'game show', 'survival', 'on the run', 'media manipulation', 'desperate', 'near future', 'pretentious', 'dystopian future', 'authoritarian control', 'public spectacle', 'rigged competition', 'broadcast violence', 'elite hunters', 'corrupt producers', 'state propaganda', 'mass entertainment']","['Glen Powell', 'William H. Macy', 'Lee Pace', 'Michael Cera', 'Emilia Jones']",Edgar Wright,6.8,1511,28.2997,134,/dKL78O9zxczVgjtNcQ9UkbYLzqX.jpg
1087040,tt26739529,Money Shot: The Pornhub Story,Money Shot: The Pornhub Story,"Featuring interviews with performers, activists and past employees, this documentary offers a deep dive into the successes and scandals of Pornhub.",2023-03-15,['Documentary'],"['porn industry', 'porn actress', 'adult filmmaking', 'onlyfans', 'porn']","['Noelle Perdue', 'Michael Stabile', 'Siri Dahl', 'Wolf Hudson', 'Martin Patriquin']",Suzanne Hillinger,5.766,354,28.0734,95,/kpTqWqLYcf1uErnx5VXLah4EWJZ.jpg
567609,tt7798634,Ready or Not,Ready or Not,A young bride's wedding night turns into her worst nightmare when her ridiculously rich in-laws force her to play a gruesome game of hide-and-seek.,2019-08-21,"['Horror', 'Comedy']","['escape', 'ritual', 'marriage', 'satanism', 'gore', 'pact with the devil', 'wealth', 'murder', 'wedding', 'game', 'exploding body', 'wedding dress', 'satanic cult', 'hostile', 'death game', 'exhilarated', 'ridiculous']","['Samara Weaving', 'Adam Brody', ""Mark O'Brien"", 'Henry Czerny', 'Andie MacDowell']",Tyler Gillett,7.063,5400,28.0423,96,/oJD9KQFoObZmxAS1je56SIFVNJt.jpg
969681,tt22084616,Spider-Man: Brand New Day,Spider-Man: Brand New Day,"Four years have passed since the events of No Way Home, and Peter is now an adult living entirely alone, having voluntarily erased himself from the lives and memories of those he loves. Crime-fighting in a New York that no longer knows his name, he's devoted himself entirely to protecting his city — a full-time Spider-Man — but as the demands on him intensify, the pressure sparks a surprising physical evolution that threatens his existence, even as a strange new pattern of crimes gives rise to one of the most powerful threats he has ever faced.",2026-07-29,"['Science Fiction', 'Action', 'Adventure']","['superhero', 'based on comic', 'super power', 'marvel cinematic universe (mcu)', 'masked superhero']","['Tom Holland', 'Zendaya', 'Sadie Sink', 'Jacob Batalon', 'Jon Bernthal']",Destin Daniel Cretton,0.0,0,27.9523,0,/yyB2VJEW3an2xCdcYCPQhn9QERR.jpg
646315,tt34510565,The Legendary Lighter,전설의 라이타,A man who used to be called Lighter cleans up his act from his days as a gangster and struggles to start over.,2019-10-29,['Action'],"['fighting', 'action hero']","['Kim Hae-joon', 'Park Sharon', 'Lee Dong-ju', 'Hong Dal-pyo']",Chae Ki-jun,5.8,5,27.8878,109,/h5fCwKCnKAKxdX6onTnrU6MeYe8.jpg
137051,tt0095602,Midnight Matinee,Midnight Matinee,"Even though a devastating murder took place during a small town's horror film festival two years earlier, townspeople want another festival.",1988-10-12,"['Horror', 'Mystery', 'Thriller', 'TV Movie']",[],"['Ron White', 'Gillian Barber', 'Jeff Schultz', 'Beatrice Boepple', 'Timothy Webber']",Richard Martin,5.4,7,27.8161,91,/czam6wq46B9UCZvq85vicElckFq.jpg
1218925,tt30472557,Chainsaw Man - The Movie: Reze Arc,劇場版 チェンソーマン レゼ篇,"In a brutal war between devils, hunters, and secret enemies, a mysterious girl named Reze has stepped into Denji's world, and he faces his deadliest battle yet, fueled by love in a world where survival knows no rules.",2025-09-19,"['Animation', 'Action', 'Romance', 'Fantasy']","['manipulation', 'melancholy', 'gore', 'sequel', 'tragedy', 'loneliness', 'chainsaw', 'star crossed lovers', 'tragic romance', 'mysterious', 'shocking', 'frantic', 'anime', 'philosophical', 'dark romance', 'complex', 'thought provoking', 'loving', 'playful', 'introspective', 'serious', 'intimate', 'dramatic', 'intense', 'romantic', 'awestruck', 'complicated', 'distressing', 'excited', 'exhilarated', 'ominous', 'optimistic', 'sincere', 'sympathetic']","['Kikunosuke Toya', 'Tomori Kusunoki', 'Reina Ueda', 'Shogo Sakata', 'Karin Takahashi']",Tatsuya Yoshihara,8.345,851,27.7694,100,/pHyxb2RV5wLlboAwm9ZJ9qTVEDw.jpg
1688652,tt42373968,Gary,Gary,"Two friends go on a work trip and encounter unexpected challenges and local personalities as they navigate their assignment. Their efforts to adapt to unfamiliar surroundings highlights moments of humor, small-town culture and the unpredictable nature of work travel. As they troubleshoot problems, their experience leaves a lasting impression and offers new perspectives on their friendship.",2026-05-05,"['Drama', 'Comedy']","['prequel', 'gary, indiana', 'dramedy']","['Ebon Moss-Bachrach', 'Jon Bernthal', 'Marin Ireland', 'Gillian Jacobs', 'Nation Sage Henrikson']",Christopher Storer,6.8,20,27.7676,60,/jtMuKwlOl4IzpB5fWn9RT9uyy6E.jpg
14836,tt0327597,Coraline,Coraline,"Wandering her rambling old house in her boring new town, 11-year-old Coraline discovers a hidden door to a strangely idealized version of her life. In order to stay in the fantasy, she must make a frighteningly real sacrifice.",2009-02-05,"['Animation', 'Family', 'Fantasy']","['friendship', 'dreams', 'based on novel or book', 'eye', 'stuffed animal', 'stop motion', 'parallel world', 'button', 'new home', 'secret door', 'female villain', 'reality vs fantasy', 'dark fantasy', 'aftercreditsstinger', 'duringcreditsstinger', 'horror for children', 'talking cat', 'somber', 'parallel universe', 'callous']","['Dakota Fanning', 'Teri Hatcher', 'Jennifer Saunders', 'Dawn French', 'Keith David']",Henry Selick,7.903,8925,27.7121,100,/4jeFXQYytChdZYE9JYO7Un87IlW.jpg
1539104,tt38121182,JUJUTSU KAISEN: Execution,劇場版 呪術廻戦「渋谷事変 特別編集版」×「死滅回游 先行上映」,"A veil abruptly descends over the busy Shibuya area amid the bustling Halloween crowds, trapping countless civilians inside. Satoru Gojo, the strongest jujutsu sorcerer, steps into the chaos. But lying in wait are curse users and spirits scheming to seal him away. Yuji Itadori, accompanied by his classmates and other top-tier jujutsu sorcerers, enters the fray in an unprecedented clash of curses — the Shibuya Incident. In the aftermath, ten colonies across Japan are transformed into dens of curses in a plan orchestrated by Noritoshi Kamo. As the deadly Culling Game starts, Special Grade sorcerer Yuta Okkotsu is assigned to carry out Yuji's execution for his perceived crimes. A compilation movie of Shibuya Incident including the first two episodes of the Culling Games arc.",2025-11-07,"['Animation', 'Action', 'Fantasy']","['compilation', 'based on manga', 'edited from tv series', 'shounen', 'anime', 'distressing']","['Junya Enoki', 'Megumi Ogata', 'Koji Yusa', 'Daisuke Namikawa', 'Yuma Uchida']",Shota Goshozono,5.975,99,27.622,88,/v0s3dx6am0RzfsuK3KdEy8ZoCDs.jpg
240,tt0071562,The Godfather Part II,The Godfather Part II,"In the continuing saga of the Corleone crime family, a young Vito Corleone grows up in Sicily and in 1910s New York. In the 1950s, Michael Corleone attempts to expand the family business into Las Vegas, Hollywood and Cuba.",1974-12-20,"['Drama', 'Crime']","[""new year's eve"", 'new york city', 'based on novel or book', 'italian american', 'cuba', 'italy', 'gangster', 'praise', 'blackmail', 'symbolism', 'senator', 'revenge', 'murder', 'betrayal', 'organized crime', 'extortion', 'mafia', 'lawyer', 'suburb', 'sicilian mafia', 'corrupt politician', 'macabre', '1950s', 'new year', 'violence']","['Al Pacino', 'Robert Duvall', 'Diane Keaton', 'Robert De Niro', 'John Cazale']",Francis Ford Coppola,8.571,13876,27.459,202,/hek3koDUyRQk7FIhPXsa6mT2Zc3.jpg
1002398,tt33511103,Donselya,Donselya,"Iris, an 18-year old virgin marries Joaquin, a rich widower, because of money. However, when he learns that Iris is not really a virgin, their honeymoon turns to a bloodbath.",2024-10-29,"['Drama', 'Romance']",['sexy'],"['Dyessa Garcia', 'Arnold Reyes', 'Anthony Dabao', 'Allan Paule', 'Tanya Gomez']",Christopher Novabos,6.45,20,27.2973,99,/iVS3ZiPsKy8Hhc5Dipqgrjmoj2b.jpg
950396,tt13654226,The Gorge,The Gorge,"Two highly trained operatives grow close from a distance after being sent to guard opposite sides of a mysterious gorge. When an evil below emerges, they must work together to survive what lies within.",2025-02-13,"['Romance', 'Science Fiction', 'Thriller']","['isolation', 'fog', 'tower', 'elite sniper', 'trust issues', 'snipers', 'long-term observation', 'paranoïa', 'unknown threat', 'mysterious canyon', 'sci‑fi romance', 'espionage mission', 'surveillance partners', 'enigmatic environment', 'survival pressure', 'restricted zone']","['Miles Teller', 'Anya Taylor-Joy', 'Sigourney Weaver', 'Ṣọpẹ́ Dìrísù', 'William Houston']",Scott Derrickson,7.621,3667,27.1891,128,/7iMBZzVZtG0oBug4TfqDb9ZxAOa.jpg
372058,tt5311514,Your Name.,君の名は。,"High schoolers Mitsuha and Taki are complete strangers living separate lives. But one night, they suddenly switch places. Mitsuha wakes up in Taki’s body, and he in hers. This bizarre occurrence continues to happen randomly, and the two must adjust their lives around each other.",2016-08-26,"['Animation', 'Romance', 'Drama']","['high school', 'race against time', 'dreams', 'afterlife', 'natural disaster', 'supernatural', 'time travel', 'comet', 'romance', 'tragedy', 'school', 'body-swap', 'high school student', 'nonlinear timeline', 'naked', 'star crossed lovers', 'power of love', 'anime', 'japanese high school', 'urban fantasy', 'incredulous']","['Ryunosuke Kamiki', 'Mone Kamishiraishi', 'Ryo Narita', 'Aoi Yuuki', 'Nobunaga Shimazaki']",Makoto Shinkai,8.478,12511,27.14,106,/q719jXXEzOoYaps6babgKnONONX.jpg
1268127,tt32606470,Humint,휴민트,A South Korean agent hunts a drug ring in Russia and goes head-to-head with a North Korean operative — pulling both into peril and tangled secrets.,2026-02-11,"['Thriller', 'Action', 'Drama']","['double agent', 'double cross', 'undercover operation', 'south korea', 'north korea', 'inter-korean relations', 'national intelligence service (nis)', 'political conspiracy', 'spy vs spy', 'deadly alliance', 'trust no one', 'hidden truths', 'silent war', 'broken loyalty', 'shadow politics', 'cold betrayal', 'final operation', 'intelligence war', 'nis agent', 'humint']","['Zo In-sung', 'Park Jeong-min', 'Park Hae-joon', 'Shin Sae-kyeong', 'Robert Maaser']",Ryoo Seung-wan,7.396,125,26.9151,120,/82bX2GK4PhaJQtfkTnfmd2P7erG.jpg
497,tt0120689,The Green Mile,The Green Mile,"A supernatural tale set on death row in a Southern prison, where gentle giant John Coffey possesses the mysterious power to heal people's ailments. When the cell block's head guard, Paul Edgecomb, recognizes Coffey's miraculous gift, he tries desperately to help stave off the condemned man's execution.",1999-12-10,"['Fantasy', 'Drama', 'Crime']","['mentally disabled', 'death penalty', 'based on novel or book', 'southern usa', 'psychopath', 'death row', 'jail guard', 'supernatural', 'great depression', 'prison guard', 'jail', 'electric chair', 'capital punishment', 'torture', 'magic realism', 'healing', '1930s', 'abuse of power']","['Tom Hanks', 'David Morse', 'Bonnie Hunt', 'Michael Clarke Duncan', 'James Cromwell']",Frank Darabont,8.505,19213,26.9004,189,/8VG8fDNiy50H4FedGwdSVUPoaJe.jpg
1061474,tt5950044,Superman,Superman,"Superman, a journalist in Metropolis, embarks on a journey to reconcile his Kryptonian heritage with his human upbringing as Clark Kent.",2025-07-09,"['Science Fiction', 'Adventure', 'Action']","['dual identity', 'superhero', 'based on comic', 'super power', 'reboot', 'modern day adaptation', 'aftercreditsstinger', 'duringcreditsstinger', 'epic battle', 'supervillain', 'dc universe (dcu)', 'anti-imperialism', 'hopeful', 'blockbuster', 'alien heritage', 'symbol of hope', 'journalistic investigation', 'city destruction', 'world‑saving mission']","['David Corenswet', 'Rachel Brosnahan', 'Nicholas Hoult', 'Edi Gathegi', 'Nathan Fillion']",James Gunn,7.34,4727,26.8751,130,/ldyfo0BKmz5rWtJJKCvwaNS4cJT.jpg
662707,tt1742179,Starbright,Starbright,"A young woman becomes the guardian of a fallen star, which she must protect from dangerous forces with the help of a brave stranger.",2026-02-27,"['Adventure', 'Action']","['fairy tale', 'condescending', 'disgusted']","['John Rhys-Davies', 'Ted Levine', 'Elisabeth Röhm', 'Diego Boneta', 'Alexandra Dowling']",Francesco Lucente,6.2,17,26.8562,148,/m1Zl07DNYeSyNcz9hf8hDsS2oB5.jpg
1352643,tt14450964,Never Blink,Never Blink,"Five medical students discover a way to capture what you can't see when you blink and the results are terrifying. A frightening journey into the macabre world that will make you never blink again. In a blink of an eye, you will die.",2025-05-16,"['Horror', 'Science Fiction', 'Thriller']","['monster', 'mad scientist', 'scientific research', 'eye blinking', 'research scientist', 'parallel dimension', 'serum']","['Tatjana Marjanovic', 'Brandon Pitts', 'Havon Baraka', 'Jasmine Wang', 'Marcus Jean Pirae']",Christopher Saint Booth,4.4,14,26.5622,113,/b2TeT4RNiP2uNYrYYiOXzSg3qg6.jpg
1233413,tt31193180,Sinners,Sinners,"Trying to leave their troubled lives behind, twin brothers return to their hometown to start again, only to discover that an even greater evil is waiting to welcome them back.",2025-04-16,"['Horror', 'Action', 'Thriller']","['chicago, illinois', 'capitalism', 'ku klux klan', 'musician', 'immortality', 'vampire', 'cousin', 'surrealism', 'sin', 'alcoholism', 'vampire hunter (slayer)', 'church', 'twins', 'blunt', 'estranged wife', 'dual role', 'cousin relationship', 'death of daughter', 'blues music', 'aftercreditsstinger', 'klansmen', '1990s', '1930s', 'salvation', 'assimilation', 'chinese immigrant', 'brother brother relationship', 'southern gothic', 'afro-descendants', 'supernatural horror', 'playful', 'train station', 'mississippi', 'frightened']","['Michael B. Jordan', 'Hailee Steinfeld', 'Miles Caton', ""Jack O'Connell"", 'Wunmi Mosaku']",Ryan Coogler,7.482,4473,26.2893,138,/fWPgbnt2LSqkQ6cdQc0SZN9CpLm.jpg
872585,tt15398776,Oppenheimer,Oppenheimer,The story of J. Robert Oppenheimer's role in the development of the atomic bomb during World War II.,2023-07-19,"['Drama', 'History']","['husband wife relationship', 'based on novel or book', 'atomic bomb', 'patriotism', 'new mexico', 'world war ii', 'atomic bomb test', 'physics', 'biography', 'based on true story', 'antisemitism', 'interrogation', 'guilt', 'historical event', 'nuclear weapons', 'communism', 'red scare', 'mccarthyism', 'top secret project', 'moral dilemma', 'usa politics', '1940s', '20th century', 'manhattan project', 'los alamos']","['Cillian Murphy', 'Emily Blunt', 'Matt Damon', 'Robert Downey Jr.', 'Florence Pugh']",Christopher Nolan,8.0,11721,26.1267,181,/8Gxv8gSFCU0XGDykEGv7zR1n2ua.jpg
1010755,tt28682323,The Strangers: Chapter 3,The Strangers: Chapter 3,"Tethered by a frightening conclusion, Maya and the Strangers are locked on an unavoidable, unforgiving collision course — a showdown that proves they’re far from strangers now.",2026-02-05,"['Horror', 'Thriller']","['sequel', 'slasher', 'struggle for survival', 'reboot', 'masked killer', 'stalkers', 'serial killers', 'violent confrontations', 'dirty sheriff', 'cat‑and‑mouse chase', 'isolated setting', 'violent intrusion', 'unexpected attacks', 'victims under siege', 'moral collapse']","['Madelaine Petsch', 'Richard Brake', 'Ema Horvath', 'Gabriel Basso', 'Pedro Leandro']",Renny Harlin,5.656,157,26.0679,92,/yPHwX78mcwJw3I6YOJ9qh2wQBFr.jpg
1383519,tt34431927,Wolf Beach,Playa de lobos,Manu works at a beach bar. Klaus won't leave the last beach chair. What seems like a clash between opposites turns suspicious when Manu doubts Klaus's presence is coincidental. Tension builds until Klaus makes a disturbing offer.,2025-10-24,"['Comedy', 'Thriller']",[],"['Guillermo Francella', 'Dani Rovira', 'Antonia San Juan', 'Denisse Peña', 'Marta Hazas']",Javier Veiga,5.1,10,26.0089,97,/cBUeTWemlBG9b22TY2qMibtfgaA.jpg
19995,tt0499549,Avatar,Avatar,"In the 22nd century, a paraplegic Marine is dispatched to the moon Pandora on a unique mission, but becomes torn between following orders and protecting an alien civilization.",2009-12-16,"['Science Fiction', 'Action', 'Adventure']","['paraplegic', 'attachment to nature', 'culture clash', 'indigenous', 'space travel', 'space colony', 'tribe', 'alien planet', 'distant future', 'marine', 'battle', 'love affair', 'scientist', 'nature', 'native peoples', 'power relations', 'tribal customs', 'tribal people', 'tribal chief', 'cryonics', 'spiritual community', '22nd century', 'save the planet', 'racial discrimination', 'soldiers', 'awestruck', 'bold', 'exhilarated']","['Sam Worthington', 'Zoe Saldaña', 'Sigourney Weaver', 'Stephen Lang', 'Michelle Rodriguez']",James Cameron,7.604,33914,25.8983,162,/gKY6q7SjCkAU6FqvqWybDYgUKIF.jpg
11,tt0076759,Star Wars,Star Wars,Princess Leia is captured and held hostage by the evil Imperial forces in their effort to take over the galactic Empire. Venturesome Luke Skywalker and dashing captain Han Solo team together with the loveable robot duo R2-D2 and C-3PO to rescue the beautiful princess and restore peace and justice in the Empire.,1977-05-25,"['Adventure', 'Action', 'Science Fiction']","['empire', 'galaxy', 'rebellion', 'android', 'hermit', 'smuggling (contraband)', 'freedom', 'rebel', 'rescue mission', 'space', 'planet', 'desert', 'super power', 'oppression', 'space opera', 'wizard', 'totalitarianism', 'tuwaderalit']","['Mark Hamill', 'Harrison Ford', 'Carrie Fisher', 'Peter Cushing', 'Alec Guinness']",George Lucas,8.2,22274,25.8133,121,/6FfCtAuVAW8XJjZ7eWeLibRLWTw.jpg
980477,tt34956443,Ne Zha 2,哪吒之魔童闹海,"After a catastrophic event leaves their bodies destroyed, Ne Zha and Ao Bing are granted a fragile second chance at life. As tensions rise between the dragon clans and celestial forces, the two must undergo a series of perilous trials that will test their bond, challenge their identities, and decide the fate of both mortals and immortals.",2025-01-29,"['Animation', 'Action', 'Fantasy', 'Adventure']","['fight', 'magic', 'dark fantasy', 'based on myths, legends or folklore', '3d animation', 'nezha', 'chinese mythology', 'donghua']","['Lu Yanting', 'Joseph', 'Han Mo', 'Chen Hao', 'Lu Qi']",Jiao Zi,8.135,672,25.725,144,/cb5NyNrqiCNNoDkA8FfxHAtypdG.jpg
1691129,,Mulan: Light A fire,木兰：血刃,"After returning home from war, Mulan discovers her family shattered by corruption and violence. As she investigates the truth behind her brother’s death, she uncovers a vast conspiracy involving corrupt officials and ruthless merchants, forcing her onto a solitary path of vengeance and justice.",2026-05-11,['Drama'],['revenge'],['Chu Aixu'],,0.0,0,25.6718,98,/n8zEzmTbuK8auDNlua7C7K5ALDA.jpg
1280738,tt33311069,The Furious,火遮眼,"After Wang Wei's daughter is kidnapped by a criminal network and he receives no help from the corrupt police, Wei sets out to find her himself. His only ally is Navin, a relentless journalist whose wife has mysteriously disappeared. Fueled by a furious vengeance, the unlikely duo ruthlessly battle the kidnappers in this explosive martial arts showdown.",2026-06-05,"['Action', 'Crime', 'Thriller']","['martial arts', 'kung fu', 'child kidnapping', 'tradesman', 'missing wife', 'corrupt police', 'relentless vengeance', 'dynamic duo']","['Xie Miao', 'Joe Taslim', 'Yang Enyou', 'Yayan Ruhian', 'JeeJa Yanin']",Kenji Tanigaki,0.0,0,25.6374,113,/zP19YO60jwEsfKd5Qf1UvA5uJu8.jpg
1159831,tt30851137,The Bride!,The Bride!,A lonely Frankenstein travels to 1930s Chicago to ask groundbreaking scientist Dr. Euphronious to create a companion for him. The two revive a murdered young woman and The Bride is born. But what ensues is beyond what either of them imagined.,2026-03-04,"['Science Fiction', 'Horror', 'Fantasy']","['chicago, illinois', 'new york city', 'prostitute', 'based on novel or book', 'musical', 'mad scientist', 'niagara falls', 'murder', 'loneliness', 'police corruption', 'back from the dead', 'attempted rape', 'undercover operation', 'companion', 'woman director', 'sexual assault', 'femicide', '1930s', 'gothic romance', 'female scientist', 'female revolution', 'frankenstein', 'monster girl', 'horror romance', 'romantic fantasy', 'mary shelley', 'sci-fi horror', 'audacious']","['Jessie Buckley', 'Christian Bale', 'Peter Sarsgaard', 'John Magaro', 'Jeannie Berlin']",Maggie Gyllenhaal,6.193,415,25.5745,127,/lV8YHwGkYZsm6EfIqnhaSz2avKt.jpg
1525963,,Debtor’s Wife,채무자의 아내,"Soo-yeong and Hae-soo are college friends stuck in a love tangle: Soo-yeong likes Che-moo, but Che-moo likes Hae-soo. Meanwhile, Hae-soo likes Dae-in, but Dae-in likes Soo-yeong. Despite the mixed-up feelings, they end up in mismatched marriages. Later, Hae-soo wants to have a baby and tries to get closer to her husband, Dae-in. But Dae-in knows he can’t have children, so he secretly makes a surprising proposal to Soo-yeong’s husband, Che-moo.",2024-12-26,[],[],"['Yoon Yool', 'Min Do-yoon', 'So Ra']",,0.0,0,25.5376,0,/ouXTrnJBimHIhWIUlHARDJH47no.jpg
269149,tt2948356,Zootopia,Zootopia,"Determined to prove herself, Officer Judy Hopps, the first bunny on Zootopia's police force, jumps at the chance to crack her first case - even if it means partnering with scam-artist fox Nick Wilde to solve the mystery.",2016-02-11,"['Animation', 'Adventure', 'Family', 'Comedy']","['sheep', 'allegory', 'lion', 'hippopotamus', 'cartoon', 'villain', 'bullying', 'polar bear', 'con artist', 'anthropomorphism', 'revenge', 'conspiracy', 'urban', 'female protagonist', 'animals', 'rookie cop', 'missing person', 'fable', 'racial prejudice', 'injustice', 'reconciliation', 'female villain', 'buddy cop', 'stereotype', 'aftercreditsstinger', 'cartoon rabbit', 'villain arrested', 'discrimination', 'cartoon bear', 'thoughtful', 'cartoon animal', 'cartoon fox', 'cartoon elephant', 'intense', 'cheerful']","['Ginnifer Goodwin', 'Jason Bateman', 'Idris Elba', 'Jenny Slate', 'Nate Torrence']",Byron Howard,7.761,18027,25.5365,109,/hlK0e0wAQ3VLuJcsfIYPvb4JVud.jpg
424,tt0108052,Schindler's List,Schindler's List,The true story of how businessman Oskar Schindler saved over a thousand Jewish lives from the Nazis while they worked as slaves in his factory during World War II.,1993-12-15,"['Drama', 'History', 'War']","['factory', 'hero', 'nazi', 'concentration camp', 'ss (nazi schutzstaffel)', 'holocaust (shoah)', 'world war ii', 'ghetto', 'jew persecution', 'kraków, poland', 'defense industry', 'auschwitz-birkenau concentration camp', 'biography', 'based on true story', 'industrialist', 'historical fiction', 'black and white', 'train', 'period drama', 'poland', 'evil', 'historical drama', 'disheartening']","['Liam Neeson', 'Ben Kingsley', 'Ralph Fiennes', 'Caroline Goodall', 'Jonathan Sagall']",Steven Spielberg,8.568,17416,25.5079,195,/sF1U4EUQS8YHUYjNl3pMGNIQyr0.jpg
348,tt0078748,Alien,Alien,"During its return to the earth, commercial spaceship Nostromo intercepts a distress signal from a distant planet. When a three-member team of the crew discovers a chamber containing thousands of eggs on the planet, a creature inside one of the eggs attacks an explorer. The entire crew is unaware of the impending nightmare set to descend upon them when the alien parasite planted inside its unfortunate host is birthed.",1979-05-25,"['Horror', 'Science Fiction']","['android', 'spacecraft', 'space marine', 'biology', 'dystopia', 'countdown', 'space suit', 'beheading', 'space travel', 'cowardice', 'alien', 'space', 'female protagonist', 'parasite', 'space opera', 'cosmos']","['Tom Skerritt', 'Sigourney Weaver', 'Veronica Cartwright', 'Harry Dean Stanton', 'John Hurt']",Ridley Scott,8.171,16313,25.3676,117,/vfrQk5IPloGg1v9Rzbh2Eg3VGyM.jpg
214756,tt2637276,Ted 2,Ted 2,"Newlywed couple Ted and Tami-Lynn want to have a baby, but in order to qualify to be a parent, Ted will have to prove he's a person in a court of law.",2015-06-25,"['Comedy', 'Fantasy']","['sperm bank', 'sequel', 'buddy', 'courthouse', 'teddy bear', 'aftercreditsstinger', 'toy comes to life', 'provocative']","['Mark Wahlberg', 'Seth MacFarlane', 'Amanda Seyfried', 'Jessica Barth', 'Giovanni Ribisi']",Seth MacFarlane,6.319,7965,25.3494,115,/38C91I7Xft0gyY7BITm8i4yvuRb.jpg
569094,tt9362722,Spider-Man: Across the Spider-Verse,Spider-Man: Across the Spider-Verse,"After reuniting with Gwen Stacy, Brooklyn’s full-time, friendly neighborhood Spider-Man is catapulted across the Multiverse, where he encounters the Spider Society, a team of Spider-People charged with protecting the Multiverse's very existence. But when the heroes clash on how to handle a new threat, Miles finds himself pitted against the other Spiders and must set out on his own to save those he loves most.",2023-05-31,"['Animation', 'Action', 'Adventure', 'Science Fiction']","['new york city', 'hero', 'double life', 'sacrifice', 'secret identity', 'superhero', 'villain', 'portal', 'based on comic', 'sequel', 'romance', 'alter ego', 'alternate dimension', 'parenting', 'family', 'alternate version', 'super power', 'brooklyn, new york city', 'superhero team', 'spider bite', 'super villain', 'cliffhanger', 'masked superhero', 'teenage romance', 'young heroes', 'teen superhero', 'teen social issues', 'chelsea', 'alternate universe', 'superhero teamup', 'female superhero', 'slow burn romance', 'interdimensional travel', 'ambiguous', 'cliché', 'enthusiastic', 'excited', 'vibrant']","['Shameik Moore', 'Hailee Steinfeld', 'Brian Tyree Henry', 'Luna Lauren Vélez', 'Jake Johnson']",Justin K. Thompson,8.336,8560,25.1392,140,/8Vt6mWEReuy4Of61Lnj5Xj704m8.jpg
44980,tt0167508,Zero Woman 2,Zero WOMAN ＩＩ　警視庁０課の女,"When a valuable suitcase is stolen, the mob, petty criminals, and a beautiful agent from the Elite Zero division are pulled into a battle to settle the score.",1995-09-05,"['Action', 'Thriller']",['female assassin'],"['Natsuki Ozawa', 'Saori Iwama', 'Kane Kosugi', 'Hiroyuki Watari', 'Tomomi Miyauchi']",Daisuke Gotô,5.0,8,25.0455,99,/sQHeDjwmBQba8E51Mkp5dvgkzeZ.jpg
278986,tt1436327,Gangor,গাঙ্গর,An Italian film from Italo Spinelli,2011-01-01,['Drama'],[],"['Priyanka Bose', 'Tillotama Shome', 'Adil Hussain', 'Samrat Chakrabarti', 'Seema Rahmani']",Italo Spinelli,5.5,2,24.9993,92,/jf3Wa4ZIpHDhDkjUQ0PaUW7gyJM.jpg
1246049,tt31434030,Dracula,Dracula,"In late 15th-century Eastern Europe, Prince Vlad II’s bride is brutally murdered. As a result, he renounces God and damns Heaven itself. Cursed with eternal life, Vlad is reborn as Dracula, an immortal warlord who defies fate in a blood-soaked crusade to wrench his lost love back from death.",2025-07-30,"['Horror', 'Fantasy', 'Romance']","['paris, france', 'vampire', 'beheading', 'parfum', 'gargoyle', 'gothic horror', 'music box', 'eternal love', '19th century', '15th century', 'loss of wife', 'dracula']","['Caleb Landry Jones', 'Zoë Bleu Sidel', 'Christoph Waltz', 'Matilda De Angelis', 'Ewens Abid']",Luc Besson,7.092,1170,24.815,130,/dYRqA50yd0nB3qBR7AtWEJJQ8q.jpg
335984,tt1856101,Blade Runner 2049,Blade Runner 2049,"Thirty years after the events of the first film, a new blade runner, LAPD Officer K, unearths a long-buried secret that has the potential to plunge what's left of society into chaos. K's discovery leads him on a quest to find Rick Deckard, a former LAPD blade runner who has been missing for 30 years.",2017-10-04,"['Science Fiction', 'Drama']","['future', 'android', 'bounty hunter', 'artificial intelligence (a.i.)', 'dystopia', 'sequel', 'cyberpunk', 'transhumanism', 'los angeles, california', 'las vegas', 'tech noir', 'cyber thriller', 'humanoid robot', 'blade runner', '2040s', 'serious', 'slow burn', 'direct', 'informative', 'dystopian', 'oscar winner']","['Ryan Gosling', 'Harrison Ford', 'Ana de Armas', 'Dave Bautista', 'Robin Wright']",Denis Villeneuve,7.592,15080,24.814,164,/gajva2L0rPYkEWjzgFlBXCAVBE5.jpg
664767,tt9580138,Mortal Kombat Legends: Scorpion's Revenge,Mortal Kombat Legends: Scorpion's Revenge,"After the vicious slaughter of his family by stone-cold mercenary Sub-Zero, Hanzo Hasashi is exiled to the torturous Netherrealm. There, in exchange for his servitude to the sinister Quan Chi, he’s given a chance to avenge his family – and is resurrected as Scorpion, a lost soul bent on revenge. Back on Earthrealm, Lord Raiden gathers a team of elite warriors – Shaolin monk Liu Kang, Special Forces officer Sonya Blade, and action star Johnny Cage – an unlikely band of heroes with one chance to save humanity. To do this, they must defeat Shang Tsung's horde of Outworld gladiators and reign over the Mortal Kombat tournament.",2020-04-12,"['Animation', 'Action', 'Fantasy']","['magic', 'ninja fighter', 'revenge', 'sorcerer', 'tournament', 'shaolin monk', 'fighting', 'based on video game', 'adult animation', 'god of thunder']","['Patrick Seitz', 'Jordan Rodrigues', 'Jennifer Carpenter', 'Joel McHale', 'Ike Amadi']",Ethan Spaulding,8.088,1465,24.7645,80,/iBvo3qOPcmhlqAaJcXcQHtx2qLk.jpg
1290417,tt32362890,Thrash,Thrash,"When a Category 5 hurricane decimates a coastal town, the storm surge brings devastation, chaos, and something far more frightening onto shore: hungry sharks.",2026-04-10,"['Horror', 'Thriller']","['hurricane', 'natural disaster', 'shark attack', 'survival horror', 'flood', 'animal horror', 'fight for survival', 'ocean horror', 'family under threat', 'unpredictable danger', 'life‑or‑death struggle', 'storm threat', 'isolated survivors', 'fear‑driven decisions', 'scientific expertise']","['Phoebe Dynevor', 'Whitney Peak', 'Djimon Hounsou', 'Alyla Browne', 'Stacy Clausen']",Tommy Wirkola,5.968,546,24.7265,84,/adk8weka3O5648g3de4z3y4aE7G.jpg
438631,tt1160419,Dune,Dune,"Paul Atreides, a brilliant and gifted young man born into a great destiny beyond his understanding, must travel to the most dangerous planet in the universe to ensure the future of his family and his people. As malevolent forces explode into conflict over the planet's exclusive supply of the most precious resource in existence-a commodity capable of unlocking humanity's greatest potential-only those who can conquer their fear will survive.",2021-09-15,"['Science Fiction', 'Adventure']","['empire', 'future', 'army', 'based on novel or book', 'prophecy', 'dystopia', 'emperor', 'sand', 'spice', 'chosen one', 'hallucinogen', 'treason', 'baron', 'revenge', 'premonition', 'betrayal', 'space', 'water shortage', 'creature', 'desert', 'knife fight', 'destiny', 'giant worm', 'space opera', 'sand dune', 'messiah', 'mother son relationship', 'giant creature', 'complicated', 'dune', 'best picture nominee', 'oscar winner']","['Timothée Chalamet', 'Rebecca Ferguson', 'Oscar Isaac', 'Jason Momoa', 'Stellan Skarsgård']",Denis Villeneuve,7.78,14827,24.6828,155,/gDzOcq0pfeCeqMBwKIJlSmQpjkZ.jpg
769,tt0099685,GoodFellas,GoodFellas,"The true story of Henry Hill, a half-Irish, half-Sicilian Brooklyn kid who is adopted by neighbourhood gangsters at an early age and climbs the ranks of a Mafia family under the guidance of Jimmy Conway.",1990-09-12,"['Drama', 'Crime']","['prison', 'florida', 'new york city', 'based on novel or book', 'gangster', 'mass murder', 'drug trafficking', '1970s', 'irish-american', 'gore', 'biography', 'based on true story', 'murder', 'organized crime', 'mafia', 'brooklyn, new york city', 'crime epic', 'tampa, florida']","['Robert De Niro', 'Ray Liotta', 'Joe Pesci', 'Lorraine Bracco', 'Paul Sorvino']",Martin Scorsese,8.453,14297,24.5077,145,/9OkCLM73MIU2CrKZbqiT8Ln1wY2.jpg
967998,tt18305922,Fatal Conspiracy,Conspiração Fatal,"Davi Martins, a commercial director of a financial institution, and Juliana Martins, a personal trainer, are a couple trying to recover from a crisis. At work, Davi ends up getting involved in the investigation of a financial scandal, putting himself in the crosshairs of dangerous people. Little by little, Juliana discovers that her new home may not be a new beginning, but the stage for a real nightmare. Some secrets may end her life.",2022-05-26,['Horror'],[],"['Aline Mineiro', 'Ricardo Ramory', 'Ruben Espinoza', 'Renato Siqueira', 'Priscila Castello Branco']",Renato Siqueira,7.0,3,24.4914,0,/zpj3nNoc5xaUZTIdnuhwXwUcRag.jpg
744,tt0092099,Top Gun,Top Gun,"For Lieutenant Pete 'Maverick' Mitchell and his friend and co-pilot Nick 'Goose' Bradshaw, being accepted into an elite training school for fighter pilots is a dream come true. But a tragedy, as well as personal demons, will threaten Pete's dreams of becoming an ace pilot.",1986-05-16,"['Action', 'Drama', 'Romance']","['dying and death', 'secret love', 'lovesickness', 'airplane', 'loss of loved one', 'self-discovery', 'hostility', 'fighter pilot', 'pilot', 'training camp', 'battle assignment', 'u.s. navy', 'cowardliness', 'homoeroticism', 'pilot school', 'based on magazine, newspaper or article', 'admiring', 'celebratory', 'commanding', 'exuberant']","['Tom Cruise', 'Kelly McGillis', 'Val Kilmer', 'Anthony Edwards', 'Tom Skerritt']",Tony Scott,7.1,9521,24.452,110,/xUuHj3CgmZQ9P2cMaqQs4J0d4Zc.jpg
1317288,tt32916440,Marty Supreme,Marty Supreme,"Marty Mauser, a young man with a dream no one respects, goes to hell and back in pursuit of greatness.",2025-12-19,"['Drama', 'Thriller']","['new york city', 'sports', 'capitalism', 'hustler', 'narcissism', 'ping pong', 'scheming', '1950s', 'dedication', 'american businessman', 'table tennis', 'amused', 'bewildered', 'oscar nominee', 'best picture nominee']","['Timothée Chalamet', 'Gwyneth Paltrow', ""Odessa A'zion"", ""Kevin O'Leary"", 'Tyler, The Creator']",Josh Safdie,7.384,1706,24.4021,150,/lYWEXbQgRTR4ZQleSXAgRbxAjvq.jpg
866398,tt15314262,The Beekeeper,The Beekeeper,One man's campaign for vengeance takes on national stakes after he is revealed to be a former operative of a powerful and clandestine organization known as Beekeepers.,2024-01-08,"['Action', 'Crime', 'Thriller']","['massachusetts', 'secret government organization', 'government conspiracy', 'hand to hand combat', 'vengeance', 'fbi agent', 'beekeepers', 'scam call center', 'retired assassin', 'revenge mission', 'relentless pursuit', 'scam operation', 'justice by force', 'system corruption', 'powerful elites']","['Jason Statham', 'Emmy Raver-Lampman', 'Josh Hutcherson', 'Jeremy Irons', 'Bobby Naderi']",David Ayer,7.247,4178,24.3262,106,/A7EByudX0eOzlkQ2FIbogzyazm2.jpg
1011985,tt21692408,Kung Fu Panda 4,Kung Fu Panda 4,"Po is gearing up to become the spiritual leader of his Valley of Peace, but also needs someone to take his place as Dragon Warrior. As such, he will train a new kung fu practitioner for the spot and will encounter a villain called the Chameleon who conjures villains from the past.",2024-03-02,"['Action', 'Adventure', 'Animation', 'Comedy', 'Family', 'Fantasy']","['martial arts', 'kung fu', 'china', 'villain', 'sequel', 'panda', 'anthropomorphism', 'chameleon', 'female villain', 'pathetic', 'cliché', 'joyful', 'pretentious']","['Jack Black', 'Awkwafina', 'Viola Davis', 'Dustin Hoffman', 'Bryan Cranston']",Mike Mitchell,7.0,3481,24.2592,94,/kDp1vUBnMpe8ak4rjgl3cLELqjU.jpg
121,tt0167261,The Lord of the Rings: The Two Towers,The Lord of the Rings: The Two Towers,"Frodo Baggins and the other members of the Fellowship continue on their sacred quest to destroy the One Ring--but on separate paths. Their destinies lie at two towers--Orthanc Tower in Isengard, where the corrupt wizard Saruman awaits, and Sauron's fortress at Barad-dur, deep within the dark lands of Mordor. Frodo and Sam are trekking to Mordor to destroy the One Ring of Power while Gimli, Legolas and Aragorn search for the orc-captured Merry and Pippin. All along, nefarious wizard Saruman awaits the Fellowship members at the Orthanc Tower in Isengard.",2002-12-18,"['Adventure', 'Fantasy', 'Action']","['mission', 'army', 'based on novel or book', 'elves', 'dwarf', 'magic', 'obsession', 'allegory', 'bravery', 'castle', 'reincarnation', 'sequel', 'battle', 'brutality', 'guide', 'split personality', 'marsh', 'fantasy world', 'wizard', 'journey', 'ring', 'live action and animation', ""hero's journey"", 'high fantasy', 'wraith', 'sword and sorcery', 'trekking', 'evil spell', 'good versus evil', 'trees', 'awestruck', 'comforting', 'complicated', 'hopeful', 'winged creatures']","['Elijah Wood', 'Ian McKellen', 'Viggo Mortensen', 'Sean Astin', 'Andy Serkis']",Peter Jackson,8.417,23824,24.2307,179,/5VTN0pR8gcqV3EPUHHfMGnJYN9L.jpg
557,tt0145487,Spider-Man,Spider-Man,"After being bitten by a genetically altered spider at Oscorp, nerdy but endearing high school student Peter Parker is endowed with amazing powers to become the superhero known as Spider-Man.",2002-05-01,"['Action', 'Science Fiction']","['new york city', 'adolescence', 'photographer', 'loss of loved one', 'photography', 'secret identity', 'hostility', 'superhero', 'spider', 'bad boss', 'villain', 'based on comic', 'teenage boy', 'teenage love', 'evil', 'super villain', 'taking responsibility']","['Tobey Maguire', 'Willem Dafoe', 'Kirsten Dunst', 'James Franco', 'Cliff Robertson']",Sam Raimi,7.3,20605,23.9433,121,/kjdJntyBeEvqm9w97QGBdxPptzj.jpg
150540,tt2096673,Inside Out,Inside Out,"When 11-year-old Riley moves to a new city, her Emotions team up to help her through the transition. Joy, Fear, Anger, Disgust and Sadness work together, but when Joy and Sadness get lost, they must journey through unfamiliar places to get back home.",2015-06-17,"['Animation', 'Family', 'Adventure', 'Drama', 'Comedy']","['dreams', 'san francisco, california', 'minnesota', 'sadness', 'cartoon', 'disgust', 'ice hockey', 'imaginary friend', 'elementary school', 'family relationships', 'memory', 'fear', 'family', 'anger', 'unicorn', 'running away', 'duringcreditsstinger', 'emotions', 'emotion', 'joy', 'compassionate', 'empathetic', 'hopeful']","['Amy Poehler', 'Phyllis Smith', 'Richard Kind', 'Bill Hader', 'Lewis Black']",Pete Docter,7.91,23407,23.9252,95,/2H1TmgdfNtsKlU9jKdeNyYL5y8T.jpg
389,tt0050083,12 Angry Men,12 Angry Men,"The defense and the prosecution have rested and the jury is filing into the jury room to decide if a young Spanish-American is guilty or innocent of murdering his father. What begins as an open and shut case soon becomes a mini-drama of each of the jurors' prejudices and preconceptions about the trial, the accused, and each other.",1957-04-10,['Drama'],"['death penalty', 'anonymity', 'court case', 'judge', 'jurors', 'innocence', 'witness', 'knife', 'matter of life and death', 'based on play or musical', 'trial', 'murder', 'debate', 'capital punishment', 'black and white', 'courtroom', 'angry', 'courtroom drama', 'huis clos', 'baffled', 'derisive', 'foreboding']","['Martin Balsam', 'John Fiedler', 'Lee J. Cobb', 'E.G. Marshall', 'Jack Klugman']",Sidney Lumet,8.56,9954,23.7772,97,/zhG3vKWyDRaZYoaww1UVAi29T9h.jpg
73353,tt0411377,Man in the Mirror: The Michael Jackson Story,Man in the Mirror: The Michael Jackson Story,Chronicles the rise and fall of pop king Michael Jackson.,2004-08-06,"['Drama', 'TV Movie']",[],"['Flex Alexander', 'Krista Rae', 'Eugene Clark', 'Peter Onorati', 'Lynne Cormack']",Allan Moyle,6.3,13,23.6725,85,/qhp25BXUEqIaDFQbC7YI3h2FSqD.jpg
1088434,tt14507394,Hellfire,Hellfire,A drifter with a mysterious past arrives in a small town and finds the residents in the grip of a ruthless crime boss and realizes he has to help them.,2026-05-14,"['Action', 'Thriller']",[],"['Stephen Lang', 'Harvey Keitel', 'Scottie Thompson', 'Dolph Lundgren', 'Chris Mullinax']",Isaac Florentine,4.7,3,23.6144,94,/tQti9QTf13MfzNpXguijgNh7ojE.jpg
693134,tt15239678,Dune: Part Two,Dune: Part Two,"Follow the mythic journey of Paul Atreides as he unites with Chani and the Fremen while on a path of revenge against the conspirators who destroyed his family. Facing a choice between the love of his life and the fate of the known universe, Paul endeavors to prevent a terrible future only he can foresee.",2024-02-27,"['Science Fiction', 'Adventure']","['based on novel or book', 'sandstorm', 'chosen one', 'distant future', 'creature', 'planet', 'desert', 'destiny', 'giant worm', 'space opera', 'sand dune', 'allegorical', 'messiah', 'fall from grace', 'vengeance', 'religious allegory', 'giant creature', 'power', 'ambiguous', 'antagonistic', 'melodramatic', 'dune', 'best picture nominee', 'oscar winner']","['Timothée Chalamet', 'Zendaya', 'Rebecca Ferguson', 'Javier Bardem', 'Josh Brolin']",Denis Villeneuve,8.127,7900,23.5362,167,/1pdfLvkbY9ohJlCjQH2CZjjYVvJ.jpg
1236153,tt31050594,Mercy,Mercy,"In the near future, a detective stands on trial accused of murdering his wife. He has ninety minutes to prove his innocence to the advanced AI Judge he once championed, before it determines his fate.",2026-01-20,"['Science Fiction', 'Action', 'Thriller']","['race against time', 'mission', 'artificial intelligence (a.i.)', 'bomb', 'kidnapping', 'cop', 'los angeles, california', 'false accusations', 'innocent suspect', 'father daughter relationship', 'criminal justice system', 'evidence room', 'near future', 'screenlife', 'alcoholic cop', 'crime', 'dystopian']","['Chris Pratt', 'Rebecca Ferguson', 'Kali Reis', 'Kylie Rogers', 'Chris Sullivan']",Timur Bekmambetov,7.002,1251,23.4995,99,/pyok1kZJCfyuFapYXzHcy7BLlQa.jpg
519182,tt7510222,Despicable Me 4,Despicable Me 4,"Gru and Lucy and their girls—Margo, Edith and Agnes—welcome a new member to the Gru family, Gru Jr., who is intent on tormenting his dad. Gru also faces a new nemesis in Maxime Le Mal and his femme fatale girlfriend Valentina, forcing the family to go on the run.",2024-06-20,"['Action', 'Animation', 'Comedy', 'Family', 'Science Fiction']","['superhero', 'villain', 'sequel', 'super villain', 'aftercreditsstinger', 'duringcreditsstinger', 'kids', 'calm']","['Steve Carell', 'Kristen Wiig', 'Will Ferrell', 'Sofía Vergara', 'Miranda Cosgrove']",Chris Renaud,6.987,3184,23.0205,94,/wWba3TaojhK7NdycRhoQpsG0FaH.jpg
862,tt0114709,Toy Story,Toy Story,"Led by Woody, Andy's toys live happily in his room until Andy's birthday brings Buzz Lightyear onto the scene. Afraid of losing his place in Andy's heart, Woody plots against Buzz. But when circumstances separate Buzz and Woody from their owner, the duo eventually learns to put aside their differences.",1995-11-22,"['Family', 'Comedy', 'Animation', 'Adventure']","['rescue', 'friendship', 'mission', 'jealousy', 'villain', 'bullying', 'elementary school', 'rivalry', 'anthropomorphism', 'friends', 'computer animation', 'buddy', 'walkie talkie', 'toy car', 'boy next door', 'new toy', 'neighborhood', 'toy comes to life', 'resourcefulness', 'toy', 'hilarious', 'cheerful', 'pixar']","['Tom Hanks', 'Tim Allen', 'Don Rickles', 'Jim Varney', 'Wallace Shawn']",John Lasseter,7.973,19826,22.9275,81,/uXDfjJbdP4ijW5hWSBrPrlKpxab.jpg
4588,tt0808357,"Lust, Caution",色‧戒,"During World War II, a secret agent must seduce and assassinate an official who works for the Japanese puppet government in Shanghai.",2007-09-24,"['Action', 'Drama', 'Romance', 'Thriller']","['secret love', 'china', 'sexual obsession', 'shanghai, china', 'cheating', 'espionage', 'resistance', 'in love with enemy', 'traitor', 'lover', 'insurgence', 'war on freedom', 'occupying power', 'insurrection', 'love', 'hong kong', 'older man younger woman relationship', 'extramarital affair', 'mahjong', 'resistance fighter', 'erotic thriller', '1940s']","['Tony Leung Chiu-wai', 'Tang Wei', 'Joan Chen', 'Leehom Wang', 'Tou Tsung-hua']",Ang Lee,7.269,797,22.8903,158,/6c1tqfJEBuIyhQC19SLlLQAUAvJ.jpg
62177,tt1217209,Brave,Brave,"In the mystical Scottish Highlands, Merida is the princess of a kingdom ruled by King Fergus and Queen Elinor. An unruly daughter and an accomplished archer, Merida one day defies a sacred custom of the land and inadvertently brings turmoil to the kingdom. In an attempt to set things right, Merida seeks out an eccentric old Wise Woman and is granted an ill-fated wish. Also figuring into Merida's quest — and serving as comic relief — are the kingdom's three lords: the enormous Lord MacGuffin, the surly Lord Macintosh, and the disagreeable Lord Dingwall.",2012-06-21,"['Animation', 'Family', 'Fantasy', 'Adventure']","['witch', 'kingdom', 'scotland', 'rebel', 'bravery', 'villain', 'wish', 'archer', 'bear', 'scot', 'rebellious daughter', 'turns into animal', 'archery', 'ruins', 'aftercreditsstinger', 'peace offering', 'woman director', 'insecure', 'quest', 'grim', 'irreverent', 'absurd', 'whimsical', 'derogatory', 'disdainful', 'disgusted', 'disheartening', 'disrespectful', 'frustrated', 'ridiculous']","['Kelly Macdonald', 'Emma Thompson', 'Billy Connolly', 'Julie Walters', 'Robbie Coltrane']",Mark Andrews,7.0,14136,22.8194,93,/1XAuDtMWpL0sYSFK0R6EZate2Ux.jpg
346698,tt1517268,Barbie,Barbie,"Barbie and Ken are having the time of their lives in the colorful and seemingly perfect world of Barbie Land. However, when they get a chance to go to the real world, they soon discover the joys and perils of living among humans.",2023-07-19,"['Comedy', 'Adventure', 'Fantasy']","['feminism', 'satire', 'patriarchy', 'social satire', 'based on toy', 'female protagonist', 'fish out of water', 'womanhood', 'doll', 'reality vs fantasy', 'fantasy world', 'motherhood', 'existentialism', 'woman director', 'misandry', 'mother daughter relationship', 'adventure comedy', 'clinical', 'gender discrimination', 'secret world']","['Margot Robbie', 'Ryan Gosling', 'America Ferrera', 'Ariana Greenblatt', 'Issa Rae']",Greta Gerwig,6.926,11064,22.7892,114,/iuFNMS8U5cb6xfzi51Dbkovj7vM.jpg
673,tt0304141,Harry Potter and the Prisoner of Azkaban,Harry Potter and the Prisoner of Azkaban,"Year three at Hogwarts means new fun and challenges as Harry learns the delicate art of approaching a Hippogriff, transforming shape-shifting Boggarts into hilarity and even turning back time. But the term also brings danger: soul-sucking Dementors hover over the school, an ally of the accursed He-Who-Cannot-Be-Named lurks within the castle walls, and fearsome wizard Sirius Black escapes Azkaban. And Harry will confront them all.",2004-05-31,"['Adventure', 'Fantasy']","['witch', 'school friend', 'friendship', 'flying', 'magic', 'bus', 'traitor', 'child hero', 'school of witchcraft', 'black magic', 'time travel', 'school', 'best friend', 'werewolf', 'muggle', 'ghost', 'wizard', 'aftercreditsstinger', 'magical creature', 'night bus', 'teenage life', 'christmas', 'school class', 'based on young adult novel', 'magic spell', 'admiring', 'comforting', 'enchant', 'teen fantasy']","['Daniel Radcliffe', 'Rupert Grint', 'Emma Watson', 'Robbie Coltrane', 'Michael Gambon']",Alfonso Cuarón,8.0,23093,22.7125,141,/aWxwnYoe8p2d2fcxOqtvAtJ72Rw.jpg
244786,tt2582802,Whiplash,Whiplash,"Under the direction of a ruthless instructor, a talented young drummer begins to pursue perfection at any cost, even his humanity.",2014-10-10,"['Drama', 'Music', 'Thriller']","['new york city', 'jazz', 'musician', 'obsession', 'music teacher', 'conservatory', 'drums', 'montage', 'perfectionist', 'public humiliation', 'jazz band', 'angry', 'aggressive', 'young adult', 'music school', 'verbal abuse', 'emotional abuse', 'anxious', 'based on short film', 'psychological drama', 'suspenseful', 'powerful', 'drummer']","['Miles Teller', 'J.K. Simmons', 'Paul Reiser', 'Melissa Benoist', 'Austin Stowell']",Damien Chazelle,8.375,16578,22.7002,107,/7fn624j5lj3xTme2SgiLCeuedmO.jpg
652,tt0332452,Troy,Troy,"In year 1250 B.C. during the late Bronze age, two emerging nations begin to clash. Paris, the Trojan prince, convinces Helen, Queen of Sparta, to leave her husband Menelaus, and sail with him back to Troy. After Menelaus finds out that his wife was taken by the Trojans, he asks his brother Agamemnon to help him get her back. Agamemnon sees this as an opportunity for power. They set off with 1,000 ships holding 50,000 Greeks to Troy.",2004-05-13,"['War', 'Action', 'History']","['adultery', 'sibling relationship', 'hostility', 'bravery', 'mythology', 'beauty', 'trojan war', 'wall', 'fraud', 'sword fight', 'battlefield', 'historical fiction', 'ancient world', 'based on song, poem or rhyme', 'pyre', 'ancient greece', 'peplum', 'trojan horse', 'bronze age', 'sparta greece', 'ships', 'sword and sandal', 'helmet', 'exhilarated', '12th century bc', 'achilles', 'helen of troy']","['Brad Pitt', 'Orlando Bloom', 'Eric Bana', 'Brian Cox', 'Sean Bean']",Wolfgang Petersen,7.17,11012,22.6227,163,/51auXjXepW1zblzhaN7CAhwvf5i.jpg
585,tt0198781,"Monsters, Inc.","Monsters, Inc.","Lovable Sulley and his wisecracking sidekick Mike Wazowski are the top scare team at Monsters, Inc., the scream-processing factory in Monstropolis. When a little girl named Boo wanders into their world, it's the monsters who are scared silly, and it's up to Sulley and Mike to keep her out of sight and get her back home.",2001-11-01,"['Animation', 'Comedy', 'Family']","['monster', 'panic', 'cheating', 'kidnapping', 'door', 'infant', 'villain', 'portal', 'rivalry', 'energy supply', 'friends', 'hijinks', 'best friend', 'chameleon', 'family', 'parallel world', 'conveyor belt', 'duringcreditsstinger', 'villain arrested', 'invisibility', 'energy company', 'conspirators', 'playful', 'hilarious', 'cheerful']","['John Goodman', 'Billy Crystal', 'Mary Gibbs', 'Steve Buscemi', 'James Coburn']",Pete Docter,7.848,19713,22.5837,92,/wFSpyMsp7H0ttERbxY7Trlv8xry.jpg
991494,tt23572848,The SpongeBob Movie: Search for SquarePants,The SpongeBob Movie: Search for SquarePants,"Desperate to be a big guy, SpongeBob sets out to prove his bravery to Mr. Krabs by following The Flying Dutchman – a mysterious swashbuckling ghost pirate – on a seafaring adventure that takes him to the deepest depths of the deep sea, where no Sponge has gone before.",2025-12-16,"['Adventure', 'Animation', 'Comedy', 'Family', 'Fantasy']","['based on cartoon', 'pirate', 'based on tv series', 'casual', 'underworld', 'adoring', 'amused', 'cheerful', 'familiar']","['Tom Kenny', 'Clancy Brown', 'Rodger Bumpass', 'Bill Fagerbakke', 'Carolyn Lawrence']",Derek Drymon,6.828,285,22.5614,88,/xJnOMMsFASxNiFnG7v3TNIQ3ife.jpg
429,tt0060196,"The Good, the Bad and the Ugly","Il buono, il brutto, il cattivo","While the Civil War rages on between the Union and the Confederacy, three men – a quiet loner, a ruthless hitman, and a Mexican bandit – comb the American Southwest in search of a strongbox containing $200,000 in stolen gold.",1966-12-23,['Western'],"['gold', 'army', 'bounty hunter', 'hitman', 'refugee', 'anti hero', 'moral ambiguity', 'gallows', 'outlaw', 'gun battle', 'shootout', 'spaghetti western', 'graveyard', 'american civil war', 'stolen gold', 'complex', 'hidden gold', 'gun death', 'excited', 'cemetary', 'confederate gold']","['Clint Eastwood', 'Eli Wallach', 'Lee Van Cleef', 'Aldo Giuffrè', 'Luigi Pistilli']",Sergio Leone,8.469,9608,22.4954,161,/bX2xnavhMYjWDoZp1VM6VnU1xwe.jpg
1140521,tt7734244,The Magic Faraway Tree,The Magic Faraway Tree,"A modern family relocates to the countryside where the children discover a magical tree with eccentric residents. They're transported to fantastical lands, rekindling their family bond through adventures.",2026-03-26,"['Family', 'Fantasy', 'Adventure']","['tree', ""based on children's book"", ""children's adventure"", 'estranged family']","['Andrew Garfield', 'Claire Foy', 'Nicola Coughlan', 'Jessica Gunning', 'Rebecca Ferguson']",Ben Gregor,6.206,17,22.3755,110,/udXvLxC5gAqN8SinemyFBEcHpTf.jpg
414906,tt1877830,The Batman,The Batman,"In his second year of fighting crime, Batman uncovers corruption in Gotham City that connects to his own family while facing a serial killer known as the Riddler.",2022-03-01,"['Crime', 'Mystery', 'Thriller']","['police', 'psychopath', 'secret identity', 'crime fighter', 'superhero', 'nightclub', 'politician', 'based on comic', 'vigilante', 'organized crime', 'serial killer', 'millionaire', 'social injustice', 'murder investigation', 'aftercreditsstinger', 'masked superhero', 'political corruption', 'neo-noir', 'urban gothic', 'vengeance', 'mayoral election', 'wistful', 'suspenseful', 'tense', 'gloomy']","['Robert Pattinson', 'Zoë Kravitz', 'Jeffrey Wright', 'Colin Farrell', 'Paul Dano']",Matt Reeves,7.661,11879,22.2832,177,/74xTEgt7R36Fpooo50r9T25onhq.jpg
1175942,tt30017619,The Bad Guys 2,The Bad Guys 2,"The now-reformed Bad Guys are trying (very, very hard) to be good, but instead find themselves hijacked into a high-stakes, globe-trotting heist, masterminded by a new team of criminals they never saw coming: The Bad Girls.",2025-07-24,"['Family', 'Comedy', 'Crime', 'Adventure', 'Animation']","['california', 'based on novel or book', 'snake', 'police', 'wolf', 'fight', 'spider', 'villain', 'sequel', 'heist', 'anthropomorphism', 'space', 'los angeles, california', 'wedding', 'space station', 'framed for a crime', 'luchador', 'joyful']","['Sam Rockwell', 'Marc Maron', 'Awkwafina', 'Craig Robinson', 'Anthony Ramos']",Pierre Perifel,7.7,774,22.2252,104,/26oSPnq0ct59l07QOXZKyzsiRtN.jpg
324857,tt4633694,Spider-Man: Into the Spider-Verse,Spider-Man: Into the Spider-Verse,"Struggling to find his place in the world while juggling school and family, Brooklyn teenager Miles Morales is unexpectedly bitten by a radioactive spider and develops unfathomable powers just like the one and only Spider-Man. While wrestling with the implications of his new abilities, Miles discovers a super collider created by the madman Wilson ""Kingpin"" Fisk, causing others from across the Spider-Verse to be inadvertently transported to his dimension.",2018-12-06,"['Animation', 'Action', 'Adventure', 'Science Fiction']","['superhero', 'based on comic', 'aftercreditsstinger', 'alternate universe']","['Shameik Moore', 'Jake Johnson', 'Hailee Steinfeld', 'Mahershala Ali', 'Brian Tyree Henry']",Bob Persichetti,8.4,17179,22.0882,117,/iiZZdoQBEYBv6id8su7ImL0oCbD.jpg
950387,tt3566834,A Minecraft Movie,A Minecraft Movie,"Four misfits find themselves struggling with ordinary problems when they are suddenly pulled through a mysterious portal into the Overworld: a bizarre, cubic wonderland that thrives on imagination. To get back home, they'll have to master this world while embarking on a magical quest with an unexpected, expert crafter, Steve.",2025-03-31,"['Family', 'Fantasy', 'Comedy', 'Adventure']","['friendship', 'surrealism', 'exploration', 'portal', 'miner', 'friends', 'survival', 'zombie', 'based on video game', 'aftercreditsstinger', 'duringcreditsstinger', 'journey', 'live action and animation', 'playful', 'black jack', 'imagination', 'teamwork', 'fantasy', 'exuberant', 'building']","['Jason Momoa', 'Jack Black', 'Sebastian Eugene Hansen', 'Emma Myers', 'Danielle Brooks']",Jared Hess,6.261,2974,21.9438,101,/yFHHfHcUgGAxziP1C3lLt0q2T4s.jpg
1367642,tt33714084,Reminders of Him,Reminders of Him,"When Diem's custodial grandparents adamantly refuse Kenna's attempts to see her daughter, Kenna discovers unexpected compassion, and then something truer and deeper, with former NFL player and local bar owner Ledger. As their secret romance develops, so do the dangers for both of them, leading Kenna toward heartbreak and, ultimately, the hope for a second chance.",2026-03-11,"['Romance', 'Drama']","['wyoming, usa', 'based on novel or book', 'loss of loved one', 'release from prison', 'mistake', 'car accident', 'second chance', 'ex-con', 'child custody', 'return to hometown', 'romantic drama', 'romantic', 'apologetic', 'melodramatic', 'broken relationships', 'forgiveness and reconciliation', 'parental struggle', 'reconnecting with child', 'protective motherhood']","['Maika Monroe', 'Tyriq Withers', 'Rudy Pankow', 'Bradley Whitford', 'Lauren Graham']",Vanessa Caswill,7.386,210,21.8037,114,/7L6rceYgzQ0NeHD7PRDNrRoQ291.jpg
396535,tt5700672,Train to Busan,부산행,"When a zombie virus pushes Korea into a state of emergency, those trapped on an express train to Busan must fight for their own survival.",2016-07-20,"['Horror', 'Thriller', 'Action', 'Adventure']","['halloween', 'zombie', 'train', 'survival horror', 'pandemic', 'busan, south korea', 'south korea']","['Gong Yoo', 'Kim Su-an', 'Jung Yu-mi', 'Don Lee', 'Choi Woo-shik']",Yeon Sang-ho,7.748,8330,21.7672,118,/vNVFt6dtcqnI7hqa6LFBUibuFiw.jpg
1184918,tt29623480,The Wild Robot,The Wild Robot,"After a shipwreck, an intelligent robot called Roz is stranded on an uninhabited island. To survive the harsh environment, Roz bonds with the island's animals and cares for an orphaned baby goose.",2024-09-12,"['Family', 'Animation', 'Science Fiction', 'Adventure']","['villain', 'robot', ""based on children's book"", 'female villain', 'aftercreditsstinger', 'duringcreditsstinger', 'kids', 'adopted son', 'understated', 'audacious', 'awestruck', 'oscar nominee']","[""Lupita Nyong'o"", 'Pedro Pascal', 'Kit Connor', 'Bill Nighy', 'Stephanie Hsu']",Chris Sanders,8.308,6031,21.748,102,/eG9lz41mJqsI4J6ubMtVqD26q2J.jpg
1292662,tt31323350,Slaughterhouse On The Hill,Slaughterhouse On The Hill,A night of terror ensues when a group of friends party at an abandoned slaughterhouse.,2024-05-03,['Horror'],[],"['Kristy Adams', 'Steve Hansen', 'Ashley Ballou', 'Kiki Daire', 'Chris Arredondo']",Tom Devlin,5.889,9,21.6857,72,/f6C2ckdAXELXbzyY8AoH4lj6udg.jpg
10681,tt0910970,WALL·E,WALL·E,"After hundreds of years doing what he was built for, WALL•E— a robot designed to clean up the earth—discovers a new purpose in life when he meets a sleek search robot named EVE. EVE comes to realize that WALL•E has inadvertently stumbled upon the key to the planet's future, and races back to space to report to the humans. Meanwhile, WALL•E chases EVE across the galaxy and sets into motion one of the most imaginative adventures ever brought to the big screen.",2008-06-26,"['Animation', 'Family', 'Science Fiction']","['garbage', 'dystopia', 'space travel', 'distant future', 'loneliness', 'robot', 'aftercreditsstinger', 'duringcreditsstinger', 'romantic', 'cheerful', 'dystopian']","['Ben Burtt', 'Elissa Knight', 'Jeff Garlin', 'Fred Willard', 'John Ratzenberger']",Andrew Stanton,8.1,20212,21.6828,98,/hbhFnRzzg6ZDmm8YAmxBnQpQIPh.jpg
4935,tt0347149,Howl's Moving Castle,ハウルの動く城,"Sophie, a young milliner, is turned into an elderly woman by a witch who enters her shop and curses her. She encounters a wizard named Howl and gets caught up in his resistance to fighting for the king.",2004-09-09,"['Fantasy', 'Animation', 'Adventure']","['witch', 'flying', 'rain', 'castle', 'scarecrow', 'body exchange', 'melancholy', 'hatter', 'bakery', 'curse', 'steampunk', 'demon', 'anime', 'thoughtful', 'philosophical', 'reflective', 'complex', 'based on young adult novel', 'playful', 'fantasy', 'magical', 'adventure', 'romantic', 'excited', 'hopeful']","['Chieko Baisho', 'Takuya Kimura', 'Akihiro Miwa', 'Tatsuya Gashûin', 'Ryunosuke Kamiki']",Hayao Miyazaki,8.387,11037,21.6705,119,/13kOl2v0nD2OLbVSHnHk8GUFEhO.jpg
210577,tt2267998,Gone Girl,Gone Girl,"With his wife's disappearance having become the focus of an intense media circus, a man sees the spotlight turned on him when it's suspected that he may not be innocent.",2014-10-01,"['Mystery', 'Thriller', 'Drama']","['infidelity', 'based on novel or book', 'wife', 'marriage crisis', 'investigation', 'disappearance', 'psychological thriller', 'whodunit', 'cynical', 'missing person', 'search party', 'criminal lawyer', 'murder suspect', 'missing wife', 'perspective', 'manipulative woman', 'toxic relationship', 'revenge thriller', 'killed during sex', 'hate', 'controlling wife']","['Ben Affleck', 'Rosamund Pike', 'Neil Patrick Harris', 'Tyler Perry', 'Carrie Coon']",David Fincher,7.89,19913,21.6575,149,/ts996lKsxvjkO2yiYG0ht4qAicO.jpg
105,tt0088763,Back to the Future,Back to the Future,"Eighties teenager Marty McFly is accidentally sent back in time to 1955, inadvertently disrupting his parents' first meeting and attracting his mother's romantic interest. Marty must repair the damage to history by rekindling his parents' romance and - with the help of his eccentric inventor friend Doc Brown - return to 1985.",1985-07-03,"['Adventure', 'Comedy', 'Science Fiction']","['flying car', 'race against time', 'clock tower', 'car race', 'lightning', 'guitar', 'inventor', 'journey in the past', 'invention', 'time travel', 'bullying', 'mad scientist', 'love', 'fish out of water', 'terrorism', 'teenage love', 'destiny', 'burlesque', 'hidden identity', 'teenage life', 'changing the past or future', '1950s']","['Michael J. Fox', 'Christopher Lloyd', 'Crispin Glover', 'Lea Thompson', 'Claudia Wells']",Robert Zemeckis,8.3,21740,21.6363,116,/vN5B5WgYscRGcQpVhHl6p9DDTP0.jpg
77338,tt1675434,The Intouchables,Intouchables,A true story of two men who should never have met – a quadriplegic aristocrat who was injured in a paragliding accident and a young man from the projects.,2011-11-02,"['Drama', 'Comedy']","['friendship', 'male friendship', 'based on true story', 'inspiring story', 'aristocrat', 'paragliding', 'unlikely friendship', 'duringcreditsstinger', 'quadriplegic', 'quadriplegia', 'feel good', 'cheerful', 'emotional']","['François Cluzet', 'Omar Sy', 'Anne Le Ny', 'Audrey Fleurot', 'Joséphine de Meaux']",Éric Toledano,8.269,18386,21.5851,113,/1QU7HKgsQbGpzsJbJK4pAVQV9F5.jpg
104594,tt0405250,The Cave of the Silken Web,盤絲洞,"Monkey King, Pig and Friar Sand must rescue his master Buddhist monk from seven witches / spiders who believe themselves to be immortal if they eat the monk's flesh. The third part of the Shaw Brothers film series about Monkey King after the novel ""Journey to the West.""",1967-07-31,"['Fantasy', 'Adventure', 'Action', 'Music']",[],"['Chow Lung-Cheung', 'Ho Fan', 'Pang Pang', 'Tien Shun', 'Liu Liang-Hua']",Ho Meng-Hua,5.727,11,21.5702,82,/lEvNC9J2UzWc3PkptXMGcGVxSNq.jpg
875828,tt15574124,Peaky Blinders: The Immortal Man,Peaky Blinders: The Immortal Man,"After his estranged son gets embroiled in a Nazi plot, self-exiled gangster Tommy Shelby must return to Birmingham to save his family — and his nation.",2026-03-05,"['Crime', 'Drama']","['england', 'gangster', 'world war ii', 'betrayal', 'organized crime', 'period drama', 'gang warfare', '1940s', 'birmingham', 'based on tv series', 'fatalism', 'dark atmosphere', 'haunted by his demons', 'german covert operation', 'british underworld', 'wartime trauma', 'smuggling network']","['Cillian Murphy', 'Barry Keoghan', 'Rebecca Ferguson', 'Tim Roth', 'Stephen Graham']",Tom Harper,7.2,915,21.5457,112,/gRMalasZEzsZi4w2VFuYusfSfqf.jpg
1241982,tt13622970,Moana 2,Moana 2,"After receiving an unexpected call from her wayfinding ancestors, Moana journeys alongside Maui and a new crew to the far seas of Oceania and into dangerous, long-lost waters for an adventure unlike anything she's ever faced.",2024-11-21,"['Adventure', 'Animation', 'Comedy', 'Family', 'Fantasy']","['sea', 'ocean', 'villain', 'musical', 'sequel', 'coming of age', 'explorer', 'duringcreditsstinger', 'polynesia', 'seafarer', 'hopeful', 'female explorer']","['Auliʻi Cravalho', 'Dwayne Johnson', 'Hualālai Chung', 'Rose Matafeo', 'David Fane']",David G. Derrick Jr.,6.998,3053,21.4065,100,/aLVkiINlIeCkcZIzb7XHzPYgO6L.jpg
1197306,tt9150192,A Working Man,A Working Man,"Levon Cade left behind a decorated military career in the black ops to live a simple life working construction. But when his boss's daughter, who is like family to him, is taken by human traffickers, his search to bring her home uncovers a world of corruption far greater than he ever could have imagined.",2025-03-26,"['Action', 'Crime', 'Thriller']","['based on novel or book', 'kidnapping', 'vigilante', 'missing person', 'black ops', 'construction worker', 'criminal conspiracy']","['Jason Statham', 'Jason Flemyng', 'Merab Ninidze', 'Maximilian Osinski', 'Cokey Falkow']",David Ayer,6.685,1887,21.3777,116,/6FRFIogh3zFnVWn7Z6zcYnIbRcX.jpg
177572,tt2245084,Big Hero 6,Big Hero 6,"A special bond develops between plus-sized inflatable robot Baymax, and prodigy Hiro Hamada, who team up with a group of friends to form a band of high-tech heroes.",2014-10-24,"['Adventure', 'Family', 'Animation', 'Action', 'Comedy']","['friendship', 'martial arts', 'hero', 'sibling relationship', 'san francisco, california', 'superhero', 'talent', 'cartoon', 'villain', 'based on comic', 'coming of age', 'revenge', 'tokyo, japan', 'best friend', 'another dimension', 'robot', 'east asian lead', 'boy genius', 'super villain', 'aftercreditsstinger', 'villain arrested', 'supervillain', 'moral dilemma', 'teen superhero', 'dead brother', 'loving', '3d animation', 'depressing', 'hopeful']","['Scott Adsit', 'Ryan Potter', 'Daniel Henney', 'T.J. Miller', 'Jamie Chung']",Chris Williams,7.724,16542,21.3508,102,/2mxS4wUimwlLmI1xp6QW6NSU361.jpg
1156594,tt33311244,Our Fault,Culpa nuestra,"Jenna and Lion's wedding brings about the long-awaited reunion between Noah and Nick after their breakup. Nick's inability to forgive Noah stands as an insurmountable barrier. He, heir to his grandfather's businesses, and she, starting her professional life, resist fueling a flame that's still alive. But now that their paths have crossed again, will love be stronger than resentment?",2025-10-15,"['Romance', 'Drama']","['based on novel or book', 'sequel']","['Nicole Wallace', 'Gabriel Guevara', 'Gabriela Andrada', 'Marta Hazas', 'Goya Toledo']",Domingo González,7.348,658,21.3383,110,/yzqHt4m1SeY9FbPrfZ0C2Hi9x1s.jpg
552524,tt11655566,Lilo & Stitch,Lilo & Stitch,The wildly funny and touching story of a lonely Hawaiian girl and the fugitive alien who helps to mend her broken family.,2025-05-17,"['Family', 'Science Fiction', 'Comedy']","['hawaii', 'bullying', 'dysfunctional family', 'alien', 'loss of job', 'shape shifting alien', 'family', 'nostalgic', 'evil alien', 'orphan siblings', 'extraterrestrial animal', 'live action remake', 'alien spaceship', 'animal human friendship', 'advanced technology', 'hilarious', 'whimsical']","['Maia Kealoha', 'Sydney Agudong', 'Chris Sanders', 'Zach Galifianakis', 'Billy Magnussen']",Dean Fleischer Camp,7.203,2141,21.3212,108,/ckQzKpQJO4ZQDCN5evdpKcfm7Ys.jpg
290098,tt4016934,The Handmaiden,아가씨,"1930s Korea, in the period of Japanese occupation, a new girl, Sook-hee, is hired as a handmaiden to a Japanese heiress, Hideko, who lives a secluded life on a large countryside estate with her domineering Uncle Kouzuki. But the maid has a secret. She is a pickpocket recruited by a swindler posing as a Japanese Count to help him seduce the Lady to steal her fortune.",2016-06-01,"['Thriller', 'Drama', 'Romance']","['jealousy', 'based on novel or book', 'library', 'pickpocket', 'eroticism', 'con man', 'swindler', 'lesbian relationship', 'mansion', 'lust', 'lgbt', 'noblewoman', 'erotic thriller', 'con woman', '1930s', ""lady's maid"", 'handmade', 'seducer', 'japanese occupation of korea', 'lesbian', ""girls' love (gl)"", 'romantic']","['Kim Min-hee', 'Kim Tae-ri', 'Ha Jung-woo', 'Cho Jin-woong', 'Kim Hae-sook']",Park Chan-wook,8.187,4294,21.2151,145,/dLlH4aNHdnmf62umnInL8xPlPzw.jpg
8587,tt0110357,The Lion King,The Lion King,"Young lion prince Simba, eager to one day become king of the Pride Lands, grows up under the watchful eye of his father Mufasa; all the while his villainous uncle Scar conspires to take the throne for himself. Amid betrayal and tragedy, Simba must confront his past and find his rightful place in the Circle of Life.",1994-06-15,"['Animation', 'Family', 'Drama']","['father murder', 'loss of loved one', 'africa', 'lion', 'cartoon', 'manipulation', 'villain', 'redemption', 'musical', 'uncle', 'coming of age', 'murder', 'shaman', 'king', 'animals', 'nature', 'father son relationship', 'inspirational', 'epic']","['Matthew Broderick', 'Moira Kelly', 'Nathan Lane', 'Ernie Sabella', 'James Earl Jones']",Roger Allers,8.3,19642,21.1192,89,/sKCr78MXSLixwmZ8DyJLrpMsd15.jpg
315635,tt2250912,Spider-Man: Homecoming,Spider-Man: Homecoming,"Following the events of Captain America: Civil War, Peter Parker, with the help of his mentor Tony Stark, tries to balance his life as an ordinary high school student in Queens, New York City, with fighting crime as his superhero alter ego Spider-Man as a new threat, the Vulture, emerges.",2017-07-05,"['Action', 'Adventure', 'Science Fiction']","['high school', 'new york city', 'washington dc, usa', 'secret identity', 'superhero', 'based on comic', 'reboot', 'aftercreditsstinger', 'duringcreditsstinger', 'marvel cinematic universe (mcu)', 'masked superhero', 'teen superhero']","['Tom Holland', 'Michael Keaton', 'Robert Downey Jr.', 'Marisa Tomei', 'Jon Favreau']",Jon Watts,7.3,23118,21.0973,133,/c24sv2weTHPsmDa7jEMN0m2P3RT.jpg
617126,tt10676052,The Fantastic 4: First Steps,The Fantastic 4: First Steps,"Against the vibrant backdrop of a 1960s-inspired, retro-futuristic world, Marvel's First Family is forced to balance their roles as heroes with the strength of their family bond, while defending Earth from a ravenous space god called Galactus and his enigmatic Herald, Silver Surfer.",2025-07-23,"['Science Fiction', 'Adventure', 'Action']","['strong woman', 'saving the world', 'superhero', 'based on comic', 'end of the world', 'super power', 'superhero team', 'alternative reality', 'aftercreditsstinger', 'duringcreditsstinger', 'marvel cinematic universe (mcu)', 'silver surfer', '1960s', 'retrofuturism', 'awestruck', 'team dynamics', 'power awakening', 'planet devourer', 'cosmic entity']","['Pedro Pascal', 'Vanessa Kirby', 'Ebon Moss-Bachrach', 'Joseph Quinn', 'Ralph Ineson']",Matt Shakman,6.961,3311,21.094,115,/abqOz6EL3yXyOOafCPZxjL1M5bQ.jpg
216015,tt2322441,Fifty Shades of Grey,Fifty Shades of Grey,"When college senior Anastasia Steele steps in for her sick roommate to interview prominent businessman Christian Grey for their campus paper, little does she realize the path her life will take. Christian, as enigmatic as he is rich and powerful, finds himself strangely drawn to Ana, and she to him. Though sexually inexperienced, Ana plunges headlong into an affair -- and learns that Christian's true sexual proclivities push the boundaries of pain and pleasure.",2015-02-11,"['Drama', 'Romance', 'Thriller']","['bad smell', 'based on novel or book', 'eroticism', 'perversion', 'spanking', 'billionaire', 'rich', 'bdsm', 'woman director', 'baffled']","['Dakota Johnson', 'Jamie Dornan', 'Jennifer Ehle', 'Eloise Mumford', 'Victor Rasuk']",Sam Taylor-Johnson,5.869,12360,21.0891,125,/63kGofUkt1Mx0SIL4XI4Z5AoSgt.jpg
1078605,tt26581740,Weapons,Weapons,"When all but one child from the same class mysteriously vanish on the same night at exactly the same time, a community is left questioning who or what is behind their disappearance.",2025-08-04,"['Horror', 'Mystery']","['witch', 'small town', 'pennsylvania, usa', 'ritual', 'junkie', 'teacher', 'trance', 'witchcraft', 'clown makeup', 'multiple storylines', 'bullied', 'dark fairy tale', 'unstable cop', 'supernatural horror', 'mysterious disappearance', 'spell', 'psychological horror', 'mystery', 'evil aunt', 'missing children']","['Julia Garner', 'Josh Brolin', 'Alden Ehrenreich', 'Austin Abrams', 'Benedict Wong']",Zach Cregger,7.254,3347,21.0861,129,/cpf7vsRZ0MYRQcnLWteD5jK9ymT.jpg
9312,tt0113855,Mortal Kombat,Mortal Kombat,"For nine generations an evil sorcerer has been victorious in hand-to-hand battle against his mortal enemies. If he wins a tenth Mortal Kombat tournament, desolation and evil will reign over the multiverse forever. To save Earth, three warriors must overcome seemingly insurmountable odds, their own inner demons, and superhuman foes.",1995-08-18,"['Action', 'Fantasy']","['island', 'martial arts', 'monster', 'saving the world', 'magic', 'villain', 'gore', 'god', 'alternate dimension', 'ninja', 'sorcerer', 'tournament', 'underground fighting', 'based on video game', 'ghost', 'nostalgic', 'hand to hand combat', 'warrior', 'action hero', 'supernatural power', 'mortal kombat', 'good versus evil']","['Robin Shou', 'Cary-Hiroyuki Tagawa', 'Linden Ashby', 'Bridgette Wilson-Sampras', 'Christopher Lambert']",Paul W. S. Anderson,5.884,2524,21.064,101,/fcK7tzSSXMYiMN8E9KlZJL1BYyp.jpg
64641,tt0072062,Monika,La ragazzina,"Monika is young, beautiful and a virgin. She is only 16 years old, and, beside getting the attention of all her classmates, she also attracts older men. She has a relationship with a boy, Leo, but she doesn't know that he uses to pimp the girls he seduces to rich businessmen. One of Leo's client befriends Monika and becomes so obsessed that he pays Leo to get her. But Monika turns her attention to her art professor, unknowing that he too has his secrets.",1974-02-28,"['Romance', 'Drama']","['prostitution', 'voyeurism', 'erotic movie']","['Gloria Guida', 'Colette Descombes', 'Andrés Resino', 'Gianluigi Chirizzi', 'Paolo Carlini']",Mario Imperoli,4.7,20,21.0335,93,/y8Byo8Mwd1a9JwISWLYR0zVxA5.jpg
878667,tt14156154,Chal Mera Putt 3,ਚਲ ਮੇਰਾ ਪੁੱਟ 3,"Chal Mera Putt 3 revolves around the lives of illegal immigrants in UK, their friendship and their constant struggle of finding a home away from home.",2021-10-01,"['Comedy', 'Drama']",[],"['Amrinder Gill', 'Simi Chahal', 'Nasir Chinyoti', 'Gurshabad Singh', 'Rubi Anam']",Janjot Singh,6.0,2,21.009,130,/vhlwENeB4bDPl1YeSiPLNfDAJnz.jpg
454639,tt0427340,Masters of the Universe,Masters of the Universe,"After being separated for 15 years, the Sword of Power leads Prince Adam back to Eternia, where he discovers his home shattered under the fiendish rule of Skeletor. To save his family and his world, Adam must join forces with his closest allies, Teela and Duncan/Man-At-Arms, and embrace his true destiny as He-Man — the most powerful man in the universe.",2026-06-03,"['Action', 'Fantasy', 'Science Fiction']","['skeleton', 'superhero', 'alien planet', 'based on toy', 'super power', 'sword and planet', 'sword and sorcery']","['Nicholas Galitzine', 'Camila Mendes', 'Alison Brie', 'James Purefoy', 'Morena Baccarin']",Travis Knight,0.0,0,21.0051,132,/1iaoDCWAM5C1kvlmIiCrLUE16uM.jpg
674,tt0330373,Harry Potter and the Goblet of Fire,Harry Potter and the Goblet of Fire,"When his name emerges from the Goblet of Fire, Harry Potter becomes a competitor in a grueling battle for glory among three wizarding schools—the Triwizard Tournament. But since Harry never submitted his name for the Tournament, who did? Now Harry must confront a deadly dragon, fierce water demons, and an enchanted maze only to find himself in the cruel grasp of He Who Must Not Be Named.",2005-11-16,"['Adventure', 'Fantasy']","['witch', 'dying and death', 'based on novel or book', 'magic', 'boarding school', 'world cup', 'maze', 'mermaid', 'school of witchcraft', 'black magic', 'chosen one', 'sequel', 'vision', 'school', 'tournament', 'dragon', 'ghost', 'wizard', 'teenage hero', 'christmas', 'based on young adult novel', 'teen adventure', 'dramatic', 'teen fantasy']","['Daniel Radcliffe', 'Rupert Grint', 'Emma Watson', 'Brendan Gleeson', 'Michael Gambon']",Mike Newell,7.801,22104,21.0031,157,/fECBtHlr0RB3foNHDiCBXeg9Bv9.jpg
1726,tt0371746,Iron Man,Iron Man,"After being held captive in an Afghan cave, billionaire engineer Tony Stark creates a unique weaponized suit of armor to fight evil.",2008-04-30,"['Action', 'Science Fiction', 'Adventure']","['middle east', 'kidnapping', 'superhero', 'arms dealer', 'based on comic', 'aftercreditsstinger', 'marvel cinematic universe (mcu)', 'counterterrorism']","['Robert Downey Jr.', 'Terrence Howard', 'Jeff Bridges', 'Gwyneth Paltrow', 'Leslie Bibb']",Jon Favreau,7.7,28070,20.9304,126,/78lPtwv72eTNqFW9COBYI0dWDJa.jpg
76600,tt1630029,Avatar: The Way of Water,Avatar: The Way of Water,"Set more than a decade after the events of the first film, learn the story of the Sully family (Jake, Neytiri, and their kids), the trouble that follows them, the lengths they go to keep each other safe, the battles they fight to stay alive, and the tragedies they endure.",2022-12-14,"['Action', 'Adventure', 'Science Fiction']","['dying and death', 'loss of loved one', 'alien life-form', 'resurrection', 'dysfunctional family', 'sequel', 'alien planet', 'distant future', 'transhumanism', 'adopted child', 'rebirth', 'family dynamics', 'adopted son', 'stronger villain', 'complex', 'war', 'intense', 'bold', 'complicated', 'demeaning', 'exhilarated']","['Sam Worthington', 'Zoe Saldaña', 'Sigourney Weaver', 'Stephen Lang', 'Kate Winslet']",James Cameron,7.592,14077,20.9242,192,/t6HIqrRAclMCA60NsSmeqe9RmNV.jpg
1476740,tt36833584,Influencers,Influencers,"In the picturesque landscapes of Southern France, a young woman's chilling fascination with murder and identity theft sends her life into a whirlwind of chaos.",2025-07-26,"['Horror', 'Thriller']","['revenge', 'serial killer', 'slasher', 'violent death', 'bali', 'identity theft', 'murder mystery', 'social media influencer', 'casual', 'south of france']","['Cassandra Naud', 'Emily Tennant', 'Georgina Campbell', 'Lisa Delamar', 'Jonathan Whitesell']",Kurtis David Harder,6.5,87,20.8803,110,/nRdjGDxBW60OhzjAtikLgQBwt3B.jpg
1054867,tt30144839,One Battle After Another,One Battle After Another,"Washed-up revolutionary Bob exists in a state of stoned paranoia, surviving off-grid with his spirited, self-reliant daughter, Willa. When his evil nemesis resurfaces after 16 years and she goes missing, the former radical scrambles to find her, father and daughter both battling the consequences of his past.",2025-09-23,"['Thriller', 'Crime', 'Comedy']","['rebellion', 'based on novel or book', 'resistance', 'usa–mexico border', 'riot', 'interracial relationship', 'on the run', 'xenophobia', 'aftercreditsstinger', 'missing daughter', 'white supremacy', 'anti-fascism', 'father daughter relationship', 'revolutionaries', 'african american', 'anti-racism', 'immigration detention center']","['Leonardo DiCaprio', 'Sean Penn', 'Chase Infiniti', 'Benicio del Toro', 'Regina Hall']",Paul Thomas Anderson,7.366,3647,20.851,162,/lbBWwxBht4JFP5PsuJ5onpMqugW.jpg
385687,tt5433140,Fast X,Fast X,"Over many missions and against impossible odds, Dom Toretto and his family have outsmarted, out-nerved and outdriven every foe in their path. Now, they confront the most lethal opponent they've ever faced: A terrifying threat emerging from the shadows of the past who's fueled by blood revenge, and who is determined to shatter this family and destroy everything—and everyone—that Dom loves, forever.",2023-05-17,"['Action', 'Crime', 'Thriller']","['sequel', 'revenge', 'betrayal', 'racing', 'family', 'cliffhanger', 'cars', 'bold', 'brisk', 'forceful']","['Vin Diesel', 'Michelle Rodriguez', 'Tyrese Gibson', 'Ludacris', 'John Cena']",Louis Leterrier,6.996,6298,20.8088,142,/fiVW06jE7z9YnO4trhaMEdclSiC.jpg
198663,tt1790864,The Maze Runner,The Maze Runner,"A teenager with no memory of his past finds himself among a group of boys living in a walled enclosure surrounded by a massive, ever-changing maze. As he struggles to adapt to their rules and society, he begins to uncover clues that may lead to escape and the truth behind their confinement.",2014-09-10,"['Action', 'Mystery', 'Science Fiction', 'Thriller']","['based on novel or book', 'escape', 'dystopia', 'maze', 'post-apocalyptic future', 'memory loss', 'trapped', 'based on young adult novel', 'labirinto']","[""Dylan O'Brien"", 'Kaya Scodelario', 'Thomas Brodie-Sangster', 'Ki Hong Lee', 'Will Poulter']",Wes Ball,7.189,18061,20.8018,113,/ode14q7WtDugFDp78fo9lCsmay9.jpg
122917,tt2310332,The Hobbit: The Battle of the Five Armies,The Hobbit: The Battle of the Five Armies,"Following Smaug's attack on Laketown, Bilbo and the dwarves try to defend Erebor's mountain of treasure from others who claim it: the men of the ruined Laketown and the elves of Mirkwood. Meanwhile an army of Orcs led by Azog the Defiler is marching on Erebor, fueled by the rise of the dark lord Sauron. Dwarves, elves and men must unite, and the hope for Middle-Earth falls into Bilbo's hands.",2014-12-10,"['Action', 'Adventure', 'Fantasy']","['gold', 'corruption', 'based on novel or book', 'elves', 'dwarf', 'mine', 'mountain', 'sequel', 'troll', 'dragon', 'battle', 'unlikely friendship', 'fantasy world', 'wizard', 'epic battle', 'ring', 'invisibility', 'live action and animation', 'high fantasy', 'sword and sorcery', 'dreary', 'good versus evil', 'armies']","['Ian McKellen', 'Martin Freeman', 'Richard Armitage', 'Orlando Bloom', 'Evangeline Lilly']",Peter Jackson,7.333,15315,20.7147,144,/xT98tLqatZPQApyRmlPL12LtiWp.jpg
949,tt0113277,Heat,Heat,Obsessive master thief Neil McCauley leads a top-notch crew on various daring heists throughout Los Angeles while determined detective Vincent Hanna pursues him without rest. Each man recognizes and respects the ability and the dedication of the other even though they are aware their cat-and-mouse game may end in violence.,1995-12-15,"['Crime', 'Drama', 'Action']","['robbery', 'chase', 'obsession', 'detective', 'heist', 'remake', 'thief', 'honor', 'murder', 'betrayal', 'gang', 'los angeles, california', 'cat and mouse', 'bank robbery', 'criminal mastermind', 'cynical', 'ex-con', 'one last job', 'loner', 'bank job', 'neo-noir', 'crime epic', 'antagonistic', 'assertive', 'authoritarian', 'bold']","['Al Pacino', 'Robert De Niro', 'Val Kilmer', 'Jon Voight', 'Tom Sizemore']",Michael Mann,7.934,8306,20.6903,170,/e09dLw1Ljtccd2P4NsuUvVtS5du.jpg
18240,tt1041829,The Proposal,The Proposal,"When she learns she's in danger of losing her visa status and being deported, overbearing book editor Margaret Tate forces her put-upon assistant, Andrew Paxton, to marry her.",2009-06-02,"['Comedy', 'Romance', 'Drama']","['new york city', 'marriage proposal', 'blackmail', 'ex-girlfriend', 'assistant', 'deportation', 'immigration law', 'romcom', 'alaska', 'fish out of water', 'humiliation', 'book editor', 'green card', 'employer employee relationship', 'duringcreditsstinger', 'woman director', 'publishing house', 'pretend relationship', 'rich family', 'father son conflict', 'tyrannical boss', 'enemies to lovers', 'hilarious', 'fake fiancé', 'romantic', 'amused', ""grandmother's birthday""]","['Sandra Bullock', 'Ryan Reynolds', 'Malin Åkerman', 'Craig T. Nelson', 'Mary Steenburgen']",Anne Fletcher,7.145,7445,20.6774,108,/6stnAm1wSek8ZrislwK4xGTyCnt.jpg
514847,tt8244784,The Hunt,The Hunt,"Twelve strangers wake up in a clearing. They don't know where they are—or how they got there. In the shadow of a dark internet conspiracy theory, ruthless elitists gather at a remote location to hunt humans for sport. But their master plan is about to be derailed when one of the hunted turns the tables on her pursuers.",2020-03-11,"['Action', 'Thriller', 'Horror']","['dark comedy', 'gore', 'satire', 'survival', 'murder', 'survival horror', 'political', 'death game']","['Betty Gilpin', 'Hilary Swank', 'Ethan Suplee', 'Teri Wyble', 'Ike Barinholtz']",Craig Zobel,6.644,3625,20.6656,90,/wxPhn4ef1EAo5njxwBkAEVrlJJG.jpg
1087192,tt26743210,How to Train Your Dragon,How to Train Your Dragon,"On the rugged isle of Berk, where Vikings and dragons have been bitter enemies for generations, Hiccup stands apart, defying centuries of tradition when he befriends Toothless, a feared Night Fury dragon. Their unlikely bond reveals the true nature of dragons, challenging the very foundations of Viking society.",2025-06-06,"['Fantasy', 'Family', 'Action', 'Adventure']","['flying', 'vikings (norsemen)', 'remake', 'dragon', 'battle', 'warrior', 'live action remake', 'reminiscent']","['Mason Thames', 'Nico Parker', 'Gerard Butler', 'Nick Frost', 'Gabriel Howell']",Dean DeBlois,7.93,2790,20.6492,125,/41dfWUWtg1kUZcJYe6Zk6ewxzMu.jpg
1321179,tt38626703,The King's Warden,왕과 사는 남자,"In a remote mountain village of 15th-century Joseon, humble headman Heung-do hears a rumor that any village hosting an exiled nobleman will be blessed with abundance and fortune. Hoping to bring prosperity to his impoverished community, he eagerly submits a petition to host one—unaware that his guest is none other than the fallen monarch, deposed boy-king Danjong.",2026-02-04,"['History', 'Drama']","[""coup d'etat"", 'exile', 'based on true story', 'king', 'period drama', 'middle ages (476-1453)', 'historical drama', 'depose', 'nobleman', '15th century', 'joseon dynasty (1392–1910)', 'based on real person', 'the gyeyu rebellion']","['Yoo Hai-jin', 'Park Ji-hoon', 'Yoo Ji-tae', 'Jeon Mi-do', 'Kim Min']",Chang Hang-jun,7.094,16,20.6421,117,/3CnVA1jAA64Q3qNVAW8DekCu19b.jpg
1446616,tt36118360,Tu Yaa Main,तू या मैं,"A wannabe rapper from the outskirts of Mumbai and an affluent influencer elope to a coastal town, only to find themselves trapped in the pool of a derelict resort fighting for survival against the wrath of a ferocious crocodile.",2026-02-11,"['Thriller', 'Romance']","['hip-hop', 'rapper', 'creature feature', 'based on movie', 'content creators', 'survival thriller', 'official adaptation']","['Adarsh Gourav', 'Shanaya Kapoor', 'Kshitee Jog', 'Parul Gulati', 'Ansh Chopra']",Bejoy Nambiar,6.5,36,20.5928,145,/nUPnA0I1MTaZRVCsUQc5DS5JA8W.jpg
858024,tt14905854,Hamnet,Hamnet,"The powerful story of love and loss that inspired the creation of Shakespeare's timeless masterpiece, Hamlet.",2025-11-26,"['Drama', 'Romance', 'History']","['based on novel or book', 'grief', 'historical fiction', 'death in family', 'motherhood', 'woman director', '16th century', 'period film', 'based on real person', 'best picture nominee', 'oscar winner']","['Jessie Buckley', 'Paul Mescal', 'Emily Watson', 'Joe Alwyn', 'Jacobi Jupe']",Chloé Zhao,7.7,1317,20.572,125,/zIcd6yuBucRNof5t9KVuGBHIhXU.jpg
10138,tt1228705,Iron Man 2,Iron Man 2,"With the world now aware of his dual life as the armored superhero Iron Man, billionaire inventor Tony Stark faces pressure from the government, the press and the public to share his technology with the military. Unwilling to let go of his invention, Stark, with Pepper Potts and James 'Rhodey' Rhodes at his side, must forge new alliances – and confront powerful enemies.",2010-04-28,"['Adventure', 'Action', 'Science Fiction']","['technology', 'superhero', 'malibu', 'based on comic', 'sequel', 'revenge', 'aftercreditsstinger', 'marvel cinematic universe (mcu)', 'break out', 'irreverent']","['Robert Downey Jr.', 'Gwyneth Paltrow', 'Don Cheadle', 'Scarlett Johansson', 'Sam Rockwell']",Jon Favreau,6.9,22330,20.5615,124,/6WBeq4fCfn7AN0o21W9qNcRF2l9.jpg
58,tt0383574,Pirates of the Caribbean: Dead Man's Chest,Pirates of the Caribbean: Dead Man's Chest,"Captain Jack Sparrow’s got a blood debt to pay: he owes his soul to the legendary Davy Jones, ghastly Ruler of the Ocean Depths. To escape eternal servitude aboard the Flying Dutchman, ever-crafty Jack must track down the still-beating heart of Jones. But he won’t do it alone: Will Turner and Elizabeth Swann are drawn back into another one of his perilous quests—assuming they can evade execution for aiding a pirate.",2006-07-06,"['Adventure', 'Fantasy', 'Action']","['witch', 'daughter', 'ship', 'exotic island', 'bondage', 'monster', 'fortune teller', 'compass', 'sword fight', 'pirate', 'cannibal', 'swashbuckler', 'kraken', 'aftercreditsstinger', 'based on theme park ride', 'witty']","['Johnny Depp', 'Orlando Bloom', 'Keira Knightley', 'Jack Davenport', 'Bill Nighy']",Gore Verbinski,7.376,17103,20.5359,151,/uXEqmloGyP7UXAiphJUu2v2pcuE.jpg
939243,tt18259086,Sonic the Hedgehog 3,Sonic the Hedgehog 3,"Sonic, Knuckles, and Tails reunite against a powerful new adversary, Shadow, a mysterious villain with powers unlike anything they have faced before. With their abilities outmatched in every way, Team Sonic must seek out an unlikely alliance in hopes of stopping Shadow and protecting the planet.",2024-12-19,"['Action', 'Science Fiction', 'Comedy', 'Family']","['moon', 'sequel', 'based on video game', 'psychotic', 'dual role', 'aftercreditsstinger', 'duringcreditsstinger', 'hedgehog', 'live action and animation', 'complex', 'grandfather grandson relationship', 'animal human friendship', 'anthropomorphic animal']","['Jim Carrey', 'Ben Schwartz', 'Keanu Reeves', 'Idris Elba', ""Colleen O'Shaughnessey""]",Jeff Fowler,7.6,3260,20.3941,110,/d8Ryb8AunYAuycVKDp5HpdWPKgC.jpg
1387382,tt32537226,Hunting Season,Hunting Season,"When a reclusive survivalist and his daughter rescue a mysterious, wounded woman from a river, they become entangled in a deadly web of violence and revenge, forcing them to confront a brutal criminal to survive.",2025-12-05,"['Action', 'Drama', 'Thriller']",[],"['Mel Gibson', 'Shelley Hennig', 'Jordi Mollà', 'Sofia Hublitz', 'A.J. Buckley']",Raja Collins,6.864,209,20.3924,93,/cbryTyaWdqrKpQCw6K7zm2jrB5v.jpg
1122573,tt27681354,In the Grey,In the Grey,"A covert team of elite operatives are living in the shadows. When a ruthless despot steals a billion-dollar fortune, they're sent to take it back—an impossible heist that erupts into a deadly game of strategy, deception and survival.",2026-05-13,"['Action', 'Thriller']",[],"['Henry Cavill', 'Jake Gyllenhaal', 'Rosamund Pike', 'Eiza González', 'Fisher Stevens']",Guy Ritchie,6.6,15,20.3674,98,/dQgIcW6Th08kMRf2HBoYWoFE6OD.jpg
541671,tt7181546,Ballerina,Ballerina,"Taking place during the events of John Wick: Chapter 3 – Parabellum, Eve Macarro begins her training in the assassin traditions of the Ruska Roma.",2025-06-04,"['Action', 'Thriller', 'Crime']","['assassin', 'tattoo', 'grenade', 'austria', 'training', 'female protagonist', 'female assassin', 'spin off', 'flamethrower', 'burning', 'hunted', 'burning building', 'ballerina', 'gun fight', 'vengeance', 'knocked unconscious', 'sisters', 'brutal violence']","['Ana de Armas', 'Keanu Reeves', 'Ian McShane', 'Anjelica Huston', 'Gabriel Byrne']",Len Wiseman,7.234,2569,20.3212,125,/2VUmvqsHb6cEtdfscEA6fqqVzLg.jpg
22,tt0325980,Pirates of the Caribbean: The Curse of the Black Pearl,Pirates of the Caribbean: The Curse of the Black Pearl,"When wily pirate Captain Barbossa seizes Jack Sparrow’s beloved ship, the Black Pearl, and kidnaps the governor’s daughter, Elizabeth Swann, blacksmith Will Turner reluctantly teams up with the unpredictable pirate Jack to rescue her—only to uncover a terrifying curse that turns Barbossa’s crew into the undead.",2003-07-09,"['Adventure', 'Fantasy', 'Action']","['blacksmith', 'gold', 'exotic island', 'governor', 'skeleton', 'jamaica', 'british empire', 'pirate', 'swashbuckler', '18th century', 'caribbean sea', 'aftercreditsstinger', 'pirate ship', 'british navy', 'tortuga', 'based on theme park ride', 'hilarious', 'brisk']","['Johnny Depp', 'Geoffrey Rush', 'Orlando Bloom', 'Keira Knightley', 'Jack Davenport']",Gore Verbinski,7.821,22167,20.3192,143,/kvDwL2gTf6yxujbsWbsGQB3Z9Wa.jpg
280,tt0103064,Terminator 2: Judgment Day,Terminator 2: Judgment Day,"Ten years after the events of the original, a reprogrammed T-800 is sent back in time to protect young John Connor from the shape-shifting T-1000. Together with his mother Sarah, he fights to stop Skynet from triggering a nuclear apocalypse.",1991-07-03,"['Action', 'Thriller', 'Science Fiction']","['man vs machine', 'cyborg', 'shotgun', 'dystopia', 'moral ambiguity', 'post-apocalyptic future', 'villain', 'time travel', 'mental institution', 'juvenile delinquent', 'fictional war', 'urban setting', 'troubled teen', 'morphing', 'nuclear weapons', 'shape shifter', 'savior', 'catch phrase', 'action hero', 'good versus evil', 'suspenseful', 'artificial intelligence']","['Arnold Schwarzenegger', 'Linda Hamilton', 'Edward Furlong', 'Robert Patrick', 'Earl Boen']",James Cameron,8.147,14230,20.3151,137,/jFTVD4XoWQTcg7wdyJKa8PEds5q.jpg
101,tt0110413,Léon: The Professional,Léon,"Léon, the top hit man in New York, has earned a rep as an effective ""cleaner"". But when his next-door neighbors are wiped out by a loose-cannon DEA agent, he becomes the unwilling custodian of 12-year-old Mathilda. Before long, Mathilda's thoughts turn to revenge, and she considers following in Léon's footsteps.",1994-09-14,"['Crime', 'Drama', 'Action']","['hotel room', 'new york city', 'immigrant', 'assassin', 'police brutality', 'corruption', 's.w.a.t.', 'hitman', 'loss of loved one', 'gangster', 'training', 'revenge', 'murder', 'loneliness', 'neighbor', 'tragic love', 'city life', 'neo-noir', 'complex relationship', 'suspenseful', 'tense']","['Jean Reno', 'Natalie Portman', 'Gary Oldman', 'Danny Aiello', 'Peter Appel']",Luc Besson,8.3,16056,20.3139,111,/bxB2q91nKYp8JNzqE7t7TWBVupB.jpg
1455079,tt36352591,"You, Me & Tuscany","You, Me & Tuscany","When a woman crashes at an empty Italian villa, posing as the owner's fiancée, she discovers an unexpected romance that could transform her life.",2026-04-09,"['Romance', 'Comedy']","['villa', 'italy', 'vineyard', 'cousin', 'romcom', 'squatter', 'tuscany, italy', 'female chef']","['Halle Bailey', 'Regé-Jean Page', 'Marco Calvani', 'Lorenzo de Moor', 'Aziza Scott']",Kat Coiro,6.469,32,20.294,105,/mJS0IF7Af3WpPRhSTDT6rGpiLzw.jpg
106646,tt0993846,The Wolf of Wall Street,The Wolf of Wall Street,"A New York stockbroker refuses to cooperate in a large securities fraud case involving corruption on Wall Street, corporate banking world and mob infiltration. Based on Jordan Belfort's autobiography.",2013-12-25,"['Crime', 'Drama', 'Comedy']","['corruption', 'based on novel or book', 'drug addiction', 'anti hero', 'con man', 'fraud', 'wall street', 'biography', 'based on true story', 'rise and fall', 'con artist', 'money', 'stockbroker', 'wealthy', 'drugs', 'cynical', 'stripping', 'hedonism', 'decadence', 'corrupt', '1980s', 'sharemarket fraud', 'desire for fame', 'financial market', 'fame-seeking', 'black monday', 'hilarious', 'intense', 'based on real person', 'financial drama']","['Leonardo DiCaprio', 'Jonah Hill', 'Margot Robbie', 'Matthew McConaughey', 'Kyle Chandler']",Martin Scorsese,8.027,25858,20.2498,180,/kW9LmvYHAaS9iA0tHmZVq8hQYoq.jpg
72190,tt0816711,World War Z,World War Z,"Life for former United Nations investigator Gerry Lane and his family seems content. Suddenly, the world is plagued by a mysterious infection turning whole human populations into rampaging mindless zombies. After barely escaping the chaos, Lane is persuaded to go on a mission to investigate this disease. What follows is a perilous trek around the world where Lane must brave horrific dangers and long odds to find answers before human civilization falls.",2013-06-19,"['Action', 'Horror', 'Science Fiction', 'Thriller']","['philadelphia, pennsylvania', 'new jersey', 'based on novel or book', 'dystopia', 'jerusalem', 'end of the world', 'apocalypse', 'zombie', 'epidemic', 'nuclear weapons', 'multiple perspectives', 'zombie apocalypse', 'virus']","['Brad Pitt', 'Mireille Enos', 'Daniella Kertesz', 'James Badge Dale', 'Ludi Boeken']",Marc Forster,6.828,16492,20.2478,116,/aCnVdvExw6UWSeQfr0tUH3jr4qG.jpg
1646787,tt39715014,Sundutan,Sundutan,"A hole on the wall accidentally connects two women emotionally and physically. Forbidden love, greed, betrayal... what lies beyond the hole? And for how long can they keep covering it up?",2026-03-06,['Drama'],['sexy'],"['Allison Ross', 'Jade Esguerra', 'Mark Dionisio', 'Zia Zamora', 'Primo Angeles']",Rodante Pajemna Jr.,4.0,1,20.1871,70,/2neZgVuY7prWIak5hhNKT53Hk0N.jpg
1062722,tt1312221,Frankenstein,Frankenstein,"Dr. Victor Frankenstein, a brilliant but egotistical scientist, brings a creature to life in a monstrous experiment that ultimately leads to the undoing of both the creator and his tragic creation.",2025-10-17,"['Drama', 'Fantasy', 'Horror']","['monster', 'based on novel or book', 'supernatural', 'identity crisis', 'surgeon', 'mad scientist', 'reanimation', 'gothic horror', 'father son relationship', 'mother son relationship', 'frankenstein', 'excited', 'tragic creature', 'moral transgression', 'forbidden science', 'unnatural life']","['Oscar Isaac', 'Jacob Elordi', 'Christoph Waltz', 'Mia Goth', 'Felix Kammerer']",Guillermo del Toro,7.644,3411,20.018,150,/g4JtvGlQO7DByTI6frUobqvSL3R.jpg
12153,tt0381707,White Chicks,White Chicks,"Two FBI agent brothers, Marcus and Kevin Copeland, accidentally foil a drug bust. To avoid being fired they accept a mission escorting a pair of socialites to the Hamptons--but when the girls are disfigured in a car accident, they refuse to go. Left without options, Marcus and Kevin decide to pose as the sisters, transforming themselves from black men into rich European-American women.",2004-06-23,"['Comedy', 'Crime']","['undercover', 'kidnapping', 'fbi', 'auction', 'nightclub', 'sleepover', 'cross dressing', 'car accident', 'shopping', 'news reporter', 'impersonation', 'high society', 'fashion show', 'buddy cop', 'basketball player', 'socialite party', 'dance-off', 'hamptons', 'jealous wife', 'dumb blonde', 'brothers', 'amused', 'runway', 'fbi operation', 'drug bust']","['Shawn Wayans', 'Marlon Wayans', 'Frankie Faison', 'Terry Crews', 'Faune Chambers Watkins']",Keenen Ivory Wayans,6.933,4501,20.0062,109,/aHTUpo45qy9QYIOnVITGGqLoVcA.jpg
12,tt0266543,Finding Nemo,Finding Nemo,"Nemo, an adventurous young clownfish, is unexpectedly taken from his Great Barrier Reef home to a dentist's office aquarium. It's up to his worrisome father Marlin and a friendly but forgetful fish Dory to bring Nemo home -- meeting vegetarian sharks, surfer dude turtles, hypnotic jellyfish, hungry seagulls, and more along the way.",2003-05-30,"['Animation', 'Family', 'Adventure']","['fish', 'sydney, australia', 'parent child relationship', 'anthropomorphism', 'harbor', 'underwater', 'shark', 'pelican', 'fish tank', 'great barrier reef', 'sea turtle', 'missing child', 'aftercreditsstinger', 'duringcreditsstinger', 'short-term memory loss', 'clownfish', 'father son reunion', 'protective father', 'playful', 'sympathetic']","['Albert Brooks', 'Ellen DeGeneres', 'Alexander Gould', 'Willem Dafoe', 'Geoffrey Rush']",Andrew Stanton,7.818,20504,19.989,100,/5lc6nQc0VhWFYFbNv016xze8Jvy.jpg
138843,tt1457767,The Conjuring,The Conjuring,"Paranormal investigators Ed and Lorraine Warren work to help a family terrorized by a dark presence in their farmhouse. Forced to confront a powerful entity, the Warrens find themselves caught in the most terrifying case of their lives.",2013-07-18,"['Horror', 'Thriller']","['sibling relationship', '1970s', 'cellar', 'exorcism', 'haunted house', 'possession', 'rhode island', 'based on true story', 'paranormal investigation', 'crucifix', 'ghost', 'demonic', 'demonic spirit', 'demonology', 'psychic vision', 'malevolent spirit']","['Vera Farmiga', 'Patrick Wilson', 'Lili Taylor', 'Ron Livingston', 'Hayley McFarland']",James Wan,7.5,12675,19.9603,112,/wVYREutTvI2tmxr6ujrHT704wGF.jpg
1193501,tt29550683,Whistle,Whistle,"A misfit group of unwitting high school students stumble upon a cursed object, an ancient Aztec Death Whistle. They discover that blowing the whistle and the terrifying sound it emits will summon their future deaths to hunt them down.",2026-01-20,"['Horror', 'Mystery']","['high school', 'grave', 'evil spirit', 'school', 'death', 'whistle', 'based on short story', 'supernatural horror', 'cautionary', 'cursed object', 'teen horror', 'horror', 'straightforward']","['Dafne Keen', 'Sophie Nélisse', 'Sky Yang', 'Jhaleil Swaby', 'Alissa Skovbye']",Corin Hardy,6.314,370,19.9384,100,/hFI1BKwkCVXRIBdjshL6EHmovJ3.jpg
1228246,tt30274401,Five Nights at Freddy's 2,Five Nights at Freddy's 2,"One year since the supernatural nightmare at Freddy Fazbear's Pizza, the stories about what transpired there have been twisted into a campy local legend, inspiring the town's first ever Fazfest. With the truth kept from her, Abby sneaks out to reconnect with Freddy, Bonnie, Chica, and Foxy, setting into motion a terrifying series of events that will reveal dark secrets about the real origin of Freddy's, and unleash a decades-hidden horror.",2025-12-03,"['Horror', 'Thriller']","['killer robot', 'pizzeria', 'sequel', 'serial killer', 'security guard', 'based on video game', 'theme park', 'dead children', 'aftercreditsstinger', 'duringcreditsstinger', 'haunted attractions', 'night guard', 'animatronic', 'possessed doll', 'supernatural horror', 'ghost child', 'slasher horror', 'android horror']","['Josh Hutcherson', 'Piper Rubio', 'Elizabeth Lail', 'Matthew Lillard', 'Freddy Carter']",Emma Tammi,6.671,925,19.9234,104,/udAxQEORq2I5wxI97N2TEqdhzBE.jpg
863,tt0120363,Toy Story 2,Toy Story 2,"Andy heads off to Cowboy Camp, leaving his toys to their own devices. Things shift into high gear when an obsessive toy collector named Al McWhiggen, owner of Al's Toy Barn kidnaps Woody. Andy's toys mount a daring rescue mission, Buzz Lightyear meets his match and Woody has to decide where he and his heart truly belong.",1999-10-30,"['Animation', 'Comedy', 'Family']","['friendship', 'airplane', 'museum', 'prosecution', 'identity crisis', 'villain', 'flea market', 'collector', 'sequel', 'buddy', 'rescue team', 'prospector', 'garage sale', 'duringcreditsstinger', 'toy comes to life', 'personification', 'inanimate objects come to life', 'cheerful']","['Tom Hanks', 'Tim Allen', 'Joan Cusack', 'Kelsey Grammer', 'Don Rickles']",John Lasseter,7.606,14843,19.9029,92,/4rbcp3ng8n1MKHjpeqW0L7Fnpzz.jpg
109445,tt2294629,Frozen,Frozen,"Young princess Anna of Arendelle dreams about finding true love at her sister Elsa’s coronation. Fate takes her on a dangerous journey in an attempt to end the eternal winter that has fallen over the kingdom. She's accompanied by ice delivery man Kristoff, his reindeer Sven, and snowman Olaf. On an adventure where she will find out what friendship, courage, family, and true love really means.",2013-11-20,"['Animation', 'Family', 'Adventure', 'Fantasy']","['princess', 'magic', 'mistake in person', 'queen', 'cartoon', 'villain', 'melancholy', 'musical', 'betrayal', 'snowman', 'reindeer', 'curse', 'snow', 'troll', ""based on children's book"", 'mountain climbing', 'evil prince', 'based on fairy tale', 'aftercreditsstinger', 'frozen', 'woman director', 'sister sister relationship', 'magic land', 'whimsical', 'hopeful']","['Idina Menzel', 'Kristen Bell', 'Jonathan Groff', 'Josh Gad', 'Livvy Stubenrauch']",Chris Buck,7.248,17542,19.826,102,/kgwjIb2JDHRhNk13lmSxiClFjVk.jpg
429617,tt6320628,Spider-Man: Far From Home,Spider-Man: Far From Home,"Peter Parker and his friends go on a summer trip to Europe. However, they will hardly be able to rest - Peter will have to agree to help Nick Fury uncover the mystery of creatures that cause natural disasters and destruction throughout the continent.",2019-06-28,"['Action', 'Adventure', 'Science Fiction']","['venice, italy', 'secret identity', 'superhero', 'school trip', 'europe', 'based on comic', 'sequel', 'travel', 'aftercreditsstinger', 'duringcreditsstinger', 'marvel cinematic universe (mcu)', 'masked superhero', 'tower of london', 'teen superhero']","['Tom Holland', 'Jake Gyllenhaal', 'Samuel L. Jackson', 'Marisa Tomei', 'Jon Favreau']",Jon Watts,7.397,16911,19.8257,129,/4q2NNj4S5dG2RLF9CpXsej7yXl.jpg
77,tt0209144,Memento,Memento,"Leonard Shelby is tracking down the man who raped and murdered his wife. The difficulty of locating his wife's killer, however, is compounded by the fact that he suffers from a rare, untreatable form of short-term memory loss. Although he can recall details of life before his accident, Leonard cannot remember what happened fifteen minutes ago, where he's going, or why.",2000-10-11,"['Mystery', 'Thriller']","['drug dealer', 'amnesia', 'insulin', 'tattoo', 'waitress', 'motel', 'manipulation', 'flashback', 'confusion', 'revenge', 'murder', 'memory loss', 'memory', 'psychological thriller', 'whodunit', 'los angeles, california', 'polaroid', 'based on short story', 'nonlinear timeline', 'mourning', 'insurance agent', 'individuality', 'phone call', 'disturbed', 'paranoid', 'neo-noir', 'somber', 'reverse chronology', 'bewildered', 'bold', 'suspense mystery']","['Guy Pearce', 'Carrie-Anne Moss', 'Joe Pantoliano', 'Mark Boone Junior', 'Russ Fega']",Christopher Nolan,8.178,16178,19.7767,113,/fKTPH2WvH8nHTXeBYBVhawtRqtR.jpg
11324,tt1130884,Shutter Island,Shutter Island,"World War II soldier-turned-U.S. Marshal Teddy Daniels investigates the disappearance of a patient from a hospital for the criminally insane, but his efforts are compromised by troubling visions and a mysterious doctor.",2010-02-14,"['Drama', 'Thriller', 'Mystery']","['island', 'based on novel or book', 'concentration camp', 'world war ii', 'hurricane', 'investigation', 'psychiatric hospital', 'mental institution', 'escaped patient', 'psychologist', 'psychological thriller', 'doctor', 'missing person', 'ex military', 'neo-noir', 'criminally insane', '1950s', 'haunting past', 'visions', 'suspenseful', 'mystery', 'depressing', 'dachau', 'suspense mystery']","['Leonardo DiCaprio', 'Mark Ruffalo', 'Ben Kingsley', 'Max von Sydow', 'Michelle Williams']",Martin Scorsese,8.198,25777,19.6383,138,/nrmXQ0zcZUL8jFLrakWc90IR8z9.jpg
575265,tt9603208,Mission: Impossible - The Final Reckoning,Mission: Impossible - The Final Reckoning,"Ethan Hunt and team continue their search for the terrifying AI known as the Entity — which has infiltrated intelligence networks all over the globe — with the world's governments and a mysterious ghost from Hunt's past on their trail. Joined by new allies and armed with the means to shut the Entity down for good, Hunt is in a race against time to prevent the world as we know it from changing forever.",2025-05-17,"['Action', 'Thriller', 'Adventure']","['mask', 'artificial intelligence (a.i.)', 'diving', 'submarine', 'espionage', 'spy', 'nuclear missile', 'fake identity', 'secret agent', 'stunt', 'sequel', 'secret government organization', 'infiltration', 'terrorist plot', 'fictional government agency', 'misinformation', 'government agency', 'based on tv series']","['Tom Cruise', 'Hayley Atwell', 'Ving Rhames', 'Simon Pegg', 'Esai Morales']",Christopher McQuarrie,7.163,2779,19.5701,170,/z53D72EAOxGRqdr7KXXWp9dJiDe.jpg
1492108,tt37145800,Kandungan,Kandungan,"A playboy discovers his secretary's intimate diary and they act out her fantasies, until his fiancée's arrival complicates everything.",2025-07-22,"['Romance', 'Drama']","[""girls' love (gl)"", 'sexy']","['Arah Alonzo', 'Nico Locco', 'Rica Gonzales', 'Racquel Enriquez', 'Zsa Zsa Zobel']",Joel Ferrer,7.5,4,19.54,71,/5F5yEFbsVIygB1ztyuFZbf9lKhm.jpg
27098,tt0113720,All Things Fair,Lust och fägring stor,"In 1943 Malmö, 15-year-old Stig is attracted to his teacher Viola, 22 years his senior, who, drawn to his youth and innocence, believes the lad is a God-sent relief from her miserable marriage to a drunken, unfaithful lout.",1995-03-08,"['Drama', 'Romance', 'War']","['high school', 'jealousy', 'world war ii', 'older woman seduces younger guy', 'alcoholism', 'cheat on husband', 'teacher', 'older woman younger man relationship', 'underage sex', 'teachers and students', '1940s']","['Johan Widerberg', 'Marika Lagercrantz', 'Tomas von Brömssen', 'Karin Huldt', 'Nina Gunke']",Bo Widerberg,6.404,171,19.5355,125,/y1oFNynXrIzlPUe4CXKMR2dpNep.jpg
1671548,tt41791573,Dear You,给阿嬷的情书,"Grandma Ye Shurou from Chaoshan lived a simple life, enjoying her twilight years. Her grandson, Xiaowei, burdened by debt, secretly traveled to Thailand to find his rumored billionaire grandfather, Zheng Musheng. However, Xiaowei returned with shocking news: his grandfather was long gone, and the person with whom Grandma had exchanged love letters was a complete stranger. As Xiaowei investigated, a love affair hidden for half a century suddenly surfaced, striking Grandma's heart.",2026-04-30,"['Drama', 'Family']",[],"['Li Sitong', 'Wang Yantong', '吴少卿', 'Zheng Runqi', 'Wang Xiaohui']",Lan Hongchun,9.1,8,19.5033,118,/s0sC3hPPX4OobLNfdl2iSs2vtvI.jpg
11036,tt0332280,The Notebook,The Notebook,"An epic love story centered around an older man who reads aloud to a woman with Alzheimer's. From a faded notebook, the old man's words bring to life the story about a couple who is separated by World War II, and is then passionately reunited, seven years later, after they have taken different paths.",2004-06-25,"['Romance', 'Drama']","['secret love', 'soulmates', 'based on novel or book', ""love of one's life"", 'fight', 'poem', 'river', 'sadness', 'class', 'dementia', 'tears', 'candle', 'mailbox', ""valentine's day""]","['Ryan Gosling', 'Rachel McAdams', 'Gena Rowlands', 'James Garner', 'Joan Allen']",Nick Cassavetes,7.888,12509,19.4542,123,/rNzQyW4f8B8cQeg7Dgj3n6eT5k9.jpg
426889,tt7103560,Le Clitoris,Le Clitoris,"Women are lucky, they get to have the only organ in the human body dedicated exclusively for pleasure: the clitoris! In this humorous and instructive animated documentary, find out its unrecognized anatomy and its unknown herstory.",2017-08-24,"['Animation', 'Documentary']","['sex education', 'female sexuality', 'short film']",['Lori Malépart-Traversy'],Lori Malépart-Traversy,6.756,43,19.3756,4,/osBGGlyIwsnSDIJ3vy83JpH1OUY.jpg
672,tt0295297,Harry Potter and the Chamber of Secrets,Harry Potter and the Chamber of Secrets,"Cars fly, trees fight back, and a mysterious house-elf comes to warn Harry Potter at the start of his second year at Hogwarts. Adventure and danger await when bloody writing on a wall announces: The Chamber Of Secrets Has Been Opened. To save Hogwarts will require all of Harry, Ron and Hermione's magical abilities and courage.",2002-11-13,"['Adventure', 'Fantasy']","['witch', 'flying car', 'elves', 'magic', 'sword', 'diary', 'child hero', 'school of witchcraft', 'giant spider', 'black magic', 'giant snake', 'ghost', 'child driving car', 'wizard', 'aftercreditsstinger', 'christmas', 'based on young adult novel', 'hopeful', 'teen fantasy']","['Daniel Radcliffe', 'Rupert Grint', 'Emma Watson', 'Kenneth Branagh', 'Toby Jones']",Chris Columbus,7.702,23523,19.2746,161,/sdEOH0992YZ0QSxgXNIGLq1ToUi.jpg
1083381,tt26657236,Backrooms,Backrooms,A strange doorway appears in the basement of a furniture showroom.,2026-05-27,"['Horror', 'Mystery', 'Science Fiction']","['monster', 'found footage', '1990s', 'other dimension', 'based on web series', 'based on short film', 'liminal', 'liminal space', 'analog horror', 'sci-fi horror', 'backrooms', 'liminal horror', 'noclip']","['Renate Reinsve', 'Chiwetel Ejiofor', 'Mark Duplass', 'Finn Bennett', 'Lukita Maxwell']",Kane Parsons,0.0,0,19.2542,0,/vpkNMkbisv5cTaIfCzUduYzXnjb.jpg
12445,tt1201607,Harry Potter and the Deathly Hallows: Part 2,Harry Potter and the Deathly Hallows: Part 2,"Harry, Ron and Hermione continue their quest to vanquish the evil Voldemort once and for all. Just as things begin to look hopeless for the young wizards, Harry discovers a trio of magical objects that endow him with powers to rival Voldemort's formidable skills.",2011-07-12,"['Adventure', 'Fantasy']","['witch', 'dying and death', 'saving the world', 'self sacrifice', 'magic', 'school of witchcraft', 'sorcerer', 'school', 'battle', 'ghost', 'wizard', 'teenage hero', 'christmas', 'based on young adult novel', 'good versus evil', 'dramatic', 'appreciative', 'excited', 'teen fantasy']","['Daniel Radcliffe', 'Emma Watson', 'Rupert Grint', 'Ralph Fiennes', 'Alan Rickman']",David Yates,8.079,21928,19.2333,130,/c54HpQmuwXjHq2C9wmoACjxoom3.jpg
675,tt0373889,Harry Potter and the Order of the Phoenix,Harry Potter and the Order of the Phoenix,"Returning for his fifth year at Hogwarts, Harry is stunned to find that his warnings about the return of Lord Voldemort have been ignored. Left with no choice, Harry takes matters into his own hands, training a small group of motivated students to defend themselves against the Dark Arts.",2007-07-08,"['Adventure', 'Fantasy']","['witch', 'dying and death', 'court', 'magic', 'prophecy', 'loss of loved one', 'professor', 'supernatural', 'child hero', 'school of witchcraft', 'black magic', 'sorcery', 'coming of age', 'occult', 'ghost', 'wizard', 'christmas', 'scholar', 'mystical land', 'ministry', 'based on young adult novel', 'teen fantasy']","['Daniel Radcliffe', 'Rupert Grint', 'Emma Watson', 'Imelda Staunton', 'Helena Bonham Carter']",David Yates,7.672,20751,19.0925,138,/5aOyriWkPec0zUDxmHFP9qMmBaj.jpg
935505,,Female Teacher Punisher: Goddess of Revenge,女教師仕置人　復讐の女神,"In the daytime, an ordinary high school girl's English teacher, but at night, the dynamite body of Super Lady Reiko, who defeats the villains who are infested in the world as an agent of a mysterious organization, explodes.",1990-01-01,['Action'],[],"['Reiko Kato', 'Naoko Aizawa', 'Mieko Arai', 'Mayo Kawasaki']",Yasuo Uchida,0.0,0,19.0569,80,/z6T7ZsZ9hEx4ssmeTuQhizdhJ2t.jpg
37165,tt0120382,The Truman Show,The Truman Show,"In a picture-perfect seaside town, an insurance salesman begins to realize that his entire existence may be staged and observed by a vast unseen audience as part of a long-running real-time reality TV show.",1998-06-04,"['Comedy', 'Drama']","['escape', 'paranoia', 'dystopia', 'suspicion', 'video surveillance', 'deception', 'hidden camera', 'simulated reality ', 'television producer', 'tv show in film', 'make believe', 'actor', 'suspenseful', 'allegory of the cave']","['Jim Carrey', 'Laura Linney', 'Noah Emmerich', 'Natascha McElhone', 'Holland Taylor']",Peter Weir,8.2,20152,18.9342,103,/vuza0WqY239yBXOadKlGwJsZJFE.jpg
1167307,tt15678738,David,David,"From the songs of his mother’s heart to the whispers of a faithful God, David’s story begins in quiet devotion. When the giant Goliath rises to terrorize a nation, a young shepherd armed with only a sling, a few stones, and unshakable faith steps forward. Pursued by power and driven by purpose, his journey tests the limits of loyalty, love, and courage—culminating in a battle not just for a crown, but for the soul of a kingdom.",2025-12-14,"['Animation', 'Drama', 'Family', 'History']","['aggression', 'bible', 'musical', 'religion', 'prophet', 'giant man', 'david vs. goliath', 'old testament', 'ancient regime', 'primitive civilization', 'shepherd boy', 'independent film', 'philistine', 'bible prophecy', 'battles', 'biblical epic', 'songs', 'faith in god', 'winners vs. losers']","['Brandon Engman', 'Brian Stivale', 'Shahar Taboch', 'Aaron Tavaler', 'Hector']",Phil Cunningham,8.067,135,18.9023,109,/bESlrLOrsQ9gKzaGQGHXKOyIUtX.jpg
1191876,tt13499272,From the Ashes,From the Ashes,"Jailed for her husband's crime, a woman discovers that her only way out is to solve riddles from her mysterious past.",2027-06-01,['Drama'],"['riddle', 'false imprisonment', 'independent film']","['Jeanne Neilson', 'Paul du Toit', 'Syreeta Banks', 'Jeremy John Wells', 'Lucy Capri']",Jeremy Wiles,0.0,0,18.639,92,/aEUH2ECoZHvSmoMzJpca0STF2CZ.jpg
315162,tt3915174,Puss in Boots: The Last Wish,Puss in Boots: The Last Wish,"Puss in Boots discovers that his passion for adventure has taken its toll: He has burned through eight of his nine lives, leaving him with only one life left. Puss sets out on an epic journey to find the mythical Last Wish and restore his nine lives.",2022-12-07,"['Animation', 'Adventure', 'Fantasy', 'Comedy', 'Family']","['fairy tale', 'sequel', 'talking dog', 'spin off', 'aftercreditsstinger', 'talking cat', 'fear of death', 'inspirational']","['Antonio Banderas', 'Salma Hayek Pinault', 'Harvey Guillén', 'Wagner Moura', 'Florence Pugh']",Joel Crawford,8.203,8792,18.6382,103,/kuf6dutpsT0vSVehic3EZIqkOBt.jpg
539,tt0054215,Psycho,Psycho,"When larcenous real estate clerk Marion Crane goes on the lam with a wad of cash and hopes of starting a new life, she ends up at the notorious Bates Motel, where manager Norman Bates cares for his housebound mother.",1960-06-22,"['Horror', 'Thriller', 'Mystery']","['hotel', 'clerk', 'detective', 'shower', 'arizona', 'motel', 'halloween', 'stolen money', 'alter ego', 'taxidermy', 'money', 'murder', 'secretary', 'serial killer', 'slasher', 'psychological thriller', 'black and white', 'corpse', 'murderer', 'theft', 'overbearing mother', 'stabbing', 'mental illness', 'private detective', 'missing person', 'split personality', 'psycho', 'voyeurism', 'voyeur', 'oedipus complex', 'nervous', 'double identity', 'abusive mother', 'dual personality', 'proto-slasher', 'multiple personality disorder', 'mother son relationship', 'birds', 'motel owner', 'woman on the run', 'corruptibility', 'confused identities', 'human vulnerabilities', 'baffled', 'man with female alter ego']","['Anthony Perkins', 'Janet Leigh', 'Vera Miles', 'John Gavin', 'Martin Balsam']",Alfred Hitchcock,8.414,10966,18.6159,109,/yz4QVqPx3h1hD1DfqqQkCq3rmxW.jpg
564,tt0120616,The Mummy,The Mummy,Dashing legionnaire Rick O'Connell stumbles upon the hidden ruins of Hamunaptra while in the midst of a battle to claim the area in 1920s Egypt. It has been over three thousand years since former High Priest Imhotep suffered a fate worse than death as a punishment for a forbidden love—along with a curse that guarantees eternal doom upon the world if he is ever awoken.,1999-04-16,"['Adventure', 'Action', 'Fantasy']","['egypt', 'cairo', 'library', 'secret passage', 'pastor', 'pyramid', 'sandstorm', 'solar eclipse', 'mummy', 'foreign legion', 'nile', 'secret society', 'treasure hunt', 'remake', 'archaeologist', 'tomb', 'book of the dead', 'ancient egypt', 'opposites attract', '1920s', 'pharoah', 'playful', 'good versus evil', 'suspenseful', 'witty', 'exhilarated', 'egyptian god']","['Brendan Fraser', 'Rachel Weisz', 'John Hannah', 'Arnold Vosloo', 'Patricia Velásquez']",Stephen Sommers,7.0,9955,18.5333,124,/yhIsVvcUm7QxzLfT6HW2wLf5ajY.jpg
337167,tt4477536,Fifty Shades Freed,Fifty Shades Freed,"Believing they have left behind shadowy figures from their past, newlyweds Christian and Ana fully embrace an inextricable connection and shared life of luxury. But just as she steps into her role as Mrs. Grey and he relaxes into an unfamiliar stability, new threats could jeopardize their happy ending before it even begins.",2018-01-17,"['Drama', 'Romance']","['based on novel or book', 'eroticism', 'sequel', 'bdsm']","['Dakota Johnson', 'Jamie Dornan', 'Eric Johnson', 'Eloise Mumford', 'Rita Ora']",James Foley,6.674,8337,18.5207,105,/jjPJ4s3DWZZvI4vw8Xfi4Vqa1Q8.jpg
603692,tt10366206,John Wick: Chapter 4,John Wick: Chapter 4,"With the price on his head ever increasing, John Wick uncovers a path to defeating The High Table. But before he can earn his freedom, Wick must face off against a new enemy with powerful alliances across the globe and forces that turn old friends into foes.",2023-03-21,"['Action', 'Thriller', 'Crime']","['new york city', 'martial arts', 'berlin, germany', 'paris, france', 'hitman', 'sequel', 'organized crime', 'osaka, japan', 'code of honor', 'blindness', 'aftercreditsstinger', 'hunted', 'hand to hand combat', 'consequences', 'professional assassin', 'neo-noir', 'japanese mafia', 'japan style', 'continental hotel']","['Keanu Reeves', 'Donnie Yen', 'Bill Skarsgård', 'Ian McShane', 'Laurence Fishburne']",Chad Stahelski,7.707,7879,18.4699,170,/vZloFAK7NmvMGKE7VkF5UHaz0I.jpg
338803,tt4844288,The Treacherous,간신,"The story of Joseon's tyrant king Yeonsan who exploits the populace for his own carnal pleasures, his seemingly loyal retainer who controls him and all court dealings, and a woman who seeks vengeance.",2015-05-21,"['Drama', 'History', 'Crime']","['king', '15th century', 'joseon dynasty (1392–1910)']","['Ju Ji-hoon', 'Kim Kang-woo', 'Lim Ji-yeon', 'Lee You-young', 'Cheon Ho-jin']",Min Kyu-dong,6.104,91,18.3829,133,/1YpS9sXZ8bRrmPwULftGbfwImnR.jpg
14160,tt1049413,Up,Up,"Carl Fredricksen spent his entire life dreaming of exploring the globe and experiencing life to its fullest. But at age 78, life seems to have passed him by, until a twist of fate (and a persistent 8-year old Wilderness Explorer named Russell) gives him a new lease on life.",2009-05-28,"['Animation', 'Comedy', 'Family', 'Adventure']","['central and south america', 'age difference', 'villain', 'balloon', 'travel', 'dog', 'nostalgic', 'duringcreditsstinger', 'pets', 'exploring', 'senior', 'inspirational', 'cheerful']","['Ed Asner', 'Christopher Plummer', 'Jordan Nagai', 'Bob Peterson', 'Delroy Lindo']",Pete Docter,7.959,21619,18.3795,96,/mFvoEwSfLqbcWwFsDjQebn9bzFe.jpg
99861,tt2395427,Avengers: Age of Ultron,Avengers: Age of Ultron,"When Tony Stark tries to jumpstart a dormant peacekeeping program, things go awry and Earth’s Mightiest Heroes are put to the ultimate test as the fate of the planet hangs in the balance. As the villainous Ultron emerges, it is up to The Avengers to stop him from enacting his terrible plans, and soon uneasy alliances and unexpected action pave the way for an epic and unique global adventure.",2015-04-22,"['Action', 'Adventure', 'Science Fiction']","['artificial intelligence (a.i.)', 'saving the world', 'superhero', 'based on comic', 'sequel', 'vision', 'robot', 'superhero team', 'creator', 'super villain', 'duringcreditsstinger', 'marvel cinematic universe (mcu)', 'fictitious country', 'good versus evil', 'hilarious', 'comforting']","['Robert Downey Jr.', 'Chris Hemsworth', 'Mark Ruffalo', 'Chris Evans', 'Scarlett Johansson']",Joss Whedon,7.271,24372,18.3739,141,/4ssDuvEDkSArWEdyBl2X5EHvYKU.jpg
12444,tt0926084,Harry Potter and the Deathly Hallows: Part 1,Harry Potter and the Deathly Hallows: Part 1,"Harry, Ron and Hermione walk away from their last year at Hogwarts to find and destroy the remaining Horcruxes, putting an end to Voldemort's bid for immortality. But with Harry's beloved Dumbledore dead and Voldemort's unscrupulous Death Eaters on the loose, the world is more dangerous than ever.",2010-11-17,"['Adventure', 'Fantasy']","['witch', 'friendship', 'london, england', 'corruption', 'escape', 'teleportation', 'isolation', 'magic', 'bravery', 'radio', 'road trip', 'shelter', 'tension', 'attack', 'werewolf', 'ghost', 'road movie', 'wizard', 'christmas', 'based on young adult novel', 'dramatic', 'teen fantasy']","['Daniel Radcliffe', 'Emma Watson', 'Rupert Grint', 'Toby Jones', 'Helena Bonham Carter']",David Yates,7.734,20326,18.3715,146,/iGoXIpQb7Pot00EEdwpwPajheZ5.jpg
1408208,tt35222590,Exit 8,８番出口,"A man trapped in an endless sterile subway passageway sets out to find Exit 8. The rules of his quest are simple: do not overlook anything out of the ordinary. If you discover an anomaly, turn back immediately. If you don’t, carry on. Then leave from Exit 8. But even a single oversight will send him back to the beginning. Will he ever reach his goal and escape this infinite corridor?",2025-08-28,"['Horror', 'Mystery']","['exit', 'based on video game', 'found footage', 'station', 'anomaly', 'cautionary', 'relaxed', 'introspective', 'psychological', 'liminal', 'metro', 'psychological horror', 'liminal space', 'bewildered', 'ominous', 'liminal horror', 'endless cycle']","['Kazunari Ninomiya', 'Yamato Kochi', 'Nana Komatsu', 'Naru Asanuma', 'Kotone Hanase']",Genki Kawamura,6.69,373,18.3427,95,/nQXYTvm6AY4WmtcPskroqC7Skh.jpg
843527,tt9466114,The Idea of You,The Idea of You,"40-year-old single mom Solène begins an unexpected romance with 24-year-old Hayes Campbell, the lead singer of August Moon, the hottest boy band on the planet. As they begin a whirlwind romance, it isn't long before Hayes' superstar status poses unavoidable challenges to their relationship, and Solène soon discovers that life in the glare of his spotlight might be more than she bargained for.",2024-05-02,"['Music', 'Comedy', 'Romance', 'Drama']","['based on novel or book', 'age difference', 'singer', 'forty something', 'single mother', 'older woman younger man relationship', 'boy band', 'cougar relationship']","['Anne Hathaway', 'Nicholas Galitzine', 'Ella Rubin', 'Annie Mumolo', 'Reid Scott']",Michael Showalter,7.293,1937,18.3151,116,/Y5P4Q3q8nrruZ9aD3wXeJS2Plg.jpg
7131,tt0338526,Van Helsing,Van Helsing,Famed monster slayer Gabriel Van Helsing is dispatched to Transylvania to assist the last of the Valerious bloodline in defeating Count Dracula. Anna Valerious reveals that Dracula has formed an unholy alliance with Dr. Frankenstein's monster and is hell-bent on exacting a centuries-old curse on her family.,2004-05-03,"['Horror', 'Adventure', 'Action']","['transylvania', 'vampire', 'vatican (holy see)', 'bite', 'castle', 'steampunk', 'werewolf', 'gothic horror', 'van helsing', 'notre dame cathedral', '19th century', 'mr. hyde', 'frankenstein', 'dracula', 'fantasy', 'amused']","['Hugh Jackman', 'Kate Beckinsale', 'Richard Roxburgh', 'Josie Maran', 'David Wenham']",Stephen Sommers,6.405,6622,18.289,132,/gsFun8nATm52aGHeT8ueAel98nE.jpg
354912,tt2380307,Coco,Coco,"Despite his family’s baffling generations-old ban on music, Miguel dreams of becoming an accomplished musician like his idol, Ernesto de la Cruz. Desperate to prove his talent, Miguel finds himself in the stunning and colorful Land of the Dead following a mysterious chain of events. Along the way, he meets charming trickster Hector, and together, they set off on an extraordinary journey to unlock the real story behind Miguel's family history.",2017-10-27,"['Family', 'Animation', 'Music', 'Adventure']","['skeleton', 'mexico', 'guitar', 'afterlife', 'musician', 'holiday', 'villain', 'singer', 'murderer', 'life after death', 'kids', 'day of the dead', 'music', 'boy', 'hilarious', 'hopeful']","['Anthony Gonzalez', 'Gael García Bernal', 'Benjamin Bratt', 'Alanna Ubach', 'Renée Victor']",Lee Unkrich,8.197,20920,18.2774,105,/6Ryitt95xrO8KXuqRGm1fUuNwqF.jpg
1291608,tt33014583,Dhurandhar,धुरंधर,"A mysterious traveler slips into the heart of Karachi's underbelly and rises through its ranks with lethal precision, only to tear the notorious ISI-Underworld nexus apart from within.",2025-12-05,"['Action', 'Crime', 'Thriller']","['espionage', 'political party', 'politics', 'asia', 'patriotism', 'nationalism', 'controversy', 'gore', 'pakistan', 'torture', 'terrorism', 'india', 'terrorist attack', 'gun violence', 'bloodshed', 'political corruption', '1990s', 'spy thriller', 'punjabi', 'indian', '2000s', 'international espionage', 'thriller', 'hindi film', 'action', 'chase scene', 'indian film']","['Ranveer Singh', 'Akshaye Khanna', 'R. Madhavan', 'Arjun Rampal', 'Sanjay Dutt']",Aditya Dhar,7.109,270,18.2712,212,/8FHOtUpNIk5ZPEay2N2EY5lrxkv.jpg
1480387,tt35892608,undertone,undertone,The host of a popular paranormal podcast becomes haunted by terrifying recordings mysteriously sent her way.,2026-03-12,"['Horror', 'Mystery']","['supernatural', 'haunted house', 'evil spirit', 'fear', 'demon', 'entity', 'death', 'caregiver', 'dying mother', 'evil', 'found footage', 'demonic spirit', 'supernatural horror', 'psychological', 'podcast', 'pregnant', 'psychological horror', 'horror']","['Nina Kiri', 'Adam DiMarco', 'Michèle Duquet', 'Keana Bastidas', 'Jeff Yung']",Ian Tuason,6.404,140,18.2558,94,/2PFgFMnrdCPXWiZl1PUvky7Mo9D.jpg
1643,tt0070849,Last Tango in Paris,Ultimo tango a Parigi,A recently widowed American begins an anonymous sexual relationship with a young Parisian woman.,1972-12-15,"['Drama', 'Romance']","['paris, france', 'businessman', 'love', 'tragedy', 'relationship', 'extramarital affair', 'parisian', 'clandestine']","['Marlon Brando', 'Maria Schneider', 'Maria Michi', 'Giovanna Galletti', 'Jean-Pierre Léaud']",Bernardo Bertolucci,6.905,1338,18.2095,129,/dNgdUdNOWfHsZI3lDu6Epig7H2P.jpg
2062,tt0382932,Ratatouille,Ratatouille,"Remy, a rat, possesses a palate far more refined than that of his fellow comrades. He dreams of becoming a chef, one who creates rather than scavenges. When fate deposits him in the sewers beneath one of Paris’s most famous restaurants, he finds himself ideally placed to fulfill his dream. Forming an unusual alliance with a hapless young kitchen worker, Remy begins a daring culinary double life.  As Remy pursues his vision, he must navigate the suspicions of the calculating Head Chef Skinner, the disapproval of Remy’s own colony, and the foreboding presence of renowned food critic Anton Ego, who strikes fear in the hearts of chefs all throughout France.",2007-06-28,"['Animation', 'Comedy', 'Family', 'Fantasy']","['work', 'sibling relationship', 'paris, france', 'expensive restaurant', 'river', 'confidence', 'cooking', 'evacuation', 'mouse', ""leaving one's family"", 'restaurant', 'villain', 'restaurant critic', 'spice', 'cookbook', 'food', 'chef', 'sewer', 'unlikely friendship', 'french restaurant', 'rat', 'french cuisine', 'fine dining', '3d animation', 'inspirational', 'romantic', 'cheerful']","['Patton Oswalt', 'Ian Holm', 'Lou Romano', 'Brian Dennehy', 'Peter Sohn']",Brad Bird,7.8,18427,18.1473,111,/t3vaWRPSf6WjDSamIkKDs1iQWna.jpg
98,tt0172495,Gladiator,Gladiator,"After the death of Emperor Marcus Aurelius, his devious son takes power and demotes Maximus, one of Rome's most capable generals who Marcus preferred. Eventually, Maximus is forced to become a gladiator and battle to the death against other men for the amusement of paying audiences.",2000-05-04,"['Action', 'Drama', 'Adventure']","['gladiator', 'rome, italy', 'arena', 'senate', 'roman empire', 'parent child relationship', 'emperor', 'slavery', 'ancient rome', 'revenge', 'battlefield', 'slave auction', 'historical fiction', 'ancient world', 'period drama', 'combat', 'chariot', 'philosopher', 'grim', 'barbarian horde', '2nd century', 'successor', 'commodus', 'maximus', 'gladiador']","['Russell Crowe', 'Joaquin Phoenix', 'Connie Nielsen', 'Oliver Reed', 'Richard Harris']",Ridley Scott,8.225,20830,18.139,155,/wN2xWp1eIwCKOD0BHTcErTBv1Uq.jpg
1049471,tt23724682,Outcome,Outcome,"Reef Hawk, Hollywood's poster child since age six, is not okay. When he learns about an extortion plot tied to a mysterious video, Reef preemptively sets out on a redemption tour to make amends, confront his demons, and avoid getting canceled.",2026-04-06,"['Comedy', 'Drama']","['dark comedy', 'extortion', 'public humiliation', 'hollywood star', 'duringcreditsstinger', 'personal demons', 'cancel culture', 'baffled', 'child actor past', 'fame pressure', 'blackmail video', 'public apology tour', 'satirical tone', 'celebrity downfall', 'media strategist', 'film studio offices']","['Keanu Reeves', 'Jonah Hill', 'Cameron Diaz', 'Matt Bomer', 'Susan Lucci']",Jonah Hill,5.284,190,18.1318,84,/kSzcpfbTy2pXHGvrVU2WhQTo6oU.jpg
1669057,tt41698360,Check-In,Check-In,"VMX hottest star Aliya Raymundo teams up with sexy siren Anya Austria as two receptionists in a cheap motel. Their quiet routine heats up with the arrival of a mysterious regular guest who begins to stir tension, desire, and conflict in their fragile relationship.",2026-05-01,['Drama'],['sexy'],"['Aliya Raymundo', 'Anya Austria', 'VR Relosa', 'Chester Grecia']",Christopher Novabos,5.0,2,18.1296,0,/r7tXZoO3rfkOpYQPCXftwugwny9.jpg
609681,tt10676048,The Marvels,The Marvels,"When her duties send her to an anomalous wormhole linked to a Kree revolutionary, Carol's powers become entangled with that of Jersey City super-fan Kamala Khan, aka Ms. Marvel, and Carol's estranged niece, now S.A.B.E.R. astronaut Captain Monica Rambeau. Together, this unlikely trio must team up and learn to work in concert to save the universe.",2023-11-08,"['Science Fiction', 'Adventure', 'Action']","['hero', 'superhero', 'space travel', 'based on comic', 'sequel', 'teenage girl', 'aftercreditsstinger', 'duringcreditsstinger', 'marvel cinematic universe (mcu)', 'woman director', 'space adventure', 'absurd', 'foreboding']","['Brie Larson', 'Teyonah Parris', 'Iman Vellani', 'Samuel L. Jackson', 'Zawe Ashton']",Nia DaCosta,5.942,3357,18.1046,105,/9GBhzXMFjgcZ3FdR9w3bUMMTps5.jpg
767,tt0417741,Harry Potter and the Half-Blood Prince,Harry Potter and the Half-Blood Prince,"As Lord Voldemort tightens his grip on both the Muggle and wizarding worlds, Hogwarts is no longer a safe haven. Harry suspects perils may even lie within the castle, but Dumbledore is more intent upon preparing him for the final battle fast approaching. Together they work to find the key to unlock Voldemorts defenses and to this end, Dumbledore recruits his old friend and colleague Horace Slughorn, whom he believes holds crucial information. Even as the decisive showdown looms, romance blossoms for Harry, Ron, Hermione and their classmates. Love is in the air, but danger lies ahead and Hogwarts may never be the same again.",2009-07-15,"['Adventure', 'Fantasy']","['witch', 'dying and death', 'london, england', 'magic', 'school of witchcraft', 'sequel', 'apparition', 'curse', 'teenage crush', 'school', 'werewolf', 'teenage love', 'luck', 'ghost', 'wizard', 'secret past', 'christmas', 'based on young adult novel', 'inspirational', 'dramatic', 'teen fantasy']","['Daniel Radcliffe', 'Rupert Grint', 'Emma Watson', 'Jim Broadbent', 'Michael Gambon']",David Yates,7.68,20727,18.1008,153,/z7uo9zmQdQwU5ZJHFpv2Upl30i1.jpg
1007734,tt28996126,Nobody 2,Nobody 2,"Former assassin Hutch Mansell takes his family on a nostalgic vacation to a small-town theme park, only to be pulled back into violence when they clash with a corrupt operator, a crooked sheriff, and a ruthless crime boss.",2025-08-13,"['Action', 'Thriller', 'Comedy']","['dark comedy', 'black humor', 'sequel', 'one man army', 'family vacation', 'marital tensions', 'russian mafia', 'revenge cycle', 'explosive action', 'assassin contracts', 'reluctant killer', 'family under pressure', 'eccentric allies', 'hit list', 'deadly missions']","['Bob Odenkirk', 'Connie Nielsen', 'John Ortiz', 'Colin Hanks', 'RZA']",Timo Tjahjanto,6.9,1520,18.0826,89,/svXVRoRSu6zzFtCzkRsjZS7Lqpd.jpg
1430077,tt35672862,Hokum,Hokum,"When novelist Ohm Bauman retreats to a remote inn to scatter his parents' ashes, he is consumed by tales of a witch haunting the honeymoon suite. Disturbing visions and a shocking disappearance forces him to confront dark corners of his past.",2026-04-29,['Horror'],"['witch', 'novelist', 'folk horror', 'haunted', 'supernatural horror', 'remote inn', 'rural ireland']","['Adam Scott', 'Peter Coonan', 'David Wilmot', 'Florence Ordesh', ""Will O'Connell""]",Damian McCarthy,6.811,37,17.996,107,/jKPWwsbAM6HKURPYQ1eG8DmKMKn.jpg
18,tt0119116,The Fifth Element,Le Cinquième Élément,"In 2257, a taxi driver is unintentionally given the task of saving a young girl who is part of the key that will ensure the survival of humanity.",1997-05-02,"['Science Fiction', 'Action', 'Adventure']","['new york city', 'flying car', 'taxi', 'egypt', 'race against time', 'saving the world', 'cyborg', 'dystopia', 'anti hero', 'stowaway', 'space travel', 'chosen one', 'arms dealer', 'alien life-form', 'end of the world', 'priest', 'shootout', 'police chase', 'cab driver', 'cyberpunk', 'archaeologist', 'space opera', 'military', 'opera singer', 'futuristic city', 'ancient evil', 'cruise liner', 'hieroglyphics', 'spaceship', 'good versus evil', 'science fantasy']","['Bruce Willis', 'Milla Jovovich', 'Gary Oldman', 'Ian Holm', 'Chris Tucker']",Luc Besson,7.571,11664,17.9793,126,/fPtlCO1yQtnoLHOwKtWz7db6RGU.jpg
1156593,tt28510079,Your Fault,Culpa tuya,The love between Noah and Nick seems unwavering despite their parents' attempts to separate them. But his job and her entry into college open up their lives to new relationships that will shake the foundations of both their relationship and the Leister family itself.,2024-12-26,"['Drama', 'Romance']","['based on novel or book', 'suicide attempt', 'sequel', 'mental health', 'romantic drama']","['Nicole Wallace', 'Gabriel Guevara', 'Marta Hazas', 'Iván Sánchez', 'Eva Ruiz']",Domingo González,7.08,1540,17.973,117,/1sQA7lfcF9yUyoLYC0e6Zo3jmxE.jpg
218,tt0088247,The Terminator,The Terminator,"In the post-apocalyptic future, reigning tyrannical supercomputers teleport a cyborg assassin known as the ""Terminator"" back to 1984 to kill Sarah Connor, whose unborn son is destined to lead insurgents against 21st century mechanical hegemony. Meanwhile, the human-resistance movement dispatches a lone warrior to safeguard Sarah. Can he stop the virtually indestructible killing machine?",1984-10-26,"['Action', 'Thriller', 'Science Fiction']","['man vs machine', 'artificial intelligence (a.i.)', 'saving the world', 'laser gun', 'cyborg', 'killer robot', 'shotgun', 'rebel', 'dystopia', 'villain', 'time travel', 'los angeles, california', 'urban setting', 'future war', 'savior', 'tech noir', 'time paradox', 'action hero', 'griffith observatory', 'good versus evil', 'dystopian']","['Arnold Schwarzenegger', 'Michael Biehn', 'Linda Hamilton', 'Paul Winfield', 'Lance Henriksen']",James Cameron,7.7,14552,17.9097,108,/qvktm0BHcnmDpul4Hz01GIazWPr.jpg
402431,tt1262426,Wicked,Wicked,"In the land of Oz, ostracized and misunderstood green-skinned Elphaba is forced to share a room with the popular aristocrat Glinda at Shiz University, and the two's unlikely friendship is tested as they begin to fulfill their respective destinies as Glinda the Good and the Wicked Witch of the West.",2024-10-16,"['Drama', 'Romance', 'Fantasy']","['witch', 'dancing', 'based on novel or book', 'fairy tale', 'college', 'wish', 'musical', 'female friendship', 'bullying', 'based on play or musical', 'celebrity', 'prequel', 'singer', 'singing', 'corrupt politician', 'death in childbirth', 'fantasy world', 'wizard', 'gravity', 'discrimination', 'ostracism', 'woman in wheelchair', 'musical comedy', 'sister sister relationship', 'belonging', 'cautionary', 'fantasy', 'absurd', 'romantic fantasy', 'whimsical', 'mean spirited']","['Cynthia Erivo', 'Ariana Grande', 'Michelle Yeoh', 'Jonathan Bailey', 'Ethan Slater']",Jon M. Chu,6.911,3007,17.871,162,/xDGbZ0JJ3mYaGKy4Nzd9Kph6M9L.jpg
1270125,tt27811009,Monster on a Plane,Monster on a Plane,An exotic animal turns into a monster and becomes a deadly danger for all passengers.,2024-11-07,"['Horror', 'Comedy']",[],"['Eva Habermann', 'Robin Czerny', 'Philippe Brenninkmeyer', 'Dieter Landuris', 'Fred Aaron Blake']",Ezra Tsegaye,4.595,42,17.8696,88,/9fBcq5WiH3z4YGjS2iVESRKxcW4.jpg
20352,tt1323594,Despicable Me,Despicable Me,"Gru is a supervillain determined to prove he’s the greatest by stealing the Moon. To pull off his plan, he adopts three orphaned girls—Margo, Edith, and Agnes—intending to use them as part of his scheme. However, as Gru bonds with the girls, his cold, villainous exterior begins to melt.",2010-07-08,"['Animation', 'Comedy', 'Crime', 'Family', 'Science Fiction']","['moon', 'parent child relationship', 'orphanage', 'villain', 'adoptive father', ""life's dream"", 'rivalry', 'ballet', 'stealing', 'little girl', 'orphan', 'tomboy', 'intelligent', 'evil doctor', 'duringcreditsstinger', 'supervillain', 'joyful']","['Steve Carell', 'Jason Segel', 'Miranda Cosgrove', 'Dana Gaier', 'Elsie Fisher']",Chris Renaud,7.258,16025,17.8576,95,/b1BT309QWjtFUlJPLmXmrcHOWEL.jpg
107257,tt1823059,A Perfect Ending,A Perfect Ending,"This intimate drama follows Rebecca, a woman who has kept her sexuality a secret from her friends but chooses to reveal it to a stranger. While Rebecca's revelations may not yield the results she expects, a perfect ending is still in reach.",2012-06-01,"['Drama', 'Romance']","['female homosexuality', 'lgbt', 'woman director', 'lesbian']","['Barbara Niven', 'Jessica Clark', 'John Heard', 'Morgan Fairchild', 'Kerry Knuppe']",Nicole Conn,6.215,135,17.8488,110,/mjwWEwE1xdbtFGCOgeXi5jvQnOU.jpg
4951,tt0147800,10 Things I Hate About You,10 Things I Hate About You,"On the first day at his new school, Cameron instantly falls for Bianca, the gorgeous girl of his dreams. The only problem is that Bianca is forbidden to date until her ill-tempered, completely un-dateable older sister Kat goes out, too. In an attempt to solve his problem, Cameron singles out the only guy who could possibly be a match for Kat: a mysterious bad boy with a nasty reputation of his own.",1999-03-30,"['Comedy', 'Romance', 'Drama']","['high school', 'seattle, washington', 'deception', 'based on play or musical', 'coming of age', 'teen movie', 'shrew', 'teen comedy', ""valentine's day"", 'opposites attract', 'duringcreditsstinger', 'teenage romance', 'overprotective father', 'playful', 'lighthearted', 'casual', 'cliché']","['Heath Ledger', 'Julia Stiles', 'Joseph Gordon-Levitt', 'Larisa Oleynik', 'David Krumholtz']",Gil Junger,7.59,8884,17.8333,97,/ujERk3aKABXU3NDXOAxEQYTHe9A.jpg
337404,tt3228774,Cruella,Cruella,"In 1970s London amidst the punk rock revolution, a young grifter named Estella is determined to make a name for herself with her designs. She befriends a pair of young thieves who appreciate her appetite for mischief, and together they are able to build a life for themselves on the London streets. One day, Estella’s flair for fashion catches the eye of the Baroness von Hellman, a fashion legend who is devastatingly chic and terrifyingly haute. But their relationship sets in motion a course of events and revelations that will cause Estella to embrace her wicked side and become the raucous, fashionable and revenge-bent Cruella.",2021-05-26,"['Comedy', 'Crime']","['1970s', 'anti hero', 'villain', 'punk rock', 'fashion designer', 'fashion', 'origin story', 'live action remake']","['Emma Stone', 'Emma Thompson', 'Joel Fry', 'Paul Walter Hauser', 'John McCrea']",Craig Gillespie,7.971,10030,17.792,134,/hjS9mH8KvRiGHgjk6VUZH7OT0Ng.jpg
181808,tt2527336,Star Wars: The Last Jedi,Star Wars: The Last Jedi,"Rey develops her newly discovered abilities with the guidance of Luke Skywalker, who is unsettled by the strength of her powers. Meanwhile, the Resistance prepares to do battle with the First Order.",2017-12-13,"['Adventure', 'Action', 'Science Fiction']","['bunker', 'space battle', 'defeat', 'failure', 'sequel', 'space opera', 'military operation', 'tuwaderalit']","['Mark Hamill', 'Carrie Fisher', 'Adam Driver', 'Daisy Ridley', 'John Boyega']",Rian Johnson,6.8,16300,17.7591,152,/ySaaKHOLAQU5HoZqWmzDIj1VvZ1.jpg
637649,tt11083552,Wrath of Man,Wrath of Man,"A cold and mysterious new security guard for a Los Angeles cash truck company surprises his co-workers when he unleashes precision skills during a heist. The crew is left wondering who he is and where he came from. Soon, the marksman's ultimate motive becomes clear as he takes dramatic and irrevocable steps to settle a score.",2021-04-22,"['Thriller', 'Crime', 'Drama']","['robbery', 'affectation', 'crime boss', 'remake', 'revenge', 'shootout', 'shooter', 'los angeles, california', 'theft', 'security guard', 'ex soldier', 'revenge killing', 'father son relationship', 'anxious', 'cash truck', 'admiring', 'adoring', 'ambiguous', 'ambivalent', 'antagonistic', 'commanding', 'earnest']","['Jason Statham', 'Holt McCallany', 'Rocci Williams', 'Josh Hartnett', 'Jeffrey Donovan']",Guy Ritchie,7.577,6061,17.7512,119,/M7SUK85sKjaStg4TKhlAVyGlz3.jpg
574475,tt9619824,Final Destination Bloodlines,Final Destination Bloodlines,"Plagued by a violent recurring nightmare, college student Stefanie heads home to track down the one person who might be able to break the cycle and save her family from the grisly demise that inevitably awaits them all.",2025-05-14,"['Horror', 'Mystery']","['restaurant', 'gore', 'sequel', 'premonition', 'family tragedy', 'near-death experience', '1960s', 'cheating death', 'supernatural horror', 'horror', 'tense', 'amused', 'inevitable fate', 'death’s design', 'supernatural force', 'deadly premonition', 'domino effect']","['Kaitlyn Santa Juana', 'Teo Briones', 'Rya Kihlstedt', 'Richard Harmon', 'Owen Patrick Joyner']",Adam B. Stein,7.042,2818,17.7317,110,/6WxhEvFsauuACfv8HyoVX6mZKFj.jpg
1223601,tt31844586,Sisu: Road to Revenge,Sisu 2,"Returning to the house where his family was brutally murdered during the war, ""the man who refuses to die"" dismantles it, loads it on a truck, and is determined to rebuild it somewhere safe in their honor. When the commander who killed his family comes back hellbent on finishing the job, a relentless, eye-popping cross-country chase ensues.",2025-10-21,"['Action', 'War', 'Thriller']","['sequel', '1940s', 'karelia', 'survival instinct', 'immortal hero', 'mythic war survival', 'relentless vengeance', 'primal brutality', 'hostile wilderness warfare', 'soviet army', 'enemy pursuit', 'explosive confrontation', 'northern harshness', 'finnish frontier', 'post‑war tension']","['Jorma Tommila', 'Stephen Lang', 'Richard Brake', 'Tommi Korpela', 'Kaspar Velberg']",Jalmari Helander,7.312,732,17.7174,89,/jNsttCWZyPtW66MjhUozBzVsRb7.jpg
16869,tt0361748,Inglourious Basterds,Inglourious Basterds,"In Nazi-occupied France during World War II, a group of Jewish-American soldiers known as ""The Basterds"" are chosen specifically to spread fear throughout the Third Reich by scalping and brutally killing Nazis. The Basterds, lead by Lt. Aldo Raine soon cross paths with a French-Jewish teenage girl who runs a movie theater in Paris which is targeted by the soldiers.",2009-08-02,"['Drama', 'Thriller', 'War']","['guerrilla warfare', 'paris, france', 'self sacrifice', 'world war ii', 'jew persecution', 'german occupation of france', 'resistance fighter', 'nazism', 'anti-fascism', 'excited']","['Brad Pitt', 'Mélanie Laurent', 'Christoph Waltz', 'Eli Roth', 'Michael Fassbender']",Quentin Tarantino,8.217,24120,17.6372,153,/7sfbEnaARXDDhKm0CZ7D7uc2sbo.jpg
1651233,tt40660080,Son-in-Law,El yerno,"José Sánchez has big ambitions, terrible instincts, and a mustache to match. After a string of bad deals, he accidentally bluffs his way into becoming El Serpiente, a political boss feared for all the wrong reasons. Now he must pull off one final deal to stay alive — a deal far beyond anything he can fake.",2026-04-18,"['Comedy', 'Drama']","['politics', 'tragicomedy', 'méxico']","['Adrián Vázquez', 'Jero Medina', 'David Gaitán', 'Verónica Bravo', 'Eduardo España']",Gerardo Naranjo,5.1,8,17.6227,102,/fRE3KlLo0tBBRtwxThqClvSgk0J.jpg
253376,tt3506302,In Darkness We Fall,La cueva,"Three boys and two girls go backpacking from the city to a paradisiacal island. There they rent motorcycles, travel around the prettiest and most remote spots, camp out in the woods, on a coastal cliff, get drunk and swim in the sea. The following day they enter a deep, maze-like cave to explore it and get lost inside.",2014-01-24,"['Horror', 'Adventure']","['island', 'darkness', 'cave', 'survival', 'found footage', 'starvation', 'exploring']","['Marta Castellote', 'Xoel Fernández', 'Eva García-Vacas', 'Marcos Ortiz', 'Jorge López Páez']",Alfredo Montero,5.891,184,17.5565,76,/vQgUNCouT5frFxeXx5mXRskOhWJ.jpg
1511417,tt37893389,Bāhubali: The Epic,Bāhubali: The Epic,"When a mysterious child is found by a tribal couple near a roaring waterfall, they raise him as their own. As he grows, Sivudu is drawn to the world beyond the cliffs, where he discovers the ancient kingdom of Mahishmati, ruled by a cruel tyrant, haunted by rebellion, and bound to his past. What begins as a quest for love soon unravels a legacy of betrayal, sacrifice, and a forgotten prince.",2025-10-29,"['Action', 'Drama']","['affectation', 'flashback', 'revenge', 'alternate history', 'historical fiction', 'fratricide', 'ancient india', 'regicide', 'multi generational', 'absurd', 'hindu shiva', 'multiple timelines', 'remastered', 'epic film', ""director's cut""]","['Prabhas', 'Rana Daggubati', 'Anushka Shetty', 'Ramya Krishnan', 'Sathyaraj']",S. S. Rajamouli,6.184,38,17.54,224,/z9YIo2qscyaXYgRqIdRJtND3bw8.jpg
561,tt0360486,Constantine,Constantine,"John Constantine has literally been to Hell and back. When he teams up with a policewoman to solve the mysterious suicide of her twin sister, their investigation takes them through the world of demons and angels that exists beneath the landscape of contemporary Los Angeles.",2005-02-08,"['Fantasy', 'Action', 'Horror']","['self sacrifice', 'angel', 'christianity', 'confession', 'superhero', 'supernatural', 'exorcism', 'archangel gabriel', 'holy water', 'redemption', 'based on comic', 'lucifer', 'demon', 'biting', 'occult', 'aftercreditsstinger', 'demon hunter', 'mysticism', 'supernatural power', 'good versus evil', 'compassionate', 'defiant']","['Keanu Reeves', 'Rachel Weisz', 'Shia LaBeouf', 'Djimon Hounsou', 'Max Baker']",Francis Lawrence,7.14,8032,17.5052,121,/vPYgvd2MwHlxTamAOjwVQp4qs1W.jpg
829487,tt31828554,Je m'appelle Agneta,Je m'appelle Agneta,"Craving a fresh start, recently unemployed Agneta accepts an au pair gig in Provence that turns into an indulgent escape — and an unexpected awakening.",2026-04-28,"['Comedy', 'Drama', 'Romance']","['au pair', 'unemployed', 'fresh start']","['Eva Melander', 'Claes Månsson', 'Jérémie Covillault', 'Anne-Marie Ponsot', 'Björn Kjellman']",Johanna Runevad,7.024,21,17.4658,114,/nrwtoBNGgbFz3iiCx43TLHoBBPq.jpg
1153576,tt27419420,Street Fighter,Street Fighter,"In 1993, estranged Street Fighters Ryu and Ken Masters are thrown back into combat when the mysterious Chun-Li recruits them for the next World Warrior Tournament: a brutal clash of fists, fate, and fury. But behind this battle royale lies a deadly conspiracy that forces them to face off against each other and the demons of their past. And if they don't, it's GAME OVER!",2026-10-14,"['Action', 'Comedy', 'Fantasy']","['based on video game', 'martial arts tournament', '1990s', 'battle royale']","['Andrew Koji', 'Noah Centineo', 'Callina Liang', 'David Dastmalchian', ""Joe Anoa'i""]",Kitao Sakurai,0.0,0,17.3977,0,/wOnoOeDcsLSo72ON1UC6c1VHKk1.jpg
1495,tt0320661,Kingdom of Heaven,Kingdom of Heaven,"After his wife dies, a blacksmith named Balian is thrust into royalty, political intrigue and bloody holy wars during the Crusades.",2005-05-03,"['Drama', 'Action', 'Adventure', 'History', 'War']","['blacksmith', 'muslim', 'crusade', 'jerusalem', 'catapult', 'swordsman', 'battlefield', 'knight', 'religion', 'epic battle', 'desert battle', 'knight templars', '12th century', 'saladin', 'suspicious', 'christian', 'egotistical', 'ambiguous', 'antagonistic', 'audacious', 'authoritarian', 'complicated', 'derogatory', 'dubious', 'melodramatic', 'sword battle']","['Orlando Bloom', 'Eva Green', 'Jeremy Irons', 'David Thewlis', 'Ghassan Massoud']",Ridley Scott,7.031,4920,17.3626,144,/rNaBe4TwbMef71sgscqabpGKsxh.jpg
1505183,tt37501704,Village of the Dead,Dusun Mayit,"Four hikers become trapped in a mysterious village after getting lost in a mountain foot market said to be an interdimensional gateway. There, the world turns strange—graveyards with no headstones, grinning bald figures, puppets with no puppeteer, and cult rituals dancing atop corpses. It all leads to one chilling truth: those who are trapped can never leave. The village is preparing a dark ritual to fill the hamlet with the dead. Faced with harrowing choices, can they survive—and make it home alive?",2025-12-31,"['Adventure', 'Horror', 'Mystery']","['village', 'mountain', 'supernatural', 'climbing', 'corpse', 'trapped', 'ghost', 'hamlet', 'myth', 'haunted', 'terror', 'student', 'based on twitter thread', 'unseen']","['Amanda Manopo', 'Ersya Aurelia', 'Fahad Haydra', 'Randy Martin', 'Anya Zen']",Rizal Mantovani,3.0,1,17.3213,95,/mNoIh1yNhW67X8Ij3jgqZtKtRuP.jpg
18785,tt1119646,The Hangover,The Hangover,"When three friends finally come to after a raucous night of bachelor-party revelry, they find a baby in the closet and a tiger in the bathroom. But they can't seem to locate their best friend, Doug – who's supposed to be tying the knot. Launching a frantic search for Doug, the trio perseveres through a nasty hangover to try to make it to the church on time.",2009-06-02,['Comedy'],"['amnesia', 'blackjack', 'stag night', 'lost weekend', 'chapel', 'hit with tire iron', 'memory loss', 'las vegas', 'drugs', 'joyous', 'amused', 'cheerful', 'shaggy dog story']","['Bradley Cooper', 'Ed Helms', 'Zach Galifianakis', 'Justin Bartha', 'Heather Graham']",Todd Phillips,7.3,18060,17.3173,100,/A0uS9rHR56FeBtpjVki16M5xxSW.jpg
1515899,tt39018643,Billie Eilish - Hit Me Hard and Soft: The Tour (Live in 3D),Billie Eilish - Hit Me Hard and Soft: The Tour (Live in 3D),"Captured during Billie Eilish's sold-out world tour, a concert experience from one of the most celebrated and successful artists of her generation, presented in immersive 3D.",2026-05-06,"['Music', 'Documentary']","['concert film', 'documentary', 'comforting', 'enchant']","['Billie Eilish', 'FINNEAS', 'Andrew Marshall', 'Solomon Smith', 'Abraham Nouri']",James Cameron,7.7,13,17.3147,114,/5fudu2BSuUcwsMycHDNA0l1FDPH.jpg
207,tt0097165,Dead Poets Society,Dead Poets Society,"At an elite, old-fashioned boarding school in New England, a passionate English teacher inspires his students to rebel against convention and seize the potential of every day, courting the disdain of the stern headmaster.",1989-06-02,['Drama'],"['individual', 'friendship', 'philosophy', 'poetry', 'literature', 'professor', 'based on true story', 'coming of age', 'teacher', 'school play', 'new england', 'vermont', 'schoolteacher', 'preparatory school', '1950s', 'teenager']","['Robin Williams', 'Robert Sean Leonard', 'Ethan Hawke', 'Josh Charles', 'Gale Hansen']",Peter Weir,8.301,12559,17.3133,129,/erzbMlcNHOdx24AXOcn2ZKA7R1q.jpg
111,tt0086250,Scarface,Scarface,"After getting a green card in exchange for assassinating a Cuban government official, Tony Montana stakes a claim on the drug trade in Miami. Viciously murdering anyone who stands in his way, Tony eventually becomes the biggest drug lord in the state, controlling nearly all the cocaine that comes through Miami. But increased pressure from the police, wars with Colombian drug cartels and his own drug-fueled paranoia serve to fuel the flames of his eventual downfall.",1983-12-09,"['Action', 'Crime', 'Drama']","['corruption', 'sibling relationship', 'miami, florida', 'cuba', 'loss of loved one', 'gangster', 'cocaine', 'rise and fall', 'remake', 'tragedy', 'drug cartel', 'mafia', 'drug lord', 'bitterness', 'rise to power', 'miami beach', 'cuban refugees', 'drug war', 'excited', 'tragic']","['Al Pacino', 'Steven Bauer', 'Michelle Pfeiffer', 'Mary Elizabeth Mastrantonio', 'Robert Loggia']",Brian De Palma,8.156,12981,17.3106,170,/iQ5ztdjvteGeboxtmRdXEChJOHh.jpg
49026,tt1345836,The Dark Knight Rises,The Dark Knight Rises,"Following the death of District Attorney Harvey Dent, Batman assumes responsibility for Dent's crimes to protect the late attorney's reputation and is subsequently hunted by the Gotham City Police Department. Eight years later, Batman encounters the mysterious Selina Kyle and the villainous Bane, a new terrorist leader who overwhelms Gotham's finest. The Dark Knight resurfaces to protect a city that has branded him an enemy.",2012-07-17,"['Action', 'Crime', 'Drama', 'Thriller']","['airplane', 'fight', 'burglar', 'hostage', 'secret identity', 'crime fighter', 'superhero', 'villainess', 'time bomb', 'based on comic', 'cover-up', 'vigilante', 'tragic hero', 'mobile', 'terrorism', 'destruction', 'fighting', 'criminal underworld', 'cat burglar', 'flood']","['Christian Bale', 'Gary Oldman', 'Tom Hardy', 'Joseph Gordon-Levitt', 'Anne Hathaway']",Christopher Nolan,7.795,24304,17.2296,165,/hr0L2aueqlP2BYUblTTjmtn0hw4.jpg
933260,tt17526714,The Substance,The Substance,"A fading celebrity decides to use a black market drug, a cell-replicating substance that temporarily creates a younger, better version of herself.",2024-09-07,"['Horror', 'Science Fiction', 'Thriller']","[""new year's eve"", 'capitalism', 'birthday', 'black market', 'identity', 'dark comedy', 'beauty', 'satire', 'aging', 'celebrity', 'female protagonist', 'los angeles, california', 'has been', 'aerobics', 'disfigurement', 'woman in jeopardy', 'woman director', 'substance', 'beauty standards', 'insecure woman', 'self image', 'drug', 'body horror', 'female rage', 'youth', 'actress', 'disgusted']","['Demi Moore', 'Margaret Qualley', 'Dennis Quaid', 'Edward Hamilton-Clark', 'Gore Abrams']",Coralie Fargeat,7.1,5955,17.1521,141,/lqoMzCcZYEFK729d6qzt349fB4o.jpg
27,tt0411705,9 Songs,9 Songs,"Matt, a young glaciologist, soars across the vast, silent, icebound immensities of the South Pole as he recalls his love affair with Lisa. They meet at a mobbed rock concert in a vast music hall - London's Brixton Academy. They are in bed at night's end. Together, over a period of several months, they pursue a mutual sexual passion whose inevitable stages unfold in counterpoint to nine live-concert songs.",2004-07-16,"['Drama', 'Music', 'Romance']","['london, england', 'concert', ""rock 'n' roll"", 'sexuality', 'orgasm', 'cocaine', 'blow job', 'man woman relationship', 'condom', 'love', 'sexual fantasy', 'pubic hair', 'breast', 'ejaculation', 'american', 'couple', 'desire', 'sexual desire', 'cunnilingus', 'naked', 'exchange student', 'rock concert', 'british man', 'nude', 'drug', 'small tits', 'woman tied to a bed', 'sex', 'vulva', 'rock', 'unsimulated sex', 'intense', 'erect penis']","[""Kieran O'Brien"", 'Margo Stilley', 'Courtney Taylor-Taylor', 'Alex Kapranos', 'Guy Garvey']",Michael Winterbottom,5.542,575,17.1393,70,/91O7z0vo7MiNWd5xD2BoivwbQsb.jpg
8966,tt1099212,Twilight,Twilight,"When Bella Swan moves to a small town in the Pacific Northwest, she falls in love with Edward Cullen, a mysterious classmate who reveals himself to be a 108-year-old vampire. Despite Edward's repeated cautions, Bella can't stay away from him, a fatal move that endangers her own life.",2008-11-20,"['Fantasy', 'Drama', 'Romance']","['high school', 'soulmates', 'based on novel or book', 'immortality', 'vampire', 'forbidden love', 'teen movie', 'trust', 'desire', 'washington state', 'duringcreditsstinger', 'woman director', 'interspecies romance', 'based on young adult novel', 'supernatural power', 'good versus evil', 'high school romance', 'vampire human love', 'enthusiastic', 'teen fantasy']","['Kristen Stewart', 'Robert Pattinson', 'Billy Burke', 'Peter Facinelli', 'Ashley Greene']",Catherine Hardwicke,6.28,14365,17.1363,122,/3Gkb6jm6962ADUPaCBqzz9CTbn9.jpg
1659087,tt40891145,180,180,"When an unexpected road rage incident puts his son in critical condition, an enraged father spirals down a dark path of emotional turmoil and vengeance.",2026-04-16,"['Thriller', 'Crime', 'Drama', 'TV Movie']",['revenge'],"['Prince Grootboom', 'Noxolo Dlamini', 'Danica De La Rey', 'Warren Masemola', 'Desmond Dube']",Alex Yazbek,5.676,94,17.1301,94,/9ISjrhA38HpSSGtfiCk8lpziC3K.jpg
7220,tt0330793,The Punisher,The Punisher,"When undercover FBI agent Frank Castle's wife and son are slaughtered, he becomes 'the Punisher' -- a ruthless vigilante willing to go to any length to avenge his family.",2004-04-15,"['Action', 'Crime', 'Drama']","['undercover', 'submachine gun', 'chain', 'superhero', 'twin brother', 'based on comic', 'revenge', 'vigilante', 'organized crime', 'neighbor', 'one man army', 'massacre', 'family reunion', 'pier', 'tampa, florida', 'fbi agent']","['Thomas Jane', 'John Travolta', 'Will Patton', 'Roy Scheider', 'Laura Harring']",Jonathan Hensleigh,6.4,3118,17.1121,124,/7rmA1HwYp2GKM85BL0cVwCaosGr.jpg
1084244,tt29355505,Toy Story 5,Toy Story 5,"When Bonnie receives a Lilypad tablet as a gift and becomes obsessed, Buzz, Woody, Jessie and the rest of the gang's jobs become exponentially harder when they have to go head to head with the all-new threat to playtime.",2026-06-17,"['Animation', 'Family', 'Comedy', 'Adventure']","['farm', 'island', 'pig', 'horse', 'rescue mission', 'rivalry', 'sequel', 'stranded', 'walkie talkie', 'cowboy', 'buddy comedy', 'toy comes to life', 'hippo', 'toilet paper', 'replacement', 'toy', 'frog', '3d animation', 'tablet', 'ipad']","['Tom Hanks', 'Tim Allen', 'Joan Cusack', 'Greta Lee', ""Conan O'Brien""]",Andrew Stanton,0.0,0,17.1064,102,/dWIAOC9EKFehGs3CYvDQih3hxaG.jpg
823464,tt14539740,Godzilla x Kong: The New Empire,Godzilla x Kong: The New Empire,"Following their explosive showdown, Godzilla and Kong must reunite against a colossal undiscovered threat hidden within our world, challenging their very existence – and our own.",2024-03-27,"['Action', 'Adventure', 'Science Fiction']","['giant monster', 'sequel', 'dinosaur', 'monkey', 'kaiju', 'fantasy world', 'giant ape', 'godzilla', 'king kong', 'amused', 'bold', 'cliché']","['Rebecca Hall', 'Brian Tyree Henry', 'Dan Stevens', 'Kaylee Hottle', 'Alex Ferns']",Adam Wingard,7.052,4646,17.0708,115,/z1p34vh7dEOnLDmyCrlUVLuoDzd.jpg
484503,tt6553018,The Black Pearl,黑珍珠,"Women are beaten, raped, tortured and killed in brutal prison.",1982-01-01,['Drama'],"[""women's prison"", 'torture']","['Hsiang Yun-Peng', 'Sophia Ching', 'Wa Lun', 'Phoenix Chu']",Yao Feng-Pan,0.0,0,16.98,0,/yRlYkjecV3lJf51jIJI9ECzofVQ.jpg
1499885,tt36332085,The Red Book Ritual: Gates of Hell,The Red Book Ritual: Gates of Hell,"Robbie embarks on a dangerous quest to contact his deceased girlfriend through a ritual that summons the dead. He heads to an abandoned house with a group of young people to perform the ""Red Book Ritual."" But during the summoning, supernatural forces awaken. Now they must face ancient horrors to survive.",2025-09-18,['Horror'],[],"['Mario González Martí', 'Lizzie Gómez', 'Matias Miranda', 'Tainá Lipinski', 'Bianca Vacchetta']",Carlos Baena,6.577,26,16.9421,0,/dOLRsvnjOB6rCx6olyRsMT92PxI.jpg
1275779,tt15047880,Disclosure Day,Disclosure Day,"If you found out we weren’t alone, if someone showed you, proved it to you, would that frighten you?",2026-06-10,"['Mystery', 'Science Fiction', 'Thriller']","['alien', 'alien invasion']","['Emily Blunt', ""Josh O'Connor"", 'Colin Firth', 'Eve Hewson', 'Colman Domingo']",Steven Spielberg,0.0,0,16.9309,0,/3o5YPjDGDTcTDL5ftDA9NwN9dLd.jpg
696393,tt8879928,Cold Storage,Cold Storage,"When a mutating, highly contagious fungus escapes a sealed facility, two employees – joined by a grizzled bioterror operative – must survive the wildest night shift ever to save humanity from extinction.",2026-01-22,"['Horror', 'Science Fiction', 'Comedy']","['australia', 'based on novel or book', 'mutation', 'vomit', 'deer', 'outbreak', 'survival', 'nuclear bomb', 'epidemic', 'fungus', 'underground facility', 'storage compound', 'hilarious', 'sci-fi horror', 'harsh', 'comedy horror']","['Georgina Campbell', 'Joe Keery', 'Sosie Bacon', 'Vanessa Redgrave', 'Lesley Manville']",Jonny Campbell,6.8,424,16.9248,99,/3HA2iiq982e01EKXJvPFyfMADVM.jpg
228150,tt2713180,Fury,Fury,"April, 1945. As the Allies make their final push in the European Theatre, a battle-hardened army sergeant named Wardaddy commands a Sherman tank and her five-man crew on a deadly mission behind enemy lines. Outnumbered and outgunned, and with a rookie soldier thrust into their platoon, Wardaddy and his men face overwhelming odds in their heroic attempts to strike at the heart of Nazi Germany.",2014-10-15,"['War', 'Drama', 'Action']","['hero', 'nazi', 'ambush', 'bravery', 'world war ii', 'heroism', 'tank', 'europe', 'execution', 'battle', 'brutality', 'hatred', 'tank battle', '1940s', 'enclosed space', 'beating the odds', 'european theatre', 'tanks']","['Brad Pitt', 'Shia LaBeouf', 'Logan Lerman', 'Michael Peña', 'Jon Bernthal']",David Ayer,7.5,12892,16.8527,135,/pfte7wdMobMF4CVHuOxyu6oqeeA.jpg
801335,tt13269536,Girl in the Basement,Girl in the Basement,"Sara is a teen girl who is looking forward to her 18th birthday to move away from her controlling father Don. But before she could even blow out the candles, Don imprisons her in the basement of their home.",2021-02-27,"['Thriller', 'Crime', 'TV Movie']","['imprisonment', 'based on true story', 'basement', 'controlling parent', 'depressing']","['Judd Nelson', 'Stefanie Scott', 'Joely Fisher', 'Braxton Bjerken', 'Kim Rosen']",Elisabeth Röhm,7.563,851,16.811,88,/tPP9n6r5QrIKPnshnJqE7klptj2.jpg
9502,tt0441773,Kung Fu Panda,Kung Fu Panda,"Chosen by prophecy but doubted by all, Po is an unlikely choice for the mystical title of the Dragon Warrior—a clumsy panda thrust into the world of kung fu as a deadly enemy threatens the Valley of Peace. Under reluctant guidance by Master Shifu and the Furious Five, Po must embrace who he is to unlock the power that no scroll can teach.",2008-06-04,"['Action', 'Animation', 'Comedy', 'Family']","['martial arts', 'kung fu', 'strong woman', 'china', 'tiger', 'bravery', 'restaurant', 'villain', 'chosen one', 'shop', 'panda', 'sensei', 'anthropomorphism', 'fighting', 'master', 'destiny', 'crane', 'rope bridge', 'aftercreditsstinger', 'wuxia', 'monkey warrior', 'viper', 'inspirational', 'excited']","['Jack Black', 'Dustin Hoffman', 'Angelina Jolie', 'Ian McShane', 'Seth Rogen']",Mark Osborne,7.32,12586,16.7962,90,/wWt4JYXTg5Wr3xBW2phBrMKgp3x.jpg
829560,tt21106646,The Next 365 Days,Kolejne 365 dni,Laura and Massimo's relationship hangs in the balance as they try to overcome trust issues while a tenacious Nacho works to push them apart.,2022-08-18,"['Romance', 'Drama']","['gangster', 'bdsm', 'rich man poor woman', 'disrespectful']","['Anna-Maria Sieklucka', 'Michele Morrone', 'Simone Susinna', 'Magdalena Lamparska', 'Otar Saralidze']",Barbara Białowąs,6.378,1314,16.7826,112,/8AWm7iMcsCI3DdGz4YEJtiMDp8Z.jpg
293660,tt1431045,Deadpool,Deadpool,"The origin story of former Special Forces operative turned mercenary Wade Wilson, who, after being subjected to a rogue experiment that leaves him with accelerated healing powers, adopts the alter ego Deadpool. Armed with his new abilities and a dark, twisted sense of humor, Deadpool hunts down the man who nearly destroyed his life.",2016-02-09,"['Action', 'Adventure', 'Comedy']","['superhero', 'anti hero', 'mercenary', 'based on comic', 'aftercreditsstinger', 'duringcreditsstinger']","['Ryan Reynolds', 'Morena Baccarin', 'Ed Skrein', 'T.J. Miller', 'Gina Carano']",Tim Miller,7.624,32684,16.7541,108,/3E53WEZJqP6aM84D8CckXx4pIHw.jpg
796,tt0139134,Cruel Intentions,Cruel Intentions,"Slaking a thirst for dangerous games, Kathryn challenges her stepbrother, Sebastian, to deflower their headmaster's daughter before the summer ends. If he succeeds, the prize is the chance to bed Kathryn. But if he loses, Kathryn will claim his most prized possession.",1999-03-05,"['Drama', 'Romance']","['bet', 'virgin', 'drug abuse', 'sibling relationship', 'based on novel or book', 'sexual obsession', 'upper class', 'cynic', 'sadistic', 'eroticism', 'innocence', 'cocaine', 'manipulation', 'seduction', 'love letter', 'private school', 'addiction', 'love', 'incest', 'psychotherapy', 'dangerous liaison', 'clinical', 'antagonistic']","['Sarah Michelle Gellar', 'Ryan Phillippe', 'Reese Witherspoon', 'Selma Blair', 'Louise Fletcher']",Roger Kumble,6.8,3549,16.7539,97,/76cCsRtQ5MJBAqoigojXsLXLJwh.jpg
483685,tt5265536,Tokyo Ghoul: Jack,東京喰種トーキョーグール【JACK】,"Who needs school, who needs baseball, and who needs friends? That's the attitude of high school delinquent, Taishi Fura, who became a loner after falling out with his peers. One day, he witnesses the brutal attack of a ghoul, which left one of his former friends in the hospital and the other dead. Determined to avenge them, Fura decides to pursue the man-eating monster.  His efforts allow him to cross paths with Kishou Arima, a quiet student who also attends his high school. Arima, however, is no ordinary student. Despite his young age, he is a full-fledged investigator of the CCG, a government task force that strives to deal with the ghoul threat. Together, Fura and Arima hunt down the ghoul, known as Lantern, but it soon becomes apparent the monster may be closer than anyone suspects.  In this side story, Tokyo Ghoul: ""Jack"" offers a glimpse into the past of Kishou Arima, well before he ever became the CCG's feared God of Death.",2015-09-05,"['Horror', 'Action', 'Animation', 'Drama']","['monster', 'gore', 'prequel', 'tragedy', 'school', 'based on manga', 'spin off', 'ghoul', 'seinen', 'anime', 'japanese high school', 'original video animation (ova)']","['Saori Hayami', 'Daisuke Namikawa', 'Ryohei Kimura', 'Rumi Okubo', 'Tatsuhisa Suzuki']",Soichi Shimada,7.62,96,16.6652,30,/1JjfOrZQAmdsR9bPKlwmL6u0eaG.jpg
1173476,tt14834114,Michael Jackson: Faking It,Michael Jackson: Faking It,"Before his death in 2009, Michael Jackson was the biggest pop star on the planet. But his private life was marred by allegations of child sex abuse. Experts in body language, speech and forensic psychology explore whether he was ""faking it"" on camera.",2023-09-10,"['Documentary', 'Crime']",[],"['Michael Jackson', 'Kerry Daynes', 'Martin Bashir', 'Macaulay Culkin', 'Paris Jackson']",,5.2,2,16.6509,45,/aZbRJYyj9bSJpFI5SvnrE5565qJ.jpg
829557,tt12996154,365 Days: This Day,365 dni: Ten dzień,"Laura and Massimo are back and hotter than ever. But the reunited couple's new beginning is complicated by Massimo’s family ties and a mysterious man who enters Laura’s life to win her heart and trust, at any cost.",2022-04-26,"['Romance', 'Drama']","['gangster', 'sequel', 'bdsm', 'rich man poor woman', 'sex', 'erotique']","['Anna-Maria Sieklucka', 'Michele Morrone', 'Simone Susinna', 'Magdalena Lamparska', 'Otar Saralidze']",Barbara Białowąs,5.9,1842,16.6503,110,/7qU0SOVcQ8BTJLodcAlulUAG16C.jpg
425,tt0268380,Ice Age,Ice Age,"Manny the mammoth, Sid the loquacious sloth, and Diego the sabre-toothed tiger go on a comical quest to return a human baby back to his father, across a world on the brink of an ice age.",2002-03-14,"['Animation', 'Comedy', 'Family', 'Adventure']","['dying and death', 'human evolution', 'parent child relationship', 'squirrel', 'loss of loved one', 'mammoth', 'sloth', 'villain', 'stone age', 'prehistory', 'prehistoric creature', 'saber-toothed tiger', 'cavemen', 'road movie', 'neanderthal', 'prehistoric man', 'dodo bird', 'nut', 'ground sloth']","['Ray Romano', 'John Leguizamo', 'Denis Leary', 'Goran Višnjić', 'Jack Black']",Chris Wedge,7.371,14245,16.6498,82,/gLhHHZUzeseRXShoDyC4VqLgsNv.jpg
49051,tt0903624,The Hobbit: An Unexpected Journey,The Hobbit: An Unexpected Journey,"Bilbo Baggins, a hobbit enjoying his quiet life, is swept into an epic quest by Gandalf the Grey and thirteen dwarves who seek to reclaim their mountain home from Smaug, the dragon.",2012-12-12,"['Adventure', 'Fantasy', 'Action']","['based on novel or book', 'elves', 'dwarf', 'magic', 'horseback riding', 'sword', 'burglar', 'legend', 'riddle', 'mountain', 'contract', 'travel', 'troll', 'creature', 'thunderstorm', 'fantasy world', 'wizard', 'epic battle', 'lost ring', 'journey', 'ring', 'tunnel', 'underground lake', 'buried treasure', 'invisibility', 'quest', 'live action and animation', 'high fantasy', 'sword and sorcery', 'trekking', 'goblins', 'good versus evil', 'fantasy creature', 'amused']","['Martin Freeman', 'Ian McKellen', 'Richard Armitage', 'James Nesbitt', 'Ken Stott']",Peter Jackson,7.373,19589,16.6196,169,/yHA9Fc37VmpUA5UncTxxo3rTGVA.jpg
508947,tt8097030,Turning Red,Turning Red,"Thirteen-year-old Mei is experiencing the awkwardness of being a teenager with a twist – when she gets too excited, she transforms into a giant red panda.",2022-03-10,"['Animation', 'Family', 'Comedy', 'Fantasy']","['friendship', 'canada', 'concert', 'temple', 'shapeshifting', 'toronto, canada', 'coming of age', 'teenage girl', 'female protagonist', 'east asian lead', 'animals', 'domineering mother', 'perfectionist', 'aftercreditsstinger', 'woman director', 'ancestor', 'boy band', 'mother daughter relationship', 'hilarious', 'red panda']","['Rosalie Chiang', 'Sandra Oh', 'Ava Morse', 'Hyein Park', 'Maitreyi Ramakrishnan']",Domee Shi,7.323,5787,16.5483,100,/qsdjk9oAKSQMWs0Vt5Pyfh6O4GZ.jpg
49013,tt1216475,Cars 2,Cars 2,Star race car Lightning McQueen and his pal Mater head overseas to compete in the World Grand Prix race. But the road to the championship becomes rocky as Mater gets caught up in an intriguing adventure of his own: international espionage.,2011-06-11,"['Animation', 'Family', 'Adventure', 'Comedy']","['car race', 'sports', 'spy', 'villain', 'sequel', 'anthropomorphism', 'best friend', 'british spy', 'duringcreditsstinger', 'grand prix', 'loving', 'cars']","['Larry the Cable Guy', 'Owen Wilson', 'Michael Caine', 'Emily Mortimer', 'Eddie Izzard']",John Lasseter,6.178,8450,16.5174,106,/okIz1HyxeVOMzYwwHUjH2pHi74I.jpg
823219,tt4772188,Flow,Straume,"A solitary cat, displaced by a great flood, finds refuge on a boat with various species and must navigate the challenges of adapting to a transformed world together.",2024-08-29,"['Adventure', 'Animation', 'Family', 'Fantasy']","['ocean', 'cat', 'boat', 'dystopia', 'survival', 'dog', 'ruins', 'flood', 'lemur', 'kids', 'somber', 'bird', '3d animation', 'no dialogue', 'teamwork', 'fantasy', 'absurd', 'capybara', 'adventure', 'admiring', 'complicated']",[],Gints Zilbalodis,8.086,2793,16.4337,85,/zME0Ul0w48MKkYBnFRn40M5qgLh.jpg
578,tt0073195,Jaws,Jaws,"When the seaside community of Amity finds itself under attack by a dangerous great white shark, the town's chief of police, a young marine biologist, and a grizzled shark hunter embark on a desperate quest to kill the beast before it strikes again.",1975-06-20,"['Horror', 'Thriller', 'Adventure']","['dying and death', 'beach', 'based on novel or book', 'bathing', 'shipwreck', 'fishing', 'atlantic ocean', 'shark attack', 'police chief', 'ferry boat', 'animal attack', 'long island, new york', 'dead child', 'creature', 'skinny dipping', 'shark', 'great white shark', 'dead dog', 'killer shark', 'child killed by animal', 'fourth of july', 'severed leg', 'fishing boat', 'sea adventure', 'animal horror', 'shark cage']","['Roy Scheider', 'Robert Shaw', 'Richard Dreyfuss', 'Lorraine Gary', 'Murray Hamilton']",Steven Spielberg,7.7,11495,16.3846,124,/tjbLSFwi0I3phZwh8zoHWNfbsEp.jpg
573435,tt4919268,Bad Boys: Ride or Die,Bad Boys: Ride or Die,"After their late former Captain is framed, Lowrey and Burnett try to clear his name, only to end up on the run themselves.",2024-06-05,"['Action', 'Comedy', 'Crime']","['miami, florida', 'sequel', 'police headquarter', 'on the run', 'police detective', 'buddy cop', 'buddy comedy', 'aftercreditsstinger', 'police manhunt', 'blockbuster', 'high-speed chase', 'adrenaline', 'criminal hideout', 'public scandal', 'wrongful accusation']","['Will Smith', 'Martin Lawrence', 'Vanessa Hudgens', 'Alexander Ludwig', 'Paola Nuñez']",Adil El Arbi,7.326,3315,16.372,116,/oGythE98MYleE6mZlGs5oBGkux1.jpg
17903,tt1155053,A Frozen Flower,쌍화점,A historical drama set in the Koryo dynasty and focused on the relationship between a king and his bodyguard.,2008-12-30,['Drama'],"['adultery', 'romance', 'sword fight', 'tragedy', 'betrayal', 'lgbt', 'goryeo dynasty', 'gay theme', ""boys' love (bl)"", 'psychological romance']","['Zo In-sung', 'Ju Jin-mo', 'Song Ji-hyo', 'Shim Ji-ho', 'Seo Young-joo']",Yoo Ha,6.854,157,16.3576,133,/jvGmbNUh0eq9ShQmMSof0DXXHWY.jpg
284054,tt1825683,Black Panther,Black Panther,"King T'Challa returns home to the reclusive, technologically advanced African nation of Wakanda to serve as his country's new leader. However, T'Challa soon finds that he is challenged for the throne by factions within his own country as well as without. Using powers reserved to Wakandan kings, T'Challa assumes the Black Panther mantle to join with ex-girlfriend Nakia, the queen-mother, his princess-kid sister, members of the Dora Milaje (the Wakandan 'special forces') and an American secret agent, to prevent Wakanda from being dragged into a world war.",2018-02-13,"['Action', 'Adventure', 'Science Fiction']","['africa', 'superhero', 'based on comic', 'aftercreditsstinger', 'duringcreditsstinger', 'marvel cinematic universe (mcu)']","['Chadwick Boseman', 'Michael B. Jordan', ""Lupita Nyong'o"", 'Danai Gurira', 'Martin Freeman']",Ryan Coogler,7.4,23444,16.3459,135,/uxzzxijgPIY7slzFvMotPv8wjKA.jpg
39254,tt0433035,Real Steel,Real Steel,"Charlie Kenton is a washed-up fighter who retired from the ring when robots took over the sport. After his robot is trashed, he reluctantly teams up with his estranged son to rebuild and train an unlikely contender.",2011-09-28,"['Action', 'Science Fiction', 'Drama']","['future', 'sports', 'parent child relationship', 'fight', 'robot', 'prizefight', 'father son reunion', 'robot fighting', 'boxing', '2020s']","['Hugh Jackman', 'Dakota Goyo', 'Evangeline Lilly', 'Kevin Durand', 'Anthony Mackie']",Shawn Levy,7.075,9077,16.3264,127,/4GIeI5K5YdDUkR3mNQBoScpSFEf.jpg
559,tt0413300,Spider-Man 3,Spider-Man 3,"The seemingly invincible Spider-Man goes up against an all-new crop of villains—including the shape-shifting Sandman. While Spider-Man’s superpowers are altered by an alien organism, his alter ego, Peter Parker, deals with nemesis Eddie Brock and also gets caught up in a love triangle.",2007-05-01,"['Action', 'Adventure', 'Science Fiction']","['amnesia', 'dual identity', ""love of one's life"", 'loss of loved one', 'forgiveness', 'hostility', 'superhero', 'sandstorm', 'spider', 'wretch', 'sand', 'narcissism', 'egomania', 'based on comic', 'sequel', 'revenge', 'symbiote', 'amused']","['Tobey Maguire', 'Kirsten Dunst', 'James Franco', 'Thomas Haden Church', 'Topher Grace']",Sam Raimi,6.457,15169,16.2884,139,/qFmwhVUoUSXjkKRmca5yGDEXBIj.jpg
38757,tt0398286,Tangled,Tangled,"Feisty teenager Rapunzel, who has long and magical hair, wants to go and see sky lanterns on her eighteenth birthday, but she's bound to a tower by her overprotective mother. She strikes a deal with Flynn Rider, a charming wanted thief, and the duo set off on an action-packed escapade.",2010-11-24,"['Animation', 'Family', 'Adventure']","['princess', 'magic', 'hostage', 'fairy tale', 'horse', 'villain', 'musical', 'blonde', 'coming of age', 'tower', 'selfishness', 'healing power', 'female villain', 'adventurer', 'based on fairy tale', 'duringcreditsstinger', 'healing gift', 'animal sidekick', 'magic land', '3d animation', 'amused', 'hopeful']","['Mandy Moore', 'Zachary Levi', 'Donna Murphy', 'Ron Perlman', 'M.C. Gainey']",Byron Howard,7.61,12355,16.2872,100,/ym7Kst6a4uodryxqbGOxmewF235.jpg
920,tt0317219,Cars,Cars,"Lightning McQueen, a hotshot rookie race car driven to succeed, discovers that life is about the journey, not the finish line, when he finds himself unexpectedly detoured in the sleepy Route 66 town of Radiator Springs. On route across the country to the big Piston Cup Championship in California to compete against two seasoned pros, McQueen gets to know the town's offbeat characters.",2006-06-08,"['Animation', 'Adventure', 'Comedy', 'Family']","['friendship', 'car race', 'sports', 'villain', 'success', 'route 66', 'porsche', 'retirement', 'road trip', 'anthropomorphism', 'love', 'racing', 'rural area', 'los angeles, california', 'aftercreditsstinger', 'duringcreditsstinger', 'rookie', 'dedication', 'humility', 'cars', 'whimsical', 'arrogant', 'disdainful', 'enthusiastic', 'frustrated']","['Owen Wilson', 'Paul Newman', 'Bonnie Hunt', 'Larry the Cable Guy', 'Cheech Marin']",John Lasseter,7.0,15075,16.2775,117,/2Touk3m5gzsqr1VsvxypdyHY5ci.jpg
1317149,tt31514146,I Swear,I Swear,"Diagnosed with Tourette Syndrome at 15, John Davidson navigates his way against the odds through troubled teenage years and into adulthood, finding inspiration in the kindness of others to discover his true purpose in life.",2025-09-22,['Drama'],"['scotland', 'dark comedy', 'biography', 'based on true story', 'alienation', 'outcast', 'tourette syndrome', 'docudrama', '1980s', '1990s', 'triumph over adversity', 'cliché', 'based on real person', 'tragedy drama']","['Robert Aramayo', 'Maxine Peake', 'Peter Mullan', 'Shirley Henderson', 'Scott Ellis Watson']",Kirk Jones,8.214,287,16.262,121,/vUwyhNWBKkSwK8ELvEeBRwV724h.jpg
1003596,tt21357150,Avengers: Doomsday,Avengers: Doomsday,Beloved heroes from three distinct universes are set on a deadly collision course and face an existential threat unlike anything they've ever encountered.,2026-12-16,"['Science Fiction', 'Action', 'Adventure']","['superhero', 'based on comic', 'sequel', 'superhero team', 'marvel cinematic universe (mcu)']","['Robert Downey Jr.', 'Chris Evans', 'Chris Hemsworth', 'Pedro Pascal', 'Paul Rudd']",Joe Russo,0.0,0,16.2335,0,/8HkIe2i4ScpCkcX9SzZ9IPasqWV.jpg
981044,tt5657732,Groper Train: Touch That Girl,痴漢電車 あの娘にタッチ,"Matsutaro runs a small movie theater, but due to the recession, it is not very popular. His wife Junko lives separately from him because he is impotent, and runs a video shop. One day, a young woman named Mirai attempts suicide in the movie theater. Mirai regains her strength and starts using the massage techniques she learned at the soapland to cure Matsutaro's impotence, but...",1988-01-30,['Romance'],"['softcore', 'pink film', 'groper train']","['Shouko Oginome', 'Kyoko Hashimoto', 'Shinobu Kawana', 'Rino Shimazaki', 'Ai Kobayashi']",Mototsugu Watanabe,4.2,4,16.2304,64,/9WGXuf45ywhXmGIA38oO6X3cpCb.jpg
953,tt0351283,Madagascar,Madagascar,Four animal friends get a taste of the wild life when they break out of captivity at the Central Park Zoo and wash ashore on the island of Madagascar.,2005-05-25,"['Adventure', 'Animation', 'Comedy', 'Family']","['friendship', 'island', 'escape', 'africa', 'lion', 'zoo', 'hippopotamus', 'giraffe', 'penguin', 'cartoon', 'villain', 'zebra', 'slapstick comedy', 'madagascar', 'animals', 'lemur', 'escaped animal', 'talking animal', '3d animation', 'witty']","['Ben Stiller', 'Chris Rock', 'David Schwimmer', 'Jada Pinkett Smith', 'Sacha Baron Cohen']",Eric Darnell,6.922,11694,16.1481,86,/zMpJY5CJKUufG9OTw0In4eAFqPX.jpg
128,tt0119698,Princess Mononoke,もののけ姫,"Ashitaka, a prince of the disappearing Emishi people, is cursed by a demonized boar god and must journey to the west to find a cure. Along the way, he encounters San, a young human woman fighting to protect the forest, and Lady Eboshi, who is trying to destroy it. Ashitaka must find a way to bring balance to this conflict.",1997-07-12,"['Adventure', 'Fantasy', 'Animation']","['friendship', 'human vs nature', 'wolf', 'fight', 'wild boar', 'territory', 'leprosy', 'feral child', 'decapitation', 'rural area', 'historical fiction', 'spirit', 'demon', 'nature', 'environmentalism', 'adult animation', 'deforestation', 'anime', 'thoughtful', 'philosophical', 'industrialization', 'fantasy', 'adventure']","['Yoji Matsuda', 'Yuriko Ishida', 'Yuko Tanaka', 'Kaoru Kobayashi', 'Masahiko Nishimura']",Hayao Miyazaki,8.322,8946,16.1376,134,/cMYCDADoLKLbB83g4WnJegaZimC.jpg
68721,tt1300854,Iron Man 3,Iron Man 3,"When Tony Stark's world is torn apart by a formidable terrorist called the Mandarin, he starts an odyssey of rebuilding and retribution.",2013-04-18,"['Action', 'Adventure', 'Science Fiction']","['california', 'war on terror', 'superhero', 'malibu', 'based on comic', 'tennessee', 'billionaire', 'aftercreditsstinger', 'marvel cinematic universe (mcu)', 'christmas', 'america']","['Robert Downey Jr.', 'Gwyneth Paltrow', 'Don Cheadle', 'Guy Pearce', 'Rebecca Hall']",Shane Black,6.932,23379,16.1352,130,/qhPtAc1TKbMPqNvcdXSOn9Bn7hZ.jpg
13078,tt0796302,The Babysitters,The Babysitters,"Seventeen-year-old Shirley is a good student who works as a babysitter in order to make money for college. One night Michael, a father Shirley works for, confesses he's unhappy with married life. Shirley has a crush on Michael, and seizes this moment to kiss him. Michael is so happy he presents Shirley with a big tip, which gives her an idea. Shirley plans to make extra money by setting up her teenage friends with other unhappy fathers.",2008-05-09,['Drama'],"['daughter', 'adultery', 'high school', 'babysitter', 'business idea', 'cabin', 'statutory rape', 'train', 'prostitution', 'older man younger woman relationship', 'drugs', 'teenage sexuality', 'unhappy marriage']","['John Leguizamo', 'Katherine Waterston', 'Cynthia Nixon', 'Andy Comeau', ""Denis O'Hare""]",David Ross,5.993,539,16.0964,88,/nsrNUqGXI95unRKZEu8BJ584xWn.jpg
986056,tt20969586,Thunderbolts*,Thunderbolts*,"After finding themselves ensnared in a death trap, seven disillusioned castoffs must embark on a dangerous mission that will force them to confront the darkest corners of their pasts.",2025-04-30,"['Action', 'Science Fiction', 'Adventure']","['new york city', 'superhero', 'villain', 'based on comic', 'super power', 'mental health', 'aftercreditsstinger', 'duringcreditsstinger', 'marvel cinematic universe (mcu)', 'congressman', 'father daughter relationship', 'impeachment', ""survivor's guilt"", 'antihero', 'ragtag', 'band of misfits', 'epic heroes']","['Florence Pugh', 'Sebastian Stan', 'Julia Louis-Dreyfus', 'Lewis Pullman', 'David Harbour']",Jake Schreier,7.289,3465,16.0904,127,/hqcexYHbiTBfDIdDWxrxPtVndBX.jpg
10193,tt0435761,Toy Story 3,Toy Story 3,"Woody, Buzz, and the rest of Andy's toys haven't been played with in years. With Andy about to go to college, the gang find themselves accidentally left at a nefarious day care center. The toys must band together to escape and return home to Andy.",2010-06-16,"['Animation', 'Family', 'Comedy']","['escape', 'hostage', 'college', 'villain', 'sequel', 'buddy', 'daycare', 'teddy bear', 'duringcreditsstinger', 'toy comes to life', 'personification', 'inanimate objects come to life', 'dramatic']","['Tom Hanks', 'Tim Allen', 'Joan Cusack', 'Don Rickles', 'Wallace Shawn']",Lee Unkrich,7.805,15681,16.0865,102,/AbbXspMOwdvwWZgVN0nabZq03Ec.jpg
359410,tt3359350,Road House,Road House,"Ex-UFC fighter Dalton takes a job as a bouncer at a Florida Keys roadhouse, only to discover that this paradise is not all it seems.",2024-03-08,"['Action', 'Thriller', 'Drama']","['florida keys', 'mixed martial arts (mma)', 'remake', 'bouncer', 'fighting', 'duringcreditsstinger', 'ufc', 'lighthearted']","['Jake Gyllenhaal', 'Conor McGregor', 'Billy Magnussen', 'Travis Van Winkle', 'Darren Barnet']",Doug Liman,6.938,3012,16.064,121,/fDEdtS4P0gJsxHDIt8dG8TR5dx1.jpg
156022,tt0455944,The Equalizer,The Equalizer,"McCall believes he has put his mysterious past behind him and dedicated himself to beginning a new, quiet life. But when he meets Teri, a young girl under the control of ultra-violent Russian gangsters, he can’t stand idly by – he has to help her. Armed with hidden skills that allow him to serve vengeance against anyone who would brutalize the helpless, McCall comes out of his self-imposed retirement and finds his desire for justice reawakened. If someone has a problem, if the odds are stacked against them, if they have nowhere else to turn, McCall will help. He is The Equalizer.",2014-09-24,"['Thriller', 'Action', 'Crime']","['assassin', 'corruption', 'hitman', 'call girl', 'sadism', 'hostage', 'gangster', 'fbi', 'gore', 'remake', 'sociopath', 'revenge', 'vigilante', 'organized crime', 'teenage prostitute', 'commando', 'interrogation', 'surveillance', 'fake death', 'ex soldier', 'loner', 'black ops', 'hand to hand combat', 'mysterious past', 'vigilante justice']","['Denzel Washington', 'Marton Csokas', 'Chloë Grace Moretz', 'David Harbour', 'Haley Bennett']",Antoine Fuqua,7.286,9914,16.0396,132,/9u4yW7yPA0BQ2pv9XwiNzItwvp8.jpg
38365,tt1375670,Grown Ups,Grown Ups,"After their high school basketball coach passes away, five good friends and former teammates reunite for a Fourth of July holiday weekend.",2010-06-24,['Comedy'],"['friendship', 'overweight', 'affectation', 'convertible', 'swing', 'foot', 'friends', 'arrow', 'buddy comedy', 'buddies', 'playful', 'absurd', 'amused']","['Adam Sandler', 'Kevin James', 'Chris Rock', 'David Spade', 'Rob Schneider']",Dennis Dugan,6.403,6642,16.0247,102,/cQGM5k1NtU85n4TUlrOrwijSCcm.jpg
436969,tt6334354,The Suicide Squad,The Suicide Squad,"Supervillains Harley Quinn, Bloodsport, Peacemaker and a collection of nutty cons at Belle Reve prison join the super-secret, super-shady Task Force X as they are dropped off at the remote, enemy-infused island of Corto Maltese.",2021-07-28,"['Action', 'Comedy', 'Adventure']","['monster', 'secret mission', 'superhero', 'anti hero', 'giant monster', 'gore', 'based on comic', 'alien', 'betrayal', 'alien invasion', 'convict', 'parasite', 'super villain', 'world domination', 'aftercreditsstinger', 'aggressive', 'dc extended universe (dceu)', 'absurd', 'hilarious', 'intense', 'excited']","['Margot Robbie', 'Idris Elba', 'John Cena', 'Joel Kinnaman', 'Sylvester Stallone']",James Gunn,7.461,9554,16.0128,132,/q61qEyssk2ku3okWICKArlAdhBn.jpg
1930,tt0948470,The Amazing Spider-Man,The Amazing Spider-Man,"Peter Parker is an outcast high schooler abandoned by his parents as a boy, leaving him to be raised by his Uncle Ben and Aunt May. Like most teenagers, Peter is trying to figure out who he is and how he got to be the person he is today. As Peter discovers a mysterious briefcase that belonged to his father, he begins a quest to understand his parents' disappearance – leading him directly to Oscorp and the lab of Dr. Curt Connors, his father's former partner. As Spider-Man is set on a collision course with Connors' alter ego, The Lizard, Peter will make life-altering choices to use his powers and shape his destiny to become a hero.",2012-06-23,"['Action', 'Adventure', 'Science Fiction']","['experiment', 'loss of loved one', 'superhero', 'based on comic', 'vigilante', 'teenage girl', 'teenage boy', 'super power', 'spider bite', 'masked vigilante', 'reboot', 'genetic engineering', 'social outcast', 'death of husband', 'duringcreditsstinger', 'virus', 'teen superhero', 'teenage angst', 'vigilante justice']","['Andrew Garfield', 'Emma Stone', 'Rhys Ifans', 'Denis Leary', 'Martin Sheen']",Marc Webb,6.7,18462,15.9921,136,/jexoNYnPd6vVrmygwF6QZmWPFdu.jpg
285,tt0449088,Pirates of the Caribbean: At World's End,Pirates of the Caribbean: At World's End,"After losing Captain Jack Sparrow to the locker of Davy Jones, Will Turner, Elizabeth Swann, and Captain Barbossa journey to the ends of the earth to rescue him. And as the East India Trading Company tightens its grip on the seas under Lord Cutler Beckett—now in control of Davy Jones—the fate of piracy hangs by a thread. Now, they must unite the pirate lords for one final stand. But as loyalties are tested and alliances shift, each must ultimately choose where they stand in the battle for freedom on the high seas.",2007-05-19,"['Adventure', 'Fantasy', 'Action']","['exotic island', 'strong woman', ""love of one's life"", 'afterlife', 'traitor', 'singapore', 'shipwreck', 'sword fight', 'pirate', 'monkey', 'swashbuckler', 'flying dutchman', 'rum', 'sailing ship', 'aftercreditsstinger', 'british navy', 'mass hanging', 'playful', 'whimsical', 'celebratory', 'excited', 'joyful']","['Johnny Depp', 'Geoffrey Rush', 'Orlando Bloom', 'Keira Knightley', 'Jack Davenport']",Gore Verbinski,7.268,15406,15.9642,169,/jGWpG4YhpQwVmjyHEGkxEkeRf0S.jpg
1266781,tt32370862,Natacha (Almost) Air Hostess,Natacha (presque) hôtesse de l'air,"France, 1963. Since she was a child, Natacha has dreamed of freedom and adventure. Her dream has a name: air hostess. She admires the women who fly the world, with no ties, no husbands, and no cooking to do. Despite all her efforts Natacha does not match the walking fantasy that an air hostess is supposed to embody at the time. She's too... or not enough... whatever it is, she hasn't got it!",2025-04-02,"['Comedy', 'Adventure']","['airplane', 'airport', 'based on comic', 'flight attendant']","['Camille Lou', 'Vincent Dedienne', 'Didier Bourdon', 'Elsa Zylberstein', 'Antoine Gouy']",Noémie Saglio,5.1,35,15.9638,90,/lXK0ORuAgYq54CH7UjWjX9UnNk8.jpg
38,tt0338013,Eternal Sunshine of the Spotless Mind,Eternal Sunshine of the Spotless Mind,"Joel Barish, heartbroken that his girlfriend underwent a procedure to erase him from her memory, decides to do the same. However, as he watches his memories of her fade away, he realises that he still loves her, and may be too late to correct his mistake.",2004-03-19,"['Science Fiction', 'Drama', 'Romance']","['new york city', 'regret', 'jealousy', 'deja vu', 'amnesia', 'dreams', 'operation', 'relationship problems', 'love', 'memory', 'brainwashing', 'relationship', 'heartbreak', 'nonlinear timeline', '2000s', 'memory manipulation', 'psychological drama', 'enchant']","['Jim Carrey', 'Kate Winslet', 'Kirsten Dunst', 'Mark Ruffalo', 'Elijah Wood']",Michel Gondry,8.091,16298,15.9474,108,/5MwkWH9tYHv3mV9OdYTMR5qreIz.jpg
857,tt0120815,Saving Private Ryan,Saving Private Ryan,"As U.S. troops storm the beaches of Normandy, three brothers lie dead on the battlefield, with a fourth trapped behind enemy lines. Ranger captain John Miller and seven men are tasked with penetrating German-held territory and bringing the boy home.",1998-07-24,"['War', 'Drama', 'History']","['dying and death', 'self sacrifice', 'bravery', 'world war ii', 'duty', 'normandy, france', 'troops', 'waffen ss', 'omaha beach', 'rescue mission', 'cowardice', 'us army', 'based on true story', 'd-day', 'military', 'german soldier', 'military operation', '1940s', 'bloody deaths', 'u.s. army soldier', 'u.s. army ranger', 'massive casualties']","['Tom Hanks', 'Tom Sizemore', 'Edward Burns', 'Barry Pepper', 'Adam Goldberg']",Steven Spielberg,8.224,17166,15.9465,169,/uqx37cS8cpHg8U35f9U5IBlrCV3.jpg
1252309,tt31723358,Tell Me What You Want,Pídeme lo que quieras,"After his father's death, Eric Zimmerman travels to Spain to oversee his company's branches. In Madrid, he falls for Judith and engage in an intense, erotic relationship full of exploration. However, Eric fears his secret may end their affair.",2024-11-29,"['Romance', 'Drama']","['spain', 'based on novel or book', 'woman director', 'erotic romance', 'cine español']","['Gabriela Andrada', 'Mario Ermito', 'Celia Freijeiro', 'David Solans', 'Alba Ribas']",Lucía Alemany,6.144,288,15.9403,114,/yZXYCiZQPB7Ui6D5206W1zDKv8P.jpg
670,tt0364569,Oldboy,올드보이,"With no clue how he came to be imprisoned, drugged and tortured for 15 years, a desperate man seeks revenge on his captors.",2003-11-21,"['Drama', 'Thriller', 'Mystery', 'Action']","['daughter', 'martial arts', 'rage and hate', 'hostility', 'transformation', 'imprisonment', 'dark comedy', 'hypnosis', 'sushi restaurant', 'notebook', 'time', 'sin', 'alcoholism', 'flashback', 'revenge', 'loneliness', 'torture', 'based on manga', 'urination', 'rage', 'anger', 'catholic', 'incest', 'captivity', 'neo-noir', 'brother sister sex', 'father daughter relationship', 'asian origins', 'remade', 'south korea', 'hammer', 'driven to suicide', 'brother sister incest', 'father daughter incest']","['Choi Min-sik', 'Yoo Ji-tae', 'Kang Hye-jung', 'Kim Byeong-ok', 'Ji Dae-han']",Park Chan-wook,8.239,9806,15.8137,120,/pWDtjs568ZfOTMbURQBYuT4Qxka.jpg
324786,tt2119532,Hacksaw Ridge,Hacksaw Ridge,"WWII American Army Medic Desmond T. Doss, who served during the Battle of Okinawa, refuses to kill people and becomes the first Conscientious Objector in American history to receive the Congressional Medal of Honor.",2016-10-07,"['Drama', 'History', 'War']","['japan', 'hero', 'world war ii', 'abusive father', 'pacifism', 'bible', 'gore', 'vegetarian', 'biography', 'based on true story', 'okinawa', 'conscientious objector', 'religion', 'soldier', 'alcoholic', 'war hero', 'pacifist', 'medic', 'us military', 'battle of okinawa', 'congressional medal of honor', 'admiring', 'powerful', 'combat medic', 'weaponless', 'seventh-day adventists']","['Andrew Garfield', 'Sam Worthington', 'Vince Vaughn', 'Teresa Palmer', 'Luke Bracey']",Mel Gibson,8.19,14810,15.7856,139,/fnOMP6mjmOmZwmlC1n0K7ivrzt1.jpg
1448560,tt36153493,Wildcat,Wildcat,An ex-black ops team reunite to pull off a desperate heist in order to save the life of their leader’s eight-year-old daughter.,2025-11-19,"['Action', 'Thriller']","['london, england', 'bomb', 'single parent', 'kidnapping', 'diamond heist', 'sign languages', 'cartel', 'diamonds', 'playful', 'deaf girl', 'embarrassed', 'thrilling', 'gangs']","['Kate Beckinsale', 'Lewis Tan', 'Alice Krige', 'Charles Dance', 'Rasmus Hardiker']",James Nunn,6.197,160,15.7771,99,/h893ImjM6Fsv5DFhKJdlZFZIJno.jpg
106,tt0093773,Predator,Predator,A team of elite commandos on a secret mission in a Central American jungle come to find themselves hunted by an extraterrestrial warrior.,1987-06-12,"['Science Fiction', 'Action', 'Adventure', 'Thriller']","['guerrilla warfare', 'central and south america', 'predator', 'trap', 'alien', 'survival', 'stalking', 'creature', 'alien invasion', 'invisible', 'commando', 'aggressive', 'prey', 'violence']","['Arnold Schwarzenegger', 'Carl Weathers', 'Kevin Peter Hall', 'Elpidia Carrillo', 'Bill Duke']",John McTiernan,7.549,9068,15.7634,107,/k3mW4qfJo6SKqe6laRyNGnbB9n5.jpg
286217,tt3659388,The Martian,The Martian,"During a manned mission to Mars, Astronaut Mark Watney is presumed dead after a fierce storm and left behind by his crew. But Watney has survived and finds himself stranded and alone on the hostile planet. With only meager supplies, he must draw upon his ingenuity, wit and spirit to subsist and find a way to signal to Earth that he is alive.",2015-09-30,"['Science Fiction', 'Drama', 'Adventure']","['spacecraft', 'planet mars', 'based on novel or book', 'nasa', 'isolation', 'botanist', 'survival', 'space', 'engineering', 'stranded', 'astronaut', 'struggle for survival', 'aftercreditsstinger', 'duringcreditsstinger', 'curious', 'deep space', 'philosophical', '2030s', 'faithful adaptation', 'optimistic', 'oscar nominee']","['Matt Damon', 'Jessica Chastain', 'Kristen Wiig', 'Jeff Daniels', 'Michael Peña']",Ridley Scott,7.697,21154,15.7605,141,/fASz8A0yFE3QB6LgGoOfwvFSseV.jpg
346,tt0047478,Seven Samurai,七人の侍,"A samurai answers a village's request for protection after he falls on hard times. The town needs protection from bandits, so the samurai gathers six others to help him teach the people how to defend themselves, and the villagers provide the soldiers with food.",1954-04-26,"['Action', 'Drama']","['martial arts', 'japan', 'samurai', 'sword', 'peasant', 'village', 'looting', 'rice', 'fencing', 'moral ambiguity', 'forbidden love', 'black and white', 'battle', 'bandit', 'practice', 'farmer', 'jidaigeki', '16th century', 'class relations', 'collectivism', 'plunder', 'downtrodden farmers', 'bushi', 'tactical warfare', 'violence', 'excited', 'violent']","['Toshirō Mifune', 'Takashi Shimura', 'Yoshio Inaba', 'Seiji Miyaguchi', 'Minoru Chiaki']",Akira Kurosawa,8.452,4218,15.7507,207,/lOMGc8bnSwQhS4XyE1S99uH8NXf.jpg
912649,tt16366836,Venom: The Last Dance,Venom: The Last Dance,"Eddie and Venom are on the run. Hunted by both of their worlds and with the net closing in, the duo are forced into a devastating decision that will bring the curtains down on Venom and Eddie's last dance.",2024-10-22,"['Science Fiction', 'Action', 'Adventure']","['hero', 'superhero', 'anti hero', 'villain', 'alien life-form', 'based on comic', 'sequel', 'aftercreditsstinger', 'woman director']","['Tom Hardy', 'Chiwetel Ejiofor', 'Juno Temple', 'Rhys Ifans', 'Stephen Graham']",Kelly Marcel,6.7,4187,15.7293,109,/vGXptEdgZIhPg3cGlc7e8sNPC2e.jpg
1658982,tt40898187,The Roast of Kevin Hart,The Roast of Kevin Hart,Kevin Hart is in the hot seat and ready for all the smoke as roastmaster Shane Gillis and a dais of A-listers unleash a raw and ruthless night of laughs.,2026-05-10,['Comedy'],"['stand-up comedy', 'roast', 'insult comedy', 'stand-up comedian', 'celebratory', 'cliché', 'enthusiastic', 'hum']","['Kevin Hart', 'Shane Gillis', 'Dwayne Johnson', 'Tony Hinchcliffe', 'Jeff Ross']",Beth McCarthy-Miller,7.0,9,15.7094,172,/oOHRYG7LD2wPSPIvBn4MWdyVnbv.jpg
936245,tt34490115,Hidden Face,히든페이스,"Su-yeon, a cellist in an orchestra led by her fiancé and conductor Sung-jin, disappears one day, leaving behind only a video recording. Sung-jin is devasted over the loss of Su-yeon, but feels a strong attraction to Mi-ju, a cellist who fills in for his fiancée. Then one rainy night, Sung-jin and Mi-ju get swept away by their mutual desires for each other and commit an unforgivable act at Su-yeon's house.",2024-11-20,"['Mystery', 'Thriller']","['remake', 'orchestra conductor', 'secret room']","['Song Seung-heon', 'Cho Yeo-jeong', 'Park Ji-hyun', 'Park Ji-young', 'Park Seong-geun']",Kim Dae-woo,5.1,66,15.6742,113,/slRaAeEWbU8gM834X10qNhBhVIv.jpg
1424965,tt34959976,Ice Skater,Ice Skater,"A survival drama about an ice skater stranded on an ice floe at the Arctic Sea. When the ice floe starts to float towards south and melt, the ice skater must use all means necessary to survive.",2026-05-28,"['Drama', 'Thriller']","['lost at sea', 'ice skater', 'arctic survival']","['Thea Sofie Loch Næss', 'Nikos Koukas', 'Mimi Roivainen', 'Jasmin Simonen']",Taavi Vartia,0.0,0,15.6407,83,/m93BKabB7Je8WQACed58BXeHNNR.jpg
19404,tt0112870,Dilwale Dulhania Le Jayenge,दिलवाले दुल्हनिया ले जायेंगे,"Raj is a rich, carefree, happy-go-lucky second generation NRI. Simran is the daughter of Chaudhary Baldev Singh, who in spite of being an NRI is very strict about adherence to Indian values. Simran has left for India to be married to her childhood fiancé. Raj leaves for India with a mission at his hands, to claim his lady love under the noses of her whole family. Thus begins a saga.",1995-10-20,"['Comedy', 'Drama', 'Romance']","[""family's daily life"", 'family history', 'love-hate relationship', 'family drama', 'love affair']","['Kajol', 'Shah Rukh Khan', 'Amrish Puri', 'Farida Jalal', 'Anupam Kher']",Aditya Chopra,8.512,4585,15.6392,190,/2CAL2433ZeIihfX1Hb2139CX0pW.jpg
76341,tt1392190,Mad Max: Fury Road,Mad Max: Fury Road,"An apocalyptic story set in the furthest reaches of our planet, in a stark desert landscape where humanity is broken, and most everyone is crazed fighting for the necessities of life. Within this world exist two rebels on the run who just might be able to restore order.",2015-05-13,"['Action', 'Adventure', 'Science Fiction']","['rescue', 'australia', 'sandstorm', 'post-apocalyptic future', 'survival', 'on the run', 'peak oil', 'dark future', 'intense', 'dystopian future', 'desert wasteland', 'convoy attack', 'high-speed chase', 'freedom quest', 'road warfare', 'modified vehicles', 'war boys', 'tyrannical ruler']","['Tom Hardy', 'Charlize Theron', 'Nicholas Hoult', 'Hugh Keays-Byrne', 'Josh Helman']",George Miller,7.632,24020,15.5294,121,/hA2ple9q4qnwxp3hKVNhroipsir.jpg
232672,tt1086772,Blended,Blended,"Recently divorced mom Lauren and widowed dad Jim let their friends push them into a blind date, which goes disastrously wrong. Unsurprisingly, neither wants to see the other ever again. However, fate intervenes when both Jim and Lauren, unbeknownst to each other, purchase one-half of the same vacation package at a South African resort for families, during spring break. They and their children are forced to share the same romantic suite and participate in a slew of family activities together.",2014-05-21,"['Comedy', 'Romance']","['single parent', 'baseball', 'extreme sports', 'safari', 'south africa', 'blind date', 'romcom', 'wildlife', 'wild animal', 'teenage crush', 'family vacation', 'single mother', 'divorcee', 'divorced woman', 'widower', 'single father', 'tomboy', 'death of mother', 'spring break', 'mother figure', 'father figure', 'mother son relationship', 'father daughter relationship', 'african music', 'playful', 'absent father', 'hilarious', 'enthusiastic']","['Adam Sandler', 'Drew Barrymore', 'Kevin Nealon', 'Terry Crews', 'Wendi McLendon-Covey']",Frank Coraci,6.893,3792,15.5278,117,/o2YrH9jS7CAfWjETHFeL0tth79E.jpg
313369,tt3783958,La La Land,La La Land,"Mia, an aspiring actress, serves lattes to movie stars in between auditions and Sebastian, a jazz musician, scrapes by playing cocktail party gigs in dingy bars, but as success mounts they are faced with decisions that begin to fray the fragile fabric of their love affair, and the dreams they worked so hard to maintain in each other threaten to rip them apart.",2016-12-01,"['Comedy', 'Drama', 'Romance']","['dancing', 'dance', 'jazz', 'melancholy', 'musical', 'ambition', 'casting', 'coffee shop', 'jazz club', 'traffic jam', 'hollywood', 'los angeles, california', 'pianist', 'pier', 'audition', ""valentine's day"", 'planetarium', 'aspiring actor', 'movie set', 'sunset', 'one-woman show', 'pool party', 'white savior', 'complex', 'griffith observatory', 'bold', 'exuberant']","['Ryan Gosling', 'Emma Stone', 'John Legend', 'Rosemarie DeWitt', 'Finn Wittrock']",Damien Chazelle,7.897,18062,15.4836,129,/uDO8zWDhfWwoFdKS4fzkUJt0Rf0.jpg
1865,tt1298650,Pirates of the Caribbean: On Stranger Tides,Pirates of the Caribbean: On Stranger Tides,"When Jack crosses paths with a woman from his past, he's not sure if it's love...or if she's a ruthless con artist using him to find the fabled Fountain of Youth.",2011-05-15,"['Adventure', 'Action', 'Fantasy']","['sea', 'ship', 'mutiny', 'spain', 'england', 'sword', 'prime minister', 'sailing', 'mermaid', 'duke', 'silver', 'pirate', 'soldier', 'battle', 'swashbuckler', '18th century', 'aftercreditsstinger', 'blackbeard', 'whimsical', 'excited']","['Johnny Depp', 'Penélope Cruz', 'Geoffrey Rush', 'Ian McShane', 'Kevin McNally']",Rob Marshall,6.566,14911,15.4557,136,/keGfSvCmYj7CvdRx36OdVrAEibE.jpg
447365,tt6791350,Guardians of the Galaxy Vol. 3,Guardians of the Galaxy Vol. 3,"Peter Quill, still reeling from the loss of Gamora, must rally his team around him to defend the universe along with protecting one of their own. A mission that, if not completed successfully, could quite possibly lead to the end of the Guardians as we know them.",2023-05-03,"['Science Fiction', 'Adventure', 'Action']","['hero', 'superhero', 'mad scientist', 'based on comic', 'sequel', 'superhero team', 'space opera', 'raccoon', 'aftercreditsstinger', 'duringcreditsstinger', 'marvel cinematic universe (mcu)', 'cosmic', 'outer space', 'chosen family', 'empathetic']","['Chris Pratt', 'Zoe Saldaña', 'Dave Bautista', 'Karen Gillan', 'Pom Klementieff']",James Gunn,7.9,8272,15.4309,150,/r2J02Z2OpNTctfOSN1Ydgii51I3.jpg
204082,tt2312718,Homefront,Homefront,"Phil Broker, a retired DEA agent, leads a quiet life with his daughter Maddy, until a school bullying incident draws them into a conflict with Morgan “Gator” Bodine, a local crime boss.",2013-11-12,"['Action', 'Thriller']","['drug dealer', 'daughter', 'based on novel or book', 'police', 'parent child relationship', 'police operation', 'ex-cop', 'bayou', 'rural area', 'undercover cop', 'drug dealing', 'motorcycle gang', 'drugs', 'revenge motive', 'father and daughter']","['Jason Statham', 'James Franco', 'Izabela Vidovic', 'Kate Bosworth', 'Marcus Hester']",Gary Fleder,6.939,3823,15.427,100,/xcFLM44jgl015wLe7lWC1C1bEEM.jpg
1669051,tt40705143,Kesong Puti,Kesong Puti,"Have a taste of VMX Newest Temptation Apphle Celso. Lena, a Kesong Puti vendor, meets a charming dairy supplier Manny. Their chemistry sparks a daring secret that transforms her humble cheese into their town’s obsession.",2026-04-24,['Drama'],['sexy'],"['Apphle Celso', 'Van Allen Ong', 'Rinoa Halili', 'Mark Dionisio', 'Aya Fortes']",Rodante Pajemna Jr.,5.5,2,15.4093,0,/8zYU8hlKR5111IToxXvv5575tZG.jpg
1119449,tt1341338,"Good Luck, Have Fun, Don't Die","Good Luck, Have Fun, Don't Die",A 'Man from the Future' arrives at an LA diner where he must recruit the precise combination of disgruntled patrons to join him on a one-night quest to save the world from the terminal threat of a rogue artificial intelligence.,2026-02-13,"['Science Fiction', 'Action', 'Comedy']","['artificial intelligence (a.i.)', 'time travel', 'diner', 'transhumanism', 'los angeles, california', 'blunt', 'dark future', 'reflective', 'mother son relationship', 'cautionary', 'adventure comedy', 'suspenseful', 'critical', 'hilarious', 'intense', 'assertive', 'bold', 'exuberant', 'forceful', 'frustrated', 'sci-fi adventure', 'team mission']","['Sam Rockwell', 'Juno Temple', 'Haley Lu Richardson', 'Michael Peña', 'Zazie Beetz']",Gore Verbinski,6.908,429,15.395,134,/rWcfOdY7TU6lTdazWj0ebDZnAfO.jpg
713704,tt13345606,Evil Dead Rise,Evil Dead Rise,"A reunion between two estranged sisters gets cut short by the rise of flesh-possessing demons, thrusting them into a primal battle for survival as they face the most nightmarish version of family imaginable.",2023-04-12,"['Horror', 'Thriller']","['sibling relationship', 'pregnancy', 'supernatural', 'earthquake', 'gore', 'sequel', 'los angeles, california', 'demon', 'evil', 'necronomicon', 'reboot', 'demonic possession', 'motherhood', 'sisterhood', 'sister sister relationship', 'supernatural horror', 'mischievous', 'body horror', 'apartment', 'furious', 'tense', 'frightened', 'harsh']","['Lily Sullivan', 'Alyssa Sutherland', 'Morgan Davies', 'Gabrielle Echols', 'Nell Fisher']",Lee Cronin,6.919,3646,15.3391,96,/5ik4ATKmNtmJU6AYD0bLm56BCVM.jpg
50619,tt1324999,The Twilight Saga: Breaking Dawn - Part 1,The Twilight Saga: Breaking Dawn - Part 1,Bella Swan and Edward Cullen's honeymoon phase is abruptly disrupted by betrayals and unforeseen tragedies that endanger their world.,2011-11-16,"['Adventure', 'Fantasy', 'Romance']","['based on novel or book', 'vampire', 'hybrid', 'teen movie', 'werewolf', 'supernatural creature', 'dead', 'duringcreditsstinger', 'based on young adult novel']","['Kristen Stewart', 'Robert Pattinson', 'Taylor Lautner', 'Billy Burke', 'Peter Facinelli']",Bill Condon,6.188,9251,15.3291,117,/qs8LsHKYlVRmJbFUiSUhhRAygwj.jpg
453395,tt9419884,Doctor Strange in the Multiverse of Madness,Doctor Strange in the Multiverse of Madness,"Doctor Strange, with the help of mystical allies both old and new, traverses the mind-bending and dangerous alternate realities of the Multiverse to confront a mysterious new adversary.",2022-05-04,"['Fantasy', 'Action', 'Adventure']","['magic', 'superhero', 'based on comic', 'alternative reality', 'aftercreditsstinger', 'duringcreditsstinger', 'marvel cinematic universe (mcu)']","['Benedict Cumberbatch', 'Xochitl Gomez', 'Elizabeth Olsen', 'Chiwetel Ejiofor', 'Benedict Wong']",Sam Raimi,7.228,10283,15.3123,126,/ddJcSKbcp4rKZTmuyWaMhuwcfMz.jpg
292431,tt3774694,Love,Love,"Murphy is an American living in Paris who enters a highly sexually and emotionally charged relationship with the unstable Electra. Unaware of the seismic effect it will have on their relationship, they invite their pretty neighbor into their bed.",2015-07-15,"['Drama', 'Romance']","['paris, france', 'gallery', 'sexuality', 'pregnancy', 'girlfriend', 'love', 'relationship', 'break-up', 'threesome', 'explicite sex']","['Karl Glusman', 'Aomi Muyock', 'Klara Kristin', 'Ugo Fox', 'Juan Saavedra']",Gaspar Noé,6.449,2654,15.303,134,/yz6lmOmsmYuj6AOLG4LIwK5eJZF.jpg
68726,tt1663662,Pacific Rim,Pacific Rim,"Using massive piloted robots to combat the alien threat, earth's survivors take the fight to the invading alien force lurking in the depths of the Pacific Ocean. Nearly defenseless in the face of the relentless enemy, the forces of mankind have no choice but to turn to two unlikely heroes who now stand as earth's final hope against the mounting apocalypse.",2013-07-11,"['Action', 'Science Fiction', 'Adventure']","['monster', 'dystopia', 'giant monster', 'pacific', 'alaska', 'giant robot', 'apocalypse', 'hong kong', 'robot', 'alien invasion', 'kaiju', 'duringcreditsstinger', 'monster movie']","['Charlie Hunnam', 'Rinko Kikuchi', 'Idris Elba', 'Max Martini', 'Clifton Collins Jr.']",Guillermo del Toro,6.923,13324,15.2898,131,/8wo4eN8dWKaKlxhSvBz19uvj8gA.jpg
1213742,tt28248897,Tyler Perry's Divorce in the Black,Tyler Perry's Divorce in the Black,"Ava, a young bank professional is devastated when her husband Dallas abandons a marriage she is determined to fight for until fate intervenes, revealing Dallas' wicked deeds that have trashed their marriage, and once upon a time sabotaged Ava's destiny to be loved by her true soulmate.",2024-07-11,"['Drama', 'Thriller']","['small town', 'jealousy', 'funeral', 'faith', 'pastor', 'best friend', 'divorce', 'preacher', 'in-laws', 'opposites', 'abusive husband', 'self reflection', 'unhappy marriage', 'country folk', 'atlanta, georgia', 'relationship sabotage', 'embarrasment', 'black cinema', 'criminals', 'faithful woman', 'alcoholic husband']","['Meagan Good', 'Cory Hardrict', 'Joseph Lee Anderson', 'Taylor Polidore', 'Shannon Wallace']",Tyler Perry,7.175,77,15.2546,121,/d5X03SA51Ezd02iF9BCjWXC9X9F.jpg
28844,tt0075766,Black Velvet,Velluto nero,"Crystal, a wealthy, scorned woman living in a massive Egyptian palace with her daughter Magda, finds commiseration in a dried-up Hollywood expat who surrounds himself with singing children.",1976-08-06,"['Drama', 'Romance', 'Horror']","['egypt', 'model']","['Laura Gemser', 'Annie Belle', 'Al Cliver', 'Gabriele Tinti', 'Feodor Chaliapin Jr.']",Brunello Rondi,4.375,32,15.198,96,/nRIkmhFx3xJmFKi6ExsiHapDJKP.jpg
679,tt0090605,Aliens,Aliens,"Ripley, the sole survivor of the Nostromo's deadly encounter with the monstrous Alien, returns to Earth after drifting through space in hypersleep for 57 years. Although her story is initially met with skepticism, she agrees to accompany a team of Colonial Marines back to LV-426.",1986-07-18,"['Action', 'Thriller', 'Science Fiction']","['android', 'space marine', 'extraterrestrial technology', 'spaceman', 'space travel', 'settler', 'colony', 'cryogenics', 'vacuum', 'space colony', 'warrior woman', 'alien', 'space', 'female protagonist', 'creature', 'desolate', 'female hero', 'aggressive', 'military sci-fi', 'desolate planet', 'critical', 'sinister', 'sci-fi horror', 'assertive', 'commanding', 'empathetic', 'exhilarated', 'action horror', 'sci-fi action']","['Sigourney Weaver', 'Carrie Henn', 'Michael Biehn', 'Paul Reiser', 'Lance Henriksen']",James Cameron,8.0,10813,15.1931,137,/r1x5JGpyqZU8PYhbs4UcrO1Xb6x.jpg
1357633,tt33428606,Solo Leveling -ReAwakening-,俺だけレベルアップな件 -ReAwakening-,"Over a decade after 'gates' connecting worlds appeared, awakening 'hunters' with superpowers, weakest hunter Sung Jinwoo encounters a double dungeon and accepts a mysterious quest, becoming the only one able to level up, changing his fate. A catch-up recap of the first season coupled with an exclusive sneak peek of the first two episodes of the highly anticipated second season in one momentous theatrical fan experience.",2024-11-26,"['Action', 'Adventure', 'Fantasy', 'Animation']","['based on novel or book', 'based on comic', 'compilation', 'edited from tv series', 'anime', 'based on webcomic or webtoon', 'dungeon crawling', 'modern dungeon']","['Taito Ban', 'Genta Nakamura', 'Haruna Mikawa', 'Reina Ueda', 'Daisuke Hirakawa']",Shunsuke Nakashige,7.161,271,15.1901,116,/dblIFen0bNZAq8icJXHwrjfymDW.jpg
346364,tt1396484,It,It,"In a small town in Maine, seven children known as The Losers Club come face to face with life problems, bullies and a monster that takes the shape of a clown called Pennywise.",2017-09-06,"['Horror', 'Thriller', 'Drama']","['small town', 'based on novel or book', 'clown', 'bullying', 'abandoned house', 'coming of age', 'flashback', 'murder', 'balloon', 'maine', 'school', 'creature', 'fear', 'summer', 'killer', 'missing person', 'death of brother', 'well', 'shocking', 'kids', 'grim', 'demonic', 'town history', 'frightened', 'ghoulish', 'gloomy']","['Jaeden Martell', 'Jeremy Ray Taylor', 'Sophia Lillis', 'Finn Wolfhard', 'Chosen Jacobs']",Andy Muschietti,7.24,20279,15.1397,135,/9E2y5Q7WlCVNEhP5GiVTjhEhx1o.jpg
935508,,Female Teacher Punisher 2: Goddess of Hell,女教師仕置人 地獄の女神,"In the daytime, an ordinary high school girl's English teacher, but at night, the dynamite body of Super Lady Reiko, who defeats the villains who are infested in the world as an agent of a mysterious organization, explodes. A direct sequel to the first iteration.",1990-06-01,['Action'],[],"['Reiko Kato', 'Naoko Aizawa', 'Mieko Arai', 'Mayo Kawasaki']",Yasuo Uchida,0.0,0,15.1331,80,/uTR9osRcA5hKALePWTsyhZdNt56.jpg
271110,tt3498820,Captain America: Civil War,Captain America: Civil War,"Following the events of Age of Ultron, the collective governments of the world pass an act designed to regulate all superhuman activity. This polarizes opinion amongst the Avengers, causing two factions to side with Iron Man or Captain America, which causes an epic battle between former allies.",2016-04-27,"['Adventure', 'Action', 'Science Fiction']","['superhero', 'based on comic', 'sequel', 'super soldier', 'aftercreditsstinger', 'duringcreditsstinger', 'marvel cinematic universe (mcu)', 'superhero teamup']","['Chris Evans', 'Robert Downey Jr.', 'Scarlett Johansson', 'Sebastian Stan', 'Anthony Mackie']",Joe Russo,7.448,23980,15.1148,147,/rAGiXaUfPzY7CDEyNKUofk3Kw2e.jpg
14161,tt1190080,2012,2012,"Dr. Adrian Helmsley, part of a worldwide geophysical team investigating the effect on the earth of radiation from unprecedented solar storms, learns that the earth's core is heating up. He warns U.S. President Thomas Wilson that the crust of the earth is becoming unstable and that without proper preparations for saving a fraction of the world's population, the entire race is doomed. Meanwhile, writer Jackson Curtis stumbles on the same information. While the world's leaders race to build ""arks"" to escape the impending cataclysm, Curtis struggles to find a way to save his family. Meanwhile, volcanic eruptions and earthquakes of unprecedented strength wreak havoc around the world.",2009-10-10,"['Action', 'Adventure', 'Science Fiction']","['race against time', 'maya civilization', 'civilization', 'natural disaster', 'earthquake', 'end of the world', 'disaster', 'apocalypse', 'destruction', 'volcanic eruption', 'flood', 'disaster movie', 'ark', 'solar', '2010s', 'cautionary', 'dramatic', 'tense']","['John Cusack', 'Amanda Peet', 'Chiwetel Ejiofor', 'Thandiwe Newton', 'Oliver Platt']",Roland Emmerich,5.877,12711,15.1026,158,/c2PkTPT5D9zB8SIm5wNlDAANEqM.jpg
475557,tt7286456,Joker,Joker,"During the 1980s, a failed stand-up comedian is driven insane and turns to a life of crime and chaos in Gotham City while becoming an infamous psychopathic crime figure.",2019-10-01,"['Crime', 'Thriller', 'Drama']","['society', 'based on comic', 'social commentary', 'psychological thriller', 'criminal mastermind', 'mental illness', 'anarchy', 'character study', 'clown makeup', 'outsider', 'prophetic', 'social realism', 'tv host', '1980s', 'mother son relationship', 'origin story', 'falling into madness', 'anti-capitalist', 'best picture nominee', 'oscar winner']","['Joaquin Phoenix', 'Robert De Niro', 'Zazie Beetz', 'Frances Conroy', 'Brett Cullen']",Todd Phillips,8.125,27665,15.0957,122,/udDclJoHjfjb8Ekgsd4FDteOkCU.jpg
1557848,tt37536947,The Sleeper,Uykucu,"Ferman is a cold-blooded hitman who eliminates former agents for a secret organization. While eliminating a target during one of his missions, he encounters Saye and unexpectedly falls in love with her. Instead of killing her, he chooses to bring her into the organization. This decision marks the beginning of an irreversible path in both of their lives.",2025-10-29,"['Action', 'Thriller', 'Drama']","['hitman', 'secret organization', 'killer', 'government assassin', 'unlikely lovers', 'cold blooded killer', 'government agency']","['Çağatay Ulusoy', 'Elçin Sangu', 'Barış Falay', 'Ferit Kaya', 'Musa Uzunlar']",Can Ulkay,6.7,3,15.0669,123,/jS3QZLD2zwcJYmulMESZnkfNlUD.jpg
28,tt0078788,Apocalypse Now,Apocalypse Now,"At the height of the Vietnam war, Captain Benjamin Willard is sent on a dangerous mission that, officially, ""does not exist, nor will it ever exist."" His goal is to locate - and eliminate - a mysterious Green Beret Colonel named Walter Kurtz, who has been leading his personal army on illegal guerrilla missions into enemy territory.",1979-05-19,"['Drama', 'War']","['guerrilla warfare', 'vietnam war', 'journalist', 'mission', 'vietnam', 'vietcong', 'central intelligence agency (cia)', 'cambodia', 'army', 'drug abuse', 'based on novel or book', 'secret mission', 'insanity', 'surrealism', 'tribe', 'green beret', 'jungle', 'descent into madness', 'brutality', 'riverboat', 'military', 'macabre', 'anti war', 'absurd', 'awestruck', 'distressing']","['Martin Sheen', 'Marlon Brando', 'Frederic Forrest', 'Albert Hall', 'Laurence Fishburne']",Francis Ford Coppola,8.268,9063,15.0083,147,/gQB8Y5RCMkv2zwzFHbUJX3kAhvA.jpg
645710,tt11235772,The Voyeurs,The Voyeurs,"When Pippa and Thomas move into their dream apartment, they notice that their windows look directly into the apartment opposite – inviting them to witness the volatile relationship of the attractive couple across the street. But what starts as a simple curiosity turns into full-blown obsession with increasingly dangerous consequences.",2021-08-25,['Thriller'],"['infidelity', 'sexual obsession', 'espionage', 'photographer', 'eroticism', 'manipulation', 'seduction', 'montreal, canada', 'fashion photographer', 'sexual fantasy', 'role playing', 'neighbor', 'listening device', 'moving in', 'voyeurism', 'new apartment', 'art project', 'ophthalmologist', 'nude photography', 'peeping', 'depressing']","['Sydney Sweeney', 'Justice Smith', 'Ben Hardy', 'Natasha Liu Bordizzo', 'Katharine King So']",Michael Mohan,6.522,1172,14.9652,117,/8Y4XOIWhpOvSOEn8XrxbkH9yAXO.jpg
855,tt0265086,Black Hawk Down,Black Hawk Down,"When U.S. Rangers and an elite Delta Force team attempt to kidnap two underlings of a Somali warlord, their Black Hawk helicopters are shot down, and the Americans suffer heavy casualties, facing intense fighting from the militia on the ground.",2001-12-28,"['Action', 'War', 'History']","['based on novel or book', 'ambush', 'chaos', 'militia', 'prisoner of war', 'wound', 'somalia', 'warlord', 'famine', 'arms dealer', 'based on true story', 'delta force', 'gunfight', 'combat', 'us military', '1990s', 'helicopter crash', 'mogadishu', 'rescue operation', 'peacekeeper', 'soldiers', 'street shootout']","['Josh Hartnett', 'Eric Bana', 'Ewan McGregor', 'Tom Sizemore', 'William Fichtner']",Ridley Scott,7.393,6340,14.8538,145,/7fU5dSqKRL4XHeEUz62rCKBfYok.jpg
62,tt0062622,2001: A Space Odyssey,2001: A Space Odyssey,"Humanity finds a mysterious object buried beneath the lunar surface and sets off to find its origins with the help of HAL 9000, the world's most advanced super computer.",1968-04-02,"['Science Fiction', 'Mystery', 'Adventure']","['man vs machine', 'moon', 'jupiter', 'artificial intelligence (a.i.)', 'based on novel or book', 'technology', 'super computer', 'space travel', 'space mission', 'moon base', 'astronaut', 'evolution', 'monolith', 'space station', 'space opera', 'philosophical', '2000s', 'ai rebellion', 'suspenseful', 'complicated', 'metrocolor']","['Keir Dullea', 'Gary Lockwood', 'William Sylvester', 'Douglas Rain', 'Daniel Richter']",Stanley Kubrick,8.1,12554,14.8174,149,/ve72VxNqjGM69Uky4WTo2bK6rfq.jpg
27066,tt0111573,The Voyeur,L'uomo che guarda,"At a college in Rome, a professor, nicknamed ""Dodo"" is in a deep depression. His stunningly beautiful wife has just left him for another man. Dodo wants her back very badly and has erotic daydreams about her. A beautiful young student in his class asks him for a ride home and seduces the lucky man, but still he wonders about his wife and her lover.",1994-01-27,"['Drama', 'Romance']","['adultery', 'infidelity', 'jealousy', 'dreams', 'based on novel or book', 'sexual obsession', 'obsession', 'seduction', 'sexual fantasy', 'unfaithfulness', 'sexploitation', 'university', 'lust', 'extramarital affair', 'erotic movie', 'unfaithful wife']","['Katarina Vasilissa', 'Francesco Casale', 'Cristina Garavaglia', 'Raffaella Offidani', 'Antonio Salines']",Tinto Brass,6.115,287,14.7963,98,/831BBTawd6E6WJ3Zu0KKwmbpDp2.jpg
2251,tt0250797,Unfaithful,Unfaithful,A New York suburban couple's marriage goes dangerously awry when the wife indulges in an adulterous fling.,2002-05-10,"['Thriller', 'Drama', 'Romance']","['adultery', 'infidelity', 'new york city', 'literature', 'eroticism', 'lover', 'erotic thriller']","['Diane Lane', 'Richard Gere', 'Olivier Martinez', 'Erik Per Sullivan', 'Željko Ivanek']",Adrian Lyne,6.7,1707,14.7935,124,/bjiHEhuiwhIygzjczbTPAA07cGc.jpg
85,tt0082971,Raiders of the Lost Ark,Raiders of the Lost Ark,"When Dr. Indiana Jones – the tweed-suited professor who just happens to be a celebrated archaeologist – is hired by the government to locate the legendary Ark of the Covenant, he finds himself up against the entire Nazi regime.",1981-06-12,"['Adventure', 'Action']","['egypt', 'treasure', 'medallion', 'swastika', 'saving the world', 'nepal', 'himalaya mountain range', 'cairo', 'moses', 'hat', 'whip', 'leather jacket', 'mediterranean', 'ark of the covenant', 'ten commandments', 'nazi', 'excavation', 'riddle', 'treasure hunt', 'archaeologist', 'adventurer', 'archeology', 'globetrotting', 'religious history', '1930s']","['Harrison Ford', 'Karen Allen', 'Paul Freeman', 'John Rhys-Davies', 'Ronald Lacey']",Steven Spielberg,7.9,13595,14.7838,115,/ceG9VzoRAVGwivFU403Wc3AHRys.jpg
11770,tt0286112,Shaolin Soccer,少林足球,A young Shaolin follower reunites with his discouraged brothers to form a soccer team using their martial art skills to their advantage.,2001-07-05,"['Action', 'Comedy']","['martial arts', 'kung fu', 'sports', 'steel helmet', 'stadium', 'champion', 'shaolin', 'football (soccer)', 'football (soccer) player']","['Stephen Chow', 'Richard Ng Man-Tat', 'Vicky Zhao', 'Patrick Tse Yin', 'Karen Mok Man-Wai']",Stephen Chow,7.156,2515,14.7376,113,/z6ZQqwoxWy9muIxwUP4K2zWw7BU.jpg
1254594,tt38223449,Omukade,โอมุคาเดะ,"Thailand, 1941 — a handful of Japanese soldiers and their prisoners are trapped in a cursed mine. As tensions between enemies reach a breaking point, they are forced to confront a terrifying, ancient monster lurking in the shadows.",2026-01-22,"['Horror', 'Thriller', 'War']",[],"['Narilya Gulmongkolpech', 'James Laver', 'Yasaka Chaisorn', 'Daung', 'Ohmi Ryota']",Chalit Krileadmongkon,0.0,0,14.7261,95,/tSwMkZs3c2xbHN6Khxsq4ELOO1w.jpg
311,tt0087843,Once Upon a Time in America,Once Upon a Time in America,"A former Prohibition-era Jewish gangster returns to the Lower East Side of Manhattan over thirty years later, where he once again must confront the ghosts and regrets of his old life.",1984-05-23,"['Drama', 'Crime']","['new york city', 'regret', 'lovesickness', 'rape', 'life and death', 'sexual abuse', 'street gang', 'corruption', 'based on novel or book', 'prohibition era', 'gangster', 'sadistic', 'money laundering', 'opium', 'mafia boss', 'murder', 'memory', 'jewish american', 'torture', 'brooklyn bridge', 'childhood friends', 'nostalgic', 'aggressive', '1920s', '1960s', '1930s']","['Robert De Niro', 'James Woods', 'Elizabeth McGovern', 'Treat Williams', 'Tuesday Weld']",Sergio Leone,8.382,6012,14.7127,229,/i0enkzsL5dPeneWnjl1fCWm6L7k.jpg
524047,tt7737786,Greenland,Greenland,"John Garrity, his estranged wife and their young son embark on a perilous journey to find sanctuary as a planet-killing comet hurtles toward Earth. Amid terrifying accounts of cities getting levelled, the Garritys experience the best and worst in humanity. As the countdown to the global apocalypse approaches zero, their incredible trek culminates in a desperate and last-minute flight to a possible safe haven.",2020-07-29,"['Thriller', 'Adventure', 'Action', 'Science Fiction']","['husband wife relationship', 'panic', 'kidnapping', 'looting', 'natural disaster', 'state of emergency', 'comet', 'end of the world', 'meteorite', 'disaster', 'apocalypse', 'destruction of planet', 'diabetic', 'army base', 'emergency', 'greenland', 'atlanta, georgia', 'amused']","['Gerard Butler', 'Morena Baccarin', 'David Denman', 'Hope Davis', 'Roger Dale Floyd']",Ric Roman Waugh,7.128,5266,14.6748,120,/bNo2mcvSwIvnx8K6y1euAc1TLVq.jpg
6479,tt0480249,I Am Legend,I Am Legend,"Robert Neville is a scientist who was unable to stop the spread of the terrible virus that was incurable and man-made. Immune, Neville is now the last human survivor in what is left of New York City and perhaps the world. For three years, Neville has faithfully sent out daily radio messages, desperate to find any other survivors who might be out there. But he is not alone.",2007-12-12,"['Drama', 'Science Fiction', 'Thriller']","['new york city', 'saving the world', 'based on novel or book', 'dystopia', 'post-apocalyptic future', 'infection', 'matter of life and death', 'alone', 'helplessness', 'end of the world', 'survival', 'loneliness', 'zombie', 'virus', 'pandemic', 'lost civilization', 'pets', 'desperate', 'admiring', 'amused', 'dystopian']","['Will Smith', 'Alice Braga', 'Charlie Tahan', 'Dash Mihok', 'Salli Richardson-Whitfield']",Francis Lawrence,7.211,16788,14.6407,101,/iPDkaSdKk2jRLTM65UOEoKtsIZ8.jpg
1232889,tt24128644,Malta,Malta,"Mariana is a systematic girl. She studies English and German at a language school. She works in a call center as many hours as possible and saves everything she earns. To entertain herself a little, she looks for men in bars with whom she only plans to spend one night. Why compromise if she just wants to travel? That is Mariana's plan, to go away and what better than to an island in the Mediterranean. But Gabriel, an unlikely boy who keeps getting into her life with bad jokes and uncomfortable questions, forces her to look at herself and wonder what she wants to run away from.",2024-03-08,"['Drama', 'Science Fiction']",['cine colombiano'],"['Estefania Piñeres', 'Patricia Tamayo', 'Emmanuel Restrepo', 'Diego Cremonesi', 'Angela Rodriguez']",Natalia Santa,5.4,8,14.6266,97,/64cVvqAGgxlRXRGue6Aw5BPDSRF.jpg
1100988,tt10548174,28 Years Later,28 Years Later,"Twenty-eight years after the Rage virus outbreak, a heavily-defended island survives connected to the mainland by a single causeway. When one of the group leaves the island into the dark heart of the mainland, he discovers secrets, wonders, and horrors that have mutated not only the infected but other survivors as well.",2025-06-18,"['Horror', 'Thriller', 'Science Fiction']","['england', 'post-apocalyptic future', 'satanism', 'satanist', 'sequel', 'survival', 'zombie', 'survival horror', 'satanic cult', 'zombie apocalypse', 'northumberland', 'violence', 'bold', 'compassionate', 'ghoulish', 'lindisfarne']","['Jodie Comer', 'Aaron Taylor-Johnson', 'Alfie Williams', 'Ralph Fiennes', ""Jack O'Connell""]",Danny Boyle,6.613,2506,14.6247,115,/n5FygjEppOvac6yEaowi26nTyw3.jpg
205596,tt2084970,The Imitation Game,The Imitation Game,"Based on the real life story of legendary cryptanalyst Alan Turing, the film portrays the nail-biting race against time by Turing and his brilliant team of code-breakers at Britain's top-secret Government Code and Cypher School at Bletchley Park, during the darkest days of World War II.",2014-11-14,"['History', 'Drama', 'Thriller', 'War']","['england', 'homophobia', 'world war ii', 'mathematician', 'genius', 'biography', 'based on true story', 'male homosexuality', 'code breaking', 'lgbt', 'logician', 'cryptography', 'math genius', 'gay theme', 'inspirational', 'codes']","['Benedict Cumberbatch', 'Keira Knightley', 'Matthew Goode', 'Rory Kinnear', 'Allen Leech']",Morten Tyldum,7.984,18046,14.6161,113,/zSqJ1qFq8NXFfi7JeIYMlzyR0dx.jpg
272,tt0372784,Batman Begins,Batman Begins,"Driven by tragedy, billionaire Bruce Wayne dedicates his life to uncovering and defeating the corruption that plagues his home, Gotham City.  Unable to work within the system, he instead creates a new identity, a symbol of fear for the criminal underworld - The Batman.",2005-06-10,"['Drama', 'Crime', 'Action']","['martial arts', 'undercover', 'loss of loved one', 'secret identity', 'crime fighter', 'superhero', 'based on comic', 'rivalry', 'ninja', 'vigilante', 'tragic hero', 'super power', 'haunted by the past', 'evil doctor', 'master villain', 'unfulfilled love', 'inspirational']","['Christian Bale', 'Michael Caine', 'Liam Neeson', 'Katie Holmes', 'Gary Oldman']",Christopher Nolan,7.725,22546,14.6038,140,/sPX89Td70IDDjVr85jdSBb4rWGr.jpg
615457,tt7888964,Nobody,Nobody,"Hutch Mansell, a suburban dad, overlooked husband, nothing neighbor — a ""nobody."" When two thieves break into his home one night, Hutch's unknown long-simmering rage is ignited and propels him on a brutal path that will uncover dark secrets he fought to leave behind.",2021-03-18,"['Action', 'Thriller']","['assassin', 'double life', 'midlife crisis', 'bratva (russian mafia)', 'secret organization', 'thief', 'one man army', 'home invasion', 'family', 'brawl', 'duringcreditsstinger', 'hidden past', 'gunfights', 'violent retaliation', 'family protection']","['Bob Odenkirk', 'Aleksey Serebryakov', 'Connie Nielsen', 'Christopher Lloyd', 'Michael Ironside']",Ilya Naishuller,7.88,8297,14.6038,91,/oBgWY00bEFeZ9N25wWVyuQddbAo.jpg
985939,tt15325794,Fall,Fall,"For best friends Becky and Hunter, life is all about conquering fears and pushing limits. But after they climb 2,000 feet to the top of a remote, abandoned radio tower, they find themselves stranded with no way down. Now Becky and Hunter's expert climbing skills will be put to the ultimate test as they desperately fight to survive the elements, a lack of supplies, and vertigo-inducing heights.",2022-08-11,['Thriller'],"['stranded', 'struggle for survival', 'desert', 'tower', 'free climbing', 'sport climbing', 'adrenaline junkie', 'dehydration', 'middle of nowhere', 'anxious', 'best friends', 'grieving widow', 'suspenseful', 'tense', 'intense', 'distressing', 'survival thriller']","['Grace Caroline Currey', 'Virginia Gardner', 'Jeffrey Dean Morgan', 'Mason Gooding', 'Jasper Cole']",Scott Mann,7.127,4553,14.585,107,/spCAxD99U1A6jsiePFoqdEcY0dG.jpg
1538261,,떡주는 당구장 알바녀 무편집,떡주는 당구장 알바녀 무편집,,2022-05-06,[],[],"['Yoon Yool', 'Min Do-yoon']",,0.0,0,14.5656,0,/6rl5anhVoBbIPbxl1oVylMUzVkZ.jpg
1317672,tt36331860,Love Me Love Me,Love Me Love Me,"After her brother's death, June moves to Milan for a fresh start, finding comfort in Will, the perfect honor student at her new international school. But when his troubled best friend James—hiding a dangerous life in clandestine MMA fights—sparks a rivalry that quickly turns into irresistible attraction, June must choose between safety and a love that upends everything she thought she wanted.",2026-02-12,"['Romance', 'Drama']","['based on novel or book', 'desperate', 'embarrassed']","['Pepe Barroso', 'Mia Jenkins', 'Luca Melucci', 'Andrea Guo', 'Michelangelo Vizzini']",Roger Kumble,5.796,235,14.5451,99,/jfwHKRHRE2X4NTexdzblaioHH51.jpg
102382,tt1872181,The Amazing Spider-Man 2,The Amazing Spider-Man 2,"For Peter Parker, life is busy. Between taking out the bad guys as Spider-Man and spending time with the person he loves, Gwen Stacy, high school graduation cannot come quickly enough. Peter has not forgotten about the promise he made to Gwen’s father to protect her by staying away, but that is a promise he cannot keep. Things will change for Peter when a new villain, Electro, emerges, an old friend, Harry Osborn, returns, and Peter uncovers new clues about his past.",2014-04-16,"['Action', 'Adventure', 'Science Fiction']","['experiment', 'obsession', 'secret identity', 'superhero', 'based on comic', 'sequel', 'electrocution', 'super power', 'masked superhero', 'teen superhero']","['Andrew Garfield', 'Emma Stone', 'Jamie Foxx', 'Dane DeHaan', 'Colm Feore']",Marc Webb,6.535,14188,14.5223,141,/dGjoPttcbKR5VWg1jQuNFB247KL.jpg
653346,tt11389872,Kingdom of the Planet of the Apes,Kingdom of the Planet of the Apes,"Several generations following Caesar's reign, apes – now the dominant species – live harmoniously while humans have been reduced to living in the shadows. As a new tyrannical ape leader builds his empire, one young ape undertakes a harrowing journey that will cause him to question all he's known about the past and to make choices that will define a future for apes and humans alike.",2024-05-08,"['Science Fiction', 'Adventure', 'Action']","['empire', 'kingdom', 'gorilla', 'dystopia', 'post-apocalyptic future', 'eagle', 'sequel', 'anthropomorphism', 'distant future', 'ape', 'orangutan', 'evolution', 'chimpanzee', 'primate', 'sign languages', 'journey', 'cgi-live action hybrid', 'evil tyrant']","['Owen Teague', 'Freya Allan', 'Kevin Durand', 'Peter Macon', 'William H. Macy']",Wes Ball,7.055,4229,14.5127,145,/gKkl37BQuKTanygYQG1pyYgLVgf.jpg
43347,tt0758752,Love & Other Drugs,Love & Other Drugs,"Maggie is an alluring free spirit who won't let anyone – or anything – tie her down. But she meets her match in Jamie, whose relentless and nearly infallible charm serves him well with the ladies and the cutthroat world of pharmaceutical sales. Maggie and Jamie's evolving relationship takes them both by surprise, as they find themselves under the influence of the ultimate drug: love.",2010-11-22,"['Drama', 'Comedy', 'Romance']","['letter', 'sexual freedom', 'love', 'viagra', 'free spirit', ""parkinson's disease"", 'pills']","['Jake Gyllenhaal', 'Anne Hathaway', 'Oliver Platt', 'Hank Azaria', 'Josh Gad']",Edward Zwick,7.041,5584,14.5069,112,/wZLM2uKJRYNchLmiCIjosX0rXy8.jpg
58008,tt0077732,Night Nurse,L'infermiera di notte,"A dentist invites a elderly patient to stay at his home to recover, unaware that he is a jewel thief. He plans to steal a valuable diamond but then runs into a beautiful nurse who, aside from constantly stripping nude, has plans of her own.",1979-02-07,['Comedy'],"['nurse', 'sex comedy']","['Gloria Guida', 'Lino Banfi', 'Alvaro Vitali', 'Leo Colonna', 'Mario Carotenuto']",Mariano Laurenti,5.2,53,14.4898,96,/tzhBAhN35YjobVG3Ubm3ERnzhBL.jpg
284053,tt3501632,Thor: Ragnarok,Thor: Ragnarok,"Thor is imprisoned on the other side of the universe and finds himself in a race against time to get back to Asgard to stop Ragnarok, the destruction of his home-world and the end of Asgardian civilization, at the hands of a powerful new threat, the ruthless Hela.",2017-10-02,"['Action', 'Science Fiction', 'Comedy']","['superhero', 'death of father', 'based on comic', 'sequel', 'alien planet', 'female villain', 'norse mythology', 'aftercreditsstinger', 'duringcreditsstinger', 'marvel cinematic universe (mcu)', 'mysterious', 'norse god', 'familiar', 'ominous']","['Chris Hemsworth', 'Mark Ruffalo', 'Tom Hiddleston', 'Cate Blanchett', 'Idris Elba']",Taika Waititi,7.581,21964,14.4789,131,/rzRwTcFvttcN1ZpX2xv4j3tSdJu.jpg
8689,tt0078935,Cannibal Holocaust,Cannibal Holocaust,A New York University professor returns from a rescue mission to the Amazon rainforest with the footage shot by a lost team of documentarians who were making a film about the area's local cannibal tribes.,1980-02-07,['Horror'],"['adultery', 'rape', 'snake', 'pig', 'culture clash', 'ritual', 'movie business', 'leech', 'spider', 'animal attack', 'controversy', 'swamp', 'tribe', 'vomit', 'amazon rainforest', 'film in film', 'human sacrifice', 'jungle', 'torture', 'rape and murder', 'brutality', 'cannibal', 'hatchet', 'south america', 'filmmaking', 'missing person', 'misogyny', 'ritual sacrifice', 'found footage', 'tortoise', 'video nasty', 'lost footage', 'animal cruelty', 'amazon tribe', 'vomiting woman', 'abused woman', 'film within a film', 'adulterous wife', 'film censorship', 'film industry', 'pseudo-documentary', 'cannibalism', 'guerilla filmmaking', 'banned film', 'disemboweling', 'film reel', 'yacomo', 'b-horror', 'found footage adjacent']","['Robert Kerman', 'Francesca Ciardi', 'Perry Pirkanen', 'Luca Barbareschi', 'Salvatore Basile']",Ruggero Deodato,6.3,1857,14.4729,95,/otxZzMh53TsN7yYFqSZ3rwH1yMd.jpg
50014,tt1454029,The Help,The Help,"Aibileen Clark is a middle-aged African-American maid who has spent her life raising white children and has recently lost her only son; Minny Jackson is an African-American maid who has often offended her employers despite her family's struggles with money and her desperate need for jobs; and Eugenia ""Skeeter"" Phelan is a young white woman who has recently moved back home after graduating college to find out her childhood maid has mysteriously disappeared. These three stories intertwine to explain how life in Jackson, Mississippi revolves around ""the help""; yet they are always kept at a certain distance because of racial lines.",2011-08-09,['Drama'],"['based on novel or book', 'mississippi river', 'exploitation', 'racial segregation', 'racism', 'writer', 'maid', 'moral courage', 'ressentiment', 'southern belle', 'racial issues', '1960s', 'newspaper columnist', 'desperate', 'cautionary', 'dramatic']","['Emma Stone', 'Viola Davis', 'Bryce Dallas Howard', 'Octavia Spencer', 'Jessica Chastain']",Tate Taylor,8.2,9005,14.4584,146,/3kmfoWWEc9Vtyuaf9v5VipRgdjx.jpg
1472951,tt29218808,Infiltrate,Infiltrate,"In a city overrun by crime, government Agent Lily Chen is forced to choose between her duty and her family when her husband is kidnapped, and she’s blackmailed into assassinating high-level criminals to save him. As she delves deeper into the criminal underworld, Lily’s relentless pursuit of justice unravels a web of corruption, leading to a final, life-altering decision that will change her world forever.",2026-04-10,"['Action', 'Thriller']",[],"['Orphée Ladouceur-Nguyen', 'Alain Moussi', 'Tim Rozon', 'Finn McCager Higgins', 'Lisa Berry']",James Mark,5.577,13,14.4172,93,/8Cw8GF9wG63kF8pRRXwOx2kXGt.jpg
812,tt0103639,Aladdin,Aladdin,"In the boorish city of Agrabah, kind-hearted street urchin Aladdin and Princess Jasmine fall in love, although she can only marry a prince. He and power-hungry Grand Vizier Jafar vie for a magic lamp that can fulfill their wishes.",1992-11-25,"['Animation', 'Family', 'Adventure', 'Fantasy', 'Romance']","['princess', 'magic', 'tiger', 'cartoon', 'villain', 'parrot', 'sultan', 'flying carpet', 'wish', 'musical', 'love', 'monkey', 'arab', 'aftercreditsstinger', 'genie', 'arabian nights', 'animal sidekick', 'magic lamp', 'good versus evil', 'hilarious', 'exuberant', 'vibrant']","['Scott Weinger', 'Robin Williams', 'Linda Larkin', 'Jonathan Freeman', 'Gilbert Gottfried']",John Musker,7.653,11987,14.4122,91,/eLFfl7vS8dkeG1hKp5mwbm37V83.jpg
333339,tt1677720,Ready Player One,Ready Player One,"When the creator of a popular video game system dies, a virtual contest is created to compete for his fortune.",2018-03-28,"['Adventure', 'Action', 'Science Fiction']","['future', 'based on novel or book', 'video game', 'virtual reality', 'dystopia', 'nostalgia', 'love', 'film in film', 'evil corporation', 'quest', '1980s', '2040s', 'based on young adult novel', 'columbus, ohio', 'dreary', 'gloomy', 'vrmmo', 'dystopian']","['Tye Sheridan', 'Olivia Cooke', 'Ben Mendelsohn', 'Lena Waithe', 'T.J. Miller']",Steven Spielberg,7.584,16855,14.401,140,/pU1ULUq8D3iRxl1fdX2lZIzdHuI.jpg
9806,tt0317705,The Incredibles,The Incredibles,"Bob Parr has given up his superhero days to log in time as an insurance adjuster and raise his three children with his formerly heroic wife in suburbia. But when he receives a mysterious assignment, it's time to get back into costume.",2004-10-27,"['Action', 'Adventure', 'Animation', 'Family']","['hero', 'secret identity', 'superhero', 'villain', 'family relationships', 'super power', 'supervillain', '1950s', '1960s', 'excited', 'hopeful']","['Craig T. Nelson', 'Holly Hunter', 'Sarah Vowell', 'Spencer Fox', 'Jason Lee']",Brad Bird,7.723,18840,14.3914,115,/2LqaLgk4Z226KkgPJuiOQ58wvrm.jpg
1621,tt0086465,Trading Places,Trading Places,A snobbish investor and a wily street con-artist find their positions reversed as part of a bet by two callous millionaires.,1983-06-07,['Comedy'],"[""new year's eve"", 'prostitute', 'philadelphia, pennsylvania', 'butler', 'christmas party', 'satire', 'rags to riches', 'broker', 'beggar', 'wager', 'stockbroker', 'fish out of water', 'millionaire', 'commodities', 'investor', 'hoodlum', 'wrongful arrest', 'rich snob', 'christmas', 'riches to rags', 'new year', 'mischievous', 'christmas eve', 'irreverent', 'absurd', 'dramatic', 'hilarious', 'amused', 'disrespectful', 'exhilarated']","['Dan Aykroyd', 'Eddie Murphy', 'Ralph Bellamy', 'Don Ameche', 'Denholm Elliott']",John Landis,7.227,3645,14.3893,116,/8mBuLCOcpWnmYtZc4aqtvDXslv6.jpg
12155,tt1014759,Alice in Wonderland,Alice in Wonderland,"Alice, now 19 years old, returns to the whimsical world she first entered as a child and embarks on a journey to discover her true destiny.",2010-03-03,"['Family', 'Fantasy', 'Adventure']","['based on novel or book', 'queen', ""based on children's book"", 'psychotic', 'fantasy world', 'taunting', 'mad hatter', 'lewis carroll', 'live action remake', 'based on young adult novel', 'mischievous', 'adaptation', 'incredulous', 'amused', 'euphoric', 'wonderland', 'march hare', 'queen of hearts']","['Mia Wasikowska', 'Johnny Depp', 'Anne Hathaway', 'Helena Bonham Carter', 'Crispin Glover']",Tim Burton,6.639,14765,14.3742,108,/o0kre9wRCZz3jjSjaru7QU0UtFz.jpg
447273,tt6208148,Snow White,Snow White,"Following the benevolent King's disappearance, the Evil Queen dominated the once fair land with a cruel streak. Princess Snow White flees the castle when the Queen, in her jealousy over Snow White's inner beauty, tries to kill her. Deep into the dark woods, she stumbles upon seven magical dwarves and a young bandit named Jonathan. Together, they strive to survive the Queen's relentless pursuit and aspire to take back the kingdom.",2025-03-19,"['Family', 'Fantasy']","['princess', 'dwarf', 'fairy tale', 'poison', 'musical', 'apple', 'based on movie', 'evil queen', 'based on fairy tale', 'live action remake', 'fantasy', 'romantic fantasy', 'admiring', 'adoring', 'amused']","['Rachel Zegler', 'Gal Gadot', 'Andrew Burnap', 'Andrew Barth Feldman', 'Emilia Faucher']",Marc Webb,4.3,1621,14.3733,109,/oLxWocqheC8XbXbxqJ3x422j9PW.jpg
406997,tt2543472,Wonder,Wonder,"The story of August Pullman – a boy with facial differences – who enters fifth grade, attending a mainstream elementary school for the first time.",2017-11-13,"['Family', 'Drama']","['exclusion', 'bullying', 'coney island', 'prejudice', 'school', ""based on children's book"", 'family', 'physical disability', 'treacher collins syndrome', 'relaxed', 'melodramatic']","['Jacob Tremblay', 'Julia Roberts', 'Owen Wilson', 'Izabela Vidovic', 'Noah Jupe']",Stephen Chbosky,8.107,8243,14.3291,113,/sONh3LYGFcVDTy8pm1tbSOB13Li.jpg
168259,tt2820852,Furious 7,Furious 7,Deckard Shaw seeks revenge against Dominic Toretto and his family for his comatose brother.,2015-04-01,"['Action', 'Crime', 'Thriller']","['car race', 'speed', 'street race', 'revenge', 'race', 'cars', 'suspenseful', 'admiring', 'excited']","['Vin Diesel', 'Paul Walker', 'Dwayne Johnson', 'Michelle Rodriguez', 'Tyrese Gibson']",James Wan,7.216,11257,14.3146,138,/ktofZ9Htrjiy0P6LEowsDaxd3Ri.jpg
11012,tt0104237,Damage,Damage,The life of a respected British politician at the height of his career crumbles when he becomes obsessed with his son's lover.,1992-12-02,"['Drama', 'Romance']","['london, england', 'sibling relationship', 'loss of loved one', 'longing', 'politician', 'scandal', 'in flagranti', 'femme fatale', 'older man younger woman relationship', 'extramarital affair', 'voyeur', 'father son relationship', 'tory politician']","['Jeremy Irons', 'Juliette Binoche', 'Miranda Richardson', 'Rupert Graves', 'Peter Stormare']",Louis Malle,6.56,673,14.3039,111,/alf3JOPP7EYP0iO24gwe5YfRnqo.jpg
1197137,tt29644189,Black Phone 2,Black Phone 2,"Four years after defeating The Grabber, Finney Blake is struggling with life after captivity. When his younger sister Gwen begins receiving calls in her dreams from the Black Phone and seeing disturbing visions of three boys being stalked at a winter camp, the siblings become determined to solve the mystery and confront a killer who has grown more powerful in death and more significant to them than either could imagine.",2025-10-15,"['Horror', 'Thriller']","['mask', 'child abuse', 'dreams', 'sibling relationship', 'winter', 'child murder', 'supernatural', 'rocky mountains', 'colorado', 'sequel', 'murder', 'domestic abuse', 'serial killer', 'snow', 'camp', 'slasher', 'based on short story', 'child kidnapping', '1980s', '1950s', 'masked villain', 'brother sister relationship', 'masked', 'supernatural horror', 'christian faith', 'psychological horror', 'nightmares', 'teen horror', 'horror', 'frozen lake']","['Ethan Hawke', 'Mason Thames', 'Madeleine McGraw', 'Demián Bichir', 'Miguel Mora']",Scott Derrickson,6.69,1068,14.2898,114,/gFddBLQ8wj9M9O82iPzgX5KVNHz.jpg
1620034,tt39382052,"Marty, Life Is Short","Marty, Life Is Short","Martin Short looks back on a life fueled by joy in this documentary with classic clips, fresh interviews and star-studded, never-before-seen home movies.",2026-05-11,['Documentary'],[],"['Martin Short', 'Steve Martin', 'Andrea Martin', 'Ron Howard', 'Michael Short']",Lawrence Kasdan,8.7,3,14.2814,102,/z4QdUukg4FnbcwM6qeP6ZCoQZhf.jpg
209112,tt2975590,Batman v Superman: Dawn of Justice,Batman v Superman: Dawn of Justice,"Fearing the actions of a god-like Super Hero left unchecked, Gotham City’s own formidable, forceful vigilante takes on Metropolis’s most revered, modern-day savior, while the world wrestles with what sort of hero it really needs. And with Batman and Superman at war with one another, a new threat quickly arises, putting mankind in greater danger than it’s ever known before.",2016-03-23,"['Action', 'Adventure', 'Fantasy']","['superhero', 'based on comic', 'revenge', 'vigilante', 'super power', 'dc extended universe (dceu)']","['Ben Affleck', 'Henry Cavill', 'Jesse Eisenberg', 'Gal Gadot', 'Amy Adams']",Zack Snyder,5.996,18944,14.2764,152,/5UsK3grJvtQrtzEgqNlDljJW96w.jpg
68718,tt1853728,Django Unchained,Django Unchained,"With the help of a German bounty hunter, a freed slave sets out to rescue his wife from a brutal Mississippi plantation owner.",2012-12-25,"['Drama', 'Western']","['rescue', 'friendship', 'bounty hunter', 'ku klux klan', 'texas', 'slavery', 'plantation', 'revenge', 'racism', 'slave trade', 'black slave', 'angry', '19th century', 'white supremacy', 'anxious', 'deep south', 'old west', 'mississippi']","['Jamie Foxx', 'Christoph Waltz', 'Leonardo DiCaprio', 'Kerry Washington', 'Samuel L. Jackson']",Quentin Tarantino,8.2,27967,14.2526,165,/7oWY8VDWW7thTzWh3OKYRkWUlD5.jpg
78,tt0083658,Blade Runner,Blade Runner,"In the smog-choked dystopian Los Angeles of 2019, blade runner Rick Deckard is called out of retirement to terminate a quartet of replicants who have escaped to Earth seeking their creator for a way to extend their short life spans.",1982-06-25,"['Science Fiction', 'Drama', 'Thriller']","['android', 'flying car', 'bounty hunter', 'artificial intelligence (a.i.)', 'genetics', 'based on novel or book', 'dystopia', 'melancholy', 'futuristic', 'fugitive', 'cyberpunk', 'los angeles, california', 'alcoholic', 'origami', 'unicorn', 'tech noir', 'humanity', 'neo-noir', 'grim', 'human clone', 'humanoid robot', 'blade runner', '2010s', 'suspenseful', 'excited', 'dystopian']","['Harrison Ford', 'Rutger Hauer', 'Sean Young', 'Edward James Olmos', 'M. Emmet Walsh']",Ridley Scott,7.938,14943,14.2464,118,/63N9uy8nd9j7Eog2axPQ8lbr3Wj.jpg
772,tt0104431,Home Alone 2: Lost in New York,Home Alone 2: Lost in New York,"Instead of flying to Florida with his folks, Kevin ends up alone in New York, where he gets a hotel room with his dad's credit card—despite problems from a clerk and meddling bellboy. But when Kevin runs into his old nemeses, the Wet Bandits, he's determined to foil their plans to rob a toy store on Christmas Eve.",1992-11-15,"['Comedy', 'Family', 'Adventure']","['new york city', 'burglar', 'holiday', 'family relationships', 'sequel', 'slapstick comedy', 'little boy', 'home invasion', 'family', 'precocious child', 'home alone', 'mischievous child', 'shocking', 'aggressive', 'christmas', 'kids on their own', 'child rescue', 'depressing']","['Macaulay Culkin', 'Joe Pesci', 'Daniel Stern', ""Catherine O'Hara"", 'John Heard']",Chris Columbus,6.784,10588,14.1966,120,/uuitWHpJwxD1wruFl2nZHIb4UGN.jpg
945961,tt18412256,Alien: Romulus,Alien: Romulus,"While scavenging the deep ends of a derelict space station, a group of young space colonizers come face to face with the most terrifying life form in the universe.",2024-08-13,"['Horror', 'Science Fiction']","['alien life-form', 'spin off', 'alien contact', 'alien monster', 'space exploration', 'alien encounter', 'space capsule', 'spaceship', 'sci-fi horror', 'xenomorph threat', 'cryonics chamber', 'abandoned station', 'biological contamination', 'hostile organism', 'interstellar isolation']","['Cailee Spaeny', 'David Jonsson', 'Archie Renaux', 'Isabela Merced', 'Spike Fearn']",Fede Álvarez,7.166,4514,14.1592,119,/2uSWRTtCG336nuBiG8jOTEUKSy8.jpg
1627824,tt39565775,Rocky's Cat-astrophe,Rocky's Cat-astrophe,"When one of Humdinger's schemes goes awry, a Junkyard Kitten's home is destroyed and Rocky bites off more than he can chew when he invites the kitten to stay at the Lookout overnight. While the kitten causes more trouble than expected, Rocky learns that even heroes need help.",2026-02-27,"['Animation', 'Family']",[],"['Jesse Gervasi', 'Jackson Reid', 'Lilly Bartlam', 'Kai Harris', 'Lucien Duncan-Reid']",Joey So,0.0,0,14.1579,44,/pqfkJh0CyF00GvR4NIdvJYkJb2F.jpg
273477,tt1727776,Scouts Guide to the Zombie Apocalypse,Scouts Guide to the Zombie Apocalypse,"Three scouts and lifelong friends join forces with one badass cocktail waitress to become the world’s most unlikely team of heroes.  When their peaceful town is ravaged by a zombie invasion, they’ll fight for the badge of a lifetime and put their scouting skills to the test to save mankind from the undead.",2015-10-23,"['Comedy', 'Horror']","['shotgun', 'camping', 'campsite', 'gore', 'strip club', 'zombie', 'dripping blood', 'flesh eating', 'boy scouts', 'aftercreditsstinger', 'zombie apocalypse']","['Tye Sheridan', 'Sarah Dumont', 'Logan Miller', 'Joey Morgan', 'Patrick Schwarzenegger']",Christopher Landon,6.573,2121,14.1322,93,/lUKvvSnjFlazrdh6wyHxHrdMknD.jpg
2105,tt0163651,American Pie,American Pie,"At a high-school party, four friends find that losing their collective virginity isn't as easy as they had thought. But they still believe that they need to do so before college. To motivate themselves, they enter a pact to all ""score"" by their senior prom.",1999-07-09,"['Comedy', 'Romance']","['innocence', 'graduation', 'loss of virginity', 'coming of age', 'high school student', 'pie', 'teen comedy', 'teenage sexuality', 'exchange student', 'sex comedy', 'voyeurism', 'virginity', 'laxative', 'prom night', 'teenager']","['Jason Biggs', 'Chris Klein', 'Thomas Ian Nicholas', 'Alyson Hannigan', 'Shannon Elizabeth']",Paul Weitz,6.605,8279,14.1171,95,/5P68by2Thn8wHAziyWGEw2O7hco.jpg
664413,tt10886166,365 Days,365 dni,"A woman falls victim to a dominant mafia boss, who imprisons her and gives her one year to fall in love with him.",2020-02-07,"['Romance', 'Drama']","['kidnapping', 'gangster', 'nightclub', 'mansion', 'prostitution', 'relationship', 'mature', 'bdsm', 'rich man poor woman', 'disturbed', 'aggressive', 'abduction', 'sex', 'antagonistic', 'arrogant', 'disrespectful']","['Anna-Maria Sieklucka', 'Michele Morrone', 'Bronisław Wrocławski', 'Otar Saralidze', 'Magdalena Lamparska']",Barbara Białowąs,6.992,9494,14.0988,114,/6KwrHucIE3CvNT7kTm2MAlZ4fYF.jpg
9470,tt0373074,Kung Fu Hustle,功夫,"It's the 1940s, and the notorious Axe Gang terrorizes Shanghai. Small-time criminals Sing and Bone hope to join, but they only manage to make lots of very dangerous enemies. Fortunately for them, kung fu masters and hidden strength can be found in unlikely places. Now they just have to take on the entire Axe Gang.",2004-02-10,"['Action', 'Comedy', 'Crime', 'Fantasy']","['martial arts', 'china', 'magic', 'gangster', 'mafia', 'defense', 'policeman', 'wuxia', '1940s', 'anarchic comedy', 'pretending to be gay', 'canton']","['Stephen Chow', 'Yuen Qiu', 'Yuen Wah', 'Lam Tze-Chung', 'Bruce Leung Siu-Lung']",Stephen Chow,7.491,3163,14.0875,99,/exbyTbrvRUDKN2mcNEuVor4VFQW.jpg
263115,tt3315342,Logan,Logan,"In the near future, a weary Logan cares for an ailing Professor X in a hideout on the Mexican border. But Logan's attempts to hide from the world and his legacy are upended when a young mutant arrives, pursued by dark forces.",2017-02-28,"['Action', 'Drama', 'Science Fiction']","['future', 'experiment', 'immortality', 'self-destruction', 'cyborg', 'dystopia', 'superhero', 'mutant', 'road trip', 'based on comic', 'sequel', 'super power', 'neo-western', 'troubled past', 'aging superhero', 'life on the margin', 'dramatic', 'excited']","['Hugh Jackman', 'Dafne Keen', 'Patrick Stewart', 'Elizabeth Rodriguez', 'Boyd Holbrook']",James Mangold,7.8,20361,14.0819,137,/fnbjcRDYn6YviCcePDnGdyAkYsB.jpg
694,tt0081505,The Shining,The Shining,"Jack Torrance accepts a caretaker job at the Overlook Hotel, where he, along with his wife Wendy and their son Danny, must live isolated from the rest of the world for the winter. But they aren't prepared for the madness that lurks within.",1980-05-23,"['Horror', 'Thriller']","['hotel', ""new year's eve"", 'child abuse', 'based on novel or book', 'isolation', 'telepathy', 'delusion', 'halloween', 'snowstorm', 'colorado', 'seclusion', 'surrealism', ""writer's block"", 'alcoholism', 'premonition', 'psychic power', 'caretaker', 'loneliness', 'vision', 'domestic violence', 'postmodern', 'psychological thriller', 'writer', 'twins', 'labyrinth', 'alcoholic', 'blizzard', 'mutilation', 'bloody body of child', 'extrasensory perception', 'uxoricide', 'motherhood', 'hypothermia', 'haunted hotel', 'psychological disintegration', 'disturbed', 'pediatrician', 'repetition', 'mother son relationship', 'supernatural power', 'new year', 'supernatural horror', 'ghost child', 'psychotronic film', 'dreary', 'psychological horror', 'supernatural drama', 'deal with the devil', 'nuclear family', 'avant garde', 'psychological drama', ""new year's party"", 'identical twins', 'ambiguous', 'frightened', 'subjective']","['Jack Nicholson', 'Shelley Duvall', 'Danny Lloyd', 'Scatman Crothers', 'Barry Nelson']",Stanley Kubrick,8.204,18878,14.0695,144,/uAR0AWqhQL1hQa69UDEbb2rE5Wx.jpg
80785,tt0088703,Amazon Jail,Curral de Mulheres,"Young women in the Amazon are kidnapped by a ring of devil-worshipers, who plan to sell them as sex slaves. Some of the women escape, but are pursued into the jungle by their captors. The women must band together to turn the tables on their kidnappers.",1982-01-01,"['Thriller', 'Adventure', 'Action']","['kidnapping', ""women's prison"", 'amazon rainforest', 'sexploitation', 'sexual humiliation', 'masturbation', 'devil worship', 'sex slavery']","['Elizabeth Hartmann', 'Maurício do Valle', 'Sandra Graffi', 'Lígia de Paula', 'Elys Cardoso']",Oswaldo de Oliveira,4.34,25,13.9875,99,/ob0TfLdSvNvRCPM09a9E4iAbugX.jpg
1628367,tt39664733,Kartavya,कर्तव्य,"With his family's safety at stake and menacing threats closing in, a police officer must decide how far he'll go to uphold his duty.",2026-05-15,"['Crime', 'Drama', 'Thriller']","['detective', 'gritty', 'dark thriller']","['Saif Ali Khan', 'Rasika Dugal', 'Sanjay Mishra', 'Saurabh Dwivedi', 'Zakir Hussain']",Pulkit,0.0,0,13.9871,109,/wyJG0JzeZTo37giko4UJVVFktld.jpg
1339876,tt27673536,Mardaani 3,मर्दानी 3,"Officer Shivani Shivaji Roy returns to hunt down those behind the disappearance of young girls, risking everything to bring them back alive.",2026-01-30,"['Action', 'Crime', 'Thriller']",[],"['Rani Mukerji', 'Mallika Prasad', 'Janki Bodiwala', 'Jisshu Sengupta', 'Mikhail Yawalkar']",Abhiraj Minawala,7.268,28,13.9716,131,/dHxLBtHw4InwsVumnthupZYz6NM.jpg
5879,tt0074102,In the Realm of the Senses,愛のコリーダ,"A passionate telling of the story of Sada Abe, a woman whose affair with her master led to an obsessive and ultimately destructive sexual relationship.",1976-09-15,"['Drama', 'Romance']","['japan', 'pornography', 'jealousy', 'geisha', 'brothel', 'eroticism', 'sake', 'longing', 'deceived wife', 'based on true story', 'sadomasochism', 'mistress', 'prostitution', 'nymphomania', '1930s', 'depravation', 'sex', 'unsimulated sex', 'shōwa era (1926-89)', 'penis mutilation', 'erotic asphyxiation', 'x rated']","['Eiko Matsuda', 'Tatsuya Fuji', 'Aoi Nakajima', 'Yasuko Matsui', 'Meika Seri']",Nagisa Ōshima,6.591,727,13.9603,105,/AiFQbgjgSXWPfbi9iIYT39iXWMW.jpg
1072790,tt26047818,Anyone But You,Anyone But You,"After an amazing first date, Bea and Ben’s fiery attraction turns ice cold — until they find themselves unexpectedly reunited at a destination wedding in Australia. So they do what any two mature adults would do: pretend to be a couple.",2023-12-21,"['Romance', 'Comedy']","['australia', 'hiking', 'romcom', 'based on play or musical', 'law school', 'aftercreditsstinger', 'duringcreditsstinger', 'fake dating', 'destination wedding', 'comforting']","['Sydney Sweeney', 'Glen Powell', 'Mia Artemis', 'Nat Buchanan', 'GaTa']",Will Gluck,6.781,3048,13.9477,103,/5qHoazZiaLe7oFBok7XlUhg96f2.jpg
976573,tt15789038,Elemental,Elemental,"In a city where fire, water, land and air residents live together, a fiery young woman and a go-with-the-flow guy will discover something elemental: how much they have in common.",2023-06-14,"['Animation', 'Comedy', 'Family', 'Fantasy', 'Romance']","['fire', 'earth', 'computer animation', 'duringcreditsstinger', 'elements', 'water', 'city', 'lighthearted', 'romantic', 'whimsical', 'hopeful']","['Leah Lewis', 'Mamoudou Athie', 'Ronnie del Carmen', 'Shila Ommi', 'Wendi McLendon-Covey']",Peter Sohn,7.577,5274,13.922,102,/4Y1WNkd88JXmGfhtWR7dmDAo1T2.jpg
4247,tt0175142,Scary Movie,Scary Movie,"A familiar-looking group of teenagers find themselves being stalked by a more-than-vaguely recognizable masked killer! As the victims begin to pile up and the laughs pile on, none of your favorite scary movies escape the razor-sharp satire of this outrageously funny parody!",2000-07-07,['Comedy'],"['high school', 'psychopath', 'garage', 'satire', 'parody', 'crude humor', 'spoof', 'slasher', 'horror spoof', 'drugs', 'aftercreditsstinger', 'horror parody', 'whimsical', 'enthusiastic']","['Anna Faris', 'Regina Hall', 'Marlon Wayans', 'Shawn Wayans', 'Jon Abrahams']",Keenen Ivory Wayans,6.391,7726,13.8543,88,/fVQFPRuw3yWXojYDJvA5EoFjUOY.jpg
1031774,tt22482764,Thriller 40,Thriller 40,"Forty years after the release of Michael Jackson’s ‘Thriller,’ the best-selling album of all-time, director Nelson George takes fans back in time to the making of a pop masterpiece, featuring never-before-seen footage and candid interviews.",2023-12-02,"['Documentary', 'Music']","['pop star', 'music documentary']","['Michael Jackson', 'Quincy Jones', 'Paul McCartney', 'Usher', 'Mary J. Blige']",Nelson George,8.543,104,13.8254,89,/5LOKk1Ca1YaCb3EjTEMDJdPbQxN.jpg
510,tt0073486,One Flew Over the Cuckoo's Nest,One Flew Over the Cuckoo's Nest,"A petty criminal fakes insanity to serve his sentence in a mental ward rather than prison. He soon finds himself as a leader to the other patients—and an enemy to the cruel, domineering nurse who runs the ward.",1975-11-19,['Drama'],"['mentally disabled', 'friendship', 'based on novel or book', 'nurse', 'lunatic asylum', 'affectation', 'insane asylum', 'oregon, usa', 'hospital', 'medication', 'female villain', 'shock treatment', 'medical drama', 'psychological drama', 'brisk', 'derisive', 'informative']","['Jack Nicholson', 'Brad Dourif', 'Louise Fletcher', 'Danny DeVito', 'William Redfield']",Miloš Forman,8.412,11415,13.8211,133,/kjWsMh72V6d8KRLV4EOoSJLT1H7.jpg
1511057,tt37540875,Roommates,Roommates,"When shy college freshman Devon asks cool-girl Celeste to be her roommate, a blossoming friendship quickly spirals into a war of passive aggression.",2026-04-13,['Comedy'],"['college', 'disrespect', 'evil friend', 'boundaries of friendship']","['Sadie Sandler', 'Chloe East', 'Billy Bryk', 'Sarah Sherman', 'Martin Herlihy']",Chandler Levack,6.534,103,13.8172,108,/eW1s6omXIfVkTlmKVe9y9Dwwt4u.jpg
604,tt0234215,The Matrix Reloaded,The Matrix Reloaded,"The Resistance builds in numbers as humans are freed from the Matrix and brought to the city of Zion. Neo discovers his superpowers, including the ability to see the code inside the Matrix. With machine sentinels digging to Zion in 72 hours, Neo, Morpheus and Trinity must find the Keymaker to ultimately reach the Source.",2003-05-15,"['Adventure', 'Action', 'Thriller', 'Science Fiction']","['dying and death', 'future', 'mission', 'man vs machine', 'underground world', 'martial arts', 'kung fu', 'hero', 'dreams', 'fortune teller', 'artificial intelligence (a.i.)', 'computer', 'saving the world', 'computer virus', 'virtual reality', 'fight', 'prophecy', 'truth', 'key', 'dystopia', 'allegory', 'simulation', 'plato', 'precognition', 'rave', 'car crash', 'sequel', 'cyberpunk', 'action hero', 'gnosticism', 'oracle', 'grand', 'romantic', 'defiant', 'sardonic', 'dystopian']","['Keanu Reeves', 'Laurence Fishburne', 'Carrie-Anne Moss', 'Hugo Weaving', 'Jada Pinkett Smith']",Lana Wachowski,7.1,11923,13.8,138,/aA5qHS0FbSXO8PxcxUIHbDrJyuh.jpg
146233,tt1392214,Prisoners,Prisoners,"Keller Dover is facing every parent’s worst nightmare. His six-year-old daughter, Anna, is missing, together with her young friend, Joy, and as minutes turn to hours, panic sets in. The only lead is a dilapidated RV that had earlier been parked on their street.",2013-09-19,"['Drama', 'Thriller', 'Crime']","['pennsylvania, usa', 'kidnapping', 'hostage', 'detective', 'maze', 'symbolism', 'investigation', 'georgia', 'beating', 'god', 'revenge', 'vigilante', 'rural area', 'crime scene', 'brutality', 'candlelight vigil', 'angry', 'animal cruelty', 'neo-noir', 'sex offender', 'child abduction', 'baffled', 'suspense mystery']","['Hugh Jackman', 'Jake Gyllenhaal', 'Viola Davis', 'Maria Bello', 'Terrence Howard']",Denis Villeneuve,8.104,13017,13.7984,153,/jsS3a3ep2KyBVmmiwaz3LvK49b1.jpg
1233506,tt32642156,The Shrinking Man,L'Homme qui rétrécit,"Paul, is an ordinary man who divides his life between his shipbuilding company, his wife Elise and their daughter Mia. During a sea trip, Paul finds himself confronted with a strange, unexplained meteorological phenomenon. From then on, Paul shrinks inexorably, without science being able to explain why or be of any help to him. When, by accident, he finds himself a prisoner in his own cellar, and while he is only a few centimeters tall, he will have to fight to survive in this banal environment that has become perilous. During this experience, Paul will find himself confronted with himself, with his humanity, and will try to answer the great questions of existence.",2025-10-22,"['Adventure', 'Science Fiction']","['based on novel or book', 'shrinking', 'remake', 'survival', 'philosophical']","['Jean Dujardin', 'Marie-Josée Croze', 'Daphné Richard', 'Serge Swysen', 'Salim Talbi']",Jan Kounen,6.177,113,13.7882,99,/5scjQRQq4i0zpbfyvWJX8LFEWjt.jpg
301528,tt1979376,Toy Story 4,Toy Story 4,"Woody has always been confident about his place in the world, devoted to taking care of his kid—whether that's Andy or Bonnie. But after Bonnie creates a reluctant new toy called ""Forky"", a road trip adventure alongside old and new friends challenges everything Woody believes about loyalty, purpose, and what it truly means to be a toy.",2019-06-19,"['Family', 'Comedy', 'Animation', 'Adventure']","['friendship', 'cartoon', 'rescue mission', 'sequel', 'anti villain', 'buddy', 'cowboy', 'duringcreditsstinger', 'toy comes to life', 'dedication', 'awestruck']","['Tom Hanks', 'Tim Allen', 'Annie Potts', 'Tony Hale', 'Keegan-Michael Key']",Josh Cooley,7.466,10488,13.7473,100,/w9kR8qbmQ01HwnvK4alvnQ2ca0L.jpg
1456928,tt37271308,I Would Rather Kill You,차라리 죽여,"After leaving behind the hectic city life, sisters Sun-young and Ji-young move to a secluded rural village. Sun-young, the older sister, is practical and responsible, while Ji-young is carefree and detached. Dae-geun, the passionate youth leader who works tirelessly for the happiness and prosperity of the village, and Bong-sam, the village chief, both fall head over heels for the sisters who bring a fiery energy to their once-quiet town. Other suspicious men begin to obsess over the sisters, including a wanted criminal who causes a stir in the village. One man after another, the village's men fall into the wild trap of desire.",2025-02-26,"['Comedy', 'Mystery', 'Thriller']","['sex comedy', 'serial rapist', 'intense']","['Kim Do-yeon', 'Kim Ju-eun', 'Ahn Jeong-gyun', 'Kim Ki-doo', 'Yoon Se-woong']",Kim Sang-hoon,6.8,5,13.7014,104,/jU4ZTkJxO2EjBGkUZ4XT9o2Opu9.jpg
615777,tt10640346,Babylon,Babylon,"A tale of outsized ambition and outrageous excess, tracing the rise and fall of multiple characters in an era of unbridled decadence and depravity during Hollywood's transition from silent films to sound films in the late 1920s.",2022-12-22,"['Drama', 'Comedy']","['elephant', 'gambling', 'gambling debt', 'movie business', 'orgy', 'cocaine', 'melancholy', 'champagne', 'alcoholism', 'hollywood', 'alcoholic', 'filmmaking', 'movie star', 'silent film star', '1920s', 'old hollywood', 'fading star', 'sex', 'grand', 'ambiguous', 'amused']","['Diego Calva', 'Margot Robbie', 'Brad Pitt', 'Jovan Adepo', 'Jean Smart']",Damien Chazelle,7.355,3759,13.6712,189,/wjOHjWCUE0YzDiEzKv8AfqHj3ir.jpg
841755,tt14901058,Mortal Kombat Legends: Battle of the Realms,Mortal Kombat Legends: Battle of the Realms,"When Shao Kahn's Outworld barbarians terrorize Earthrealm, Lord Raiden is determined to put an end to the carnage once and for all. This leaves one option: a final Mortal Kombat tournament for the future of Earthrealm – win it or lose everything. Raiden's elite fighters Liu Kang, Johnny Cage, Sonya Blade, and a few new faces kick the action into overdrive as they go head-to-head with Outworld's most bloodthirsty warriors. But deep in the Netherrealm, an unspeakable scheme by the malevolent Shinnok unfolds, threatening to obliterate existence.",2021-08-30,"['Animation', 'Action', 'Fantasy']","['chosen one', 'based on video game', 'martial arts tournament', 'adult animation', 'extreme blood']","['Jordan Rodrigues', 'Jennifer Carpenter', 'Joel McHale', 'Patrick Seitz', 'Dave B. Mitchell']",Ethan Spaulding,7.602,493,13.6509,80,/ablrE8IbWcIrAxMmm4gnPn75AMS.jpg
1422,tt0407887,The Departed,The Departed,"To take down South Boston's Irish Mafia, the police send in one of their own to infiltrate the underworld, not realizing the syndicate has done likewise. While an undercover cop curries favor with the mob kingpin, a career criminal rises through the police ranks. But both sides soon discover there's a mole among them.",2006-10-04,"['Drama', 'Thriller', 'Crime']","['police', 'undercover', 'boston, massachusetts', 'gangster', 'irish-american', 'crime boss', 'friends', 'remake', 'mobster', 'organized crime', 'mafia', 'undercover cop', 'mole', 'state police', 'police training', 'realtor', 'angry', 'complex', 'dreary', 'intense', 'authoritarian', 'frightened']","['Leonardo DiCaprio', 'Matt Damon', 'Jack Nicholson', 'Mark Wahlberg', 'Martin Sheen']",Martin Scorsese,8.16,16146,13.6449,151,/nT97ifVT2J1yMQmeq20Qblg61T.jpg
105825,tt0104719,Erotic Ghost Story III,聊齋三集之燈草和尚,"A wanderer meets a monk with magical powers and becomes entranced by a mural of exquisite dancing women. He enters the painting, unaware of the conspiracy behind it, and must rescue the women who are trapped within.",1992-03-05,"['Horror', 'Drama', 'Fantasy']",['erotic horror'],"['Pauline Chan Bo-Lin', 'Shing Fui-On', 'Kenny Wong Tak-Ban', 'Chik King-Man', '张京花']",Ivan Lai Kai-Ming,5.597,31,13.6348,94,/2b1Y6NbZenY45DgC5CwncoLkpo.jpg
410119,tt0345219,Yu Pui Tsuen II,足本玉蒲團,"Before Michael Mak’s Sex And Zen became a cult favourite in the ’90s, there was Ho Fan’s Yu Pui Tsuen (The Carnal Prayer Mat, 1987). But without sex bomb Amy Yip, coarse humour or lesbian love affairs, Yu Pui Tsuen had to rely on the nudity and sex from his cast of relative unknowns to save the day.  When a young man dreams that he drowns after a night of carnal passion, he asks a buddhist monk to translate the experience for him. The monk replies that the dream is a warning not to indulge the pleasures of the flesh to excess, but the man ignores his advice, marrying a virgin and making love to her constantly. However, after several torrid affairs, the man begins to realise the sagacity of the monk's warning.",1987-10-15,"['Drama', 'Fantasy', 'Romance']",[],"['邓耀辉', 'Cheng Yuen-Man', 'Chou Ying-Ti', 'Sun Chien', 'Eliza Yue Chi-Wai']",Ho Fan,5.357,28,13.6141,90,/3NwBn6zPY6yXCqfxEHmEgGh8Jgc.jpg
329865,tt2543164,Arrival,Arrival,"Taking place after alien crafts land around the world, an expert linguist is recruited by the military to determine whether they come in peace or are a threat.",2016-11-10,"['Drama', 'Science Fiction', 'Mystery']","['spacecraft', 'extraterrestrial technology', 'loss', 'time', 'alien', 'language', 'female protagonist', 'scientist', 'heartbreak', 'based on short story', 'alien contact', 'military', 'alien language', 'linguist', 'first contact', 'communication', 'linguistics', 'time-manipulation', 'complex', 'determinism', 'science fiction', 'wistful', 'incredulous', 'hopeful']","['Amy Adams', 'Jeremy Renner', 'Forest Whitaker', 'Michael Stuhlbarg', ""Mark O'Brien""]",Denis Villeneuve,7.6,19289,13.6136,116,/pEzNVQfdzYDzVK0XqxERIw2x2se.jpg
1249213,tt32149847,Drop,Drop,"Violet, a widowed mother on her first date in years, arrives at an upscale restaurant where she is relieved that her date, Henry, is more charming and handsome than she expected. But their chemistry begins to curdle as Violet begins being irritated and then terrorized by a series of anonymous drops to her phone.",2025-04-10,"['Mystery', 'Thriller']","['photographer', 'date', 'widow', 'restaurant', 'psychological thriller', 'whodunit', 'single mother', 'phone', 'murder mystery', 'mystery', 'thriller', 'threatening behavior']","['Meghann Fahy', 'Brandon Sklenar', 'Reed Diamond', 'Violett Beane', 'Jeffery Self']",Christopher Landon,6.32,841,13.5926,95,/hSQPSW8aLjsMBfwqGjgJ6HozTkp.jpg
629,tt0114814,The Usual Suspects,The Usual Suspects,"Held in an L.A. interrogation room, Verbal Kint attempts to convince the feds that a mythic crime lord, Keyser Soze, not only exists, but was also responsible for drawing him and his four partners into a multi-million dollar heist that ended with an explosion in San Pedro harbor – leaving few survivors. Verbal lures his interrogators with an incredible story of the crime lord's almost supernatural prowess.",1995-07-19,"['Drama', 'Crime', 'Thriller']","['new york city', 'robbery', 'relatives', 'heist', 'flashback', 'police corruption', 'whodunit', 'los angeles, california', 'theft', 'criminal', 'criminal mastermind', 'cargo ship', 'mind game', 'neo-noir', 'mystery villain', 'suspenseful', 'intense', 'excited', 'rashomon effect']","['Stephen Baldwin', 'Gabriel Byrne', 'Benicio del Toro', 'Kevin Pollak', 'Kevin Spacey']",Bryan Singer,8.17,11368,13.592,106,/99X2SgyFunJFXGAYnDv3sb9pnUD.jpg
373571,tt3741700,Godzilla: King of the Monsters,Godzilla: King of the Monsters,"Follows the heroic efforts of the crypto-zoological agency Monarch as its members face off against a battery of god-sized monsters, including the mighty Godzilla, who collides with Mothra, Rodan, and his ultimate nemesis, the three-headed King Ghidorah. When these ancient super-species, thought to be mere myths, rise again, they all vie for supremacy, leaving humanity's very existence hanging in the balance.",2019-05-29,"['Science Fiction', 'Action']","['mexico', 'boston, massachusetts', 'giant monster', 'cryptozoology', 'eco terrorism', 'creature feature', 'rodan', 'kaiju', 'aftercreditsstinger', 'global threat', 'animal horror', 'king ghidorah', 'sunken city', 'mothra', 'godzilla']","['Kyle Chandler', 'Vera Farmiga', 'Millie Bobby Brown', 'Ken Watanabe', 'Zhang Ziyi']",Michael Dougherty,6.692,6688,13.5677,132,/mzOHg7Q5q9yUmY0b9Esu8Qe6Nnm.jpg
505642,tt9114286,Black Panther: Wakanda Forever,Black Panther: Wakanda Forever,"Queen Ramonda, Shuri, M’Baku, Okoye and the Dora Milaje fight to protect their nation from intervening world powers in the wake of King T’Challa’s death.  As the Wakandans strive to embrace their next chapter, the heroes must band together with the help of War Dog Nakia and Everett Ross and forge a new path for the kingdom of Wakanda.",2022-11-09,"['Action', 'Adventure', 'Science Fiction']","['hero', 'loss of loved one', 'superhero', 'royal family', 'based on comic', 'sequel', 'royalty', 'underwater', 'political intrigue\xa0', 'death in family', 'death of brother', 'duringcreditsstinger', 'death of king', 'marvel cinematic universe (mcu)', 'hidden civilization', 'yucatan', 'mayans']","['Letitia Wright', 'Tenoch Huerta Mejía', ""Lupita Nyong'o"", 'Danai Gurira', 'Winston Duke']",Ryan Coogler,7.0,7435,13.566,162,/sv1xJUazXeYqALzczSZ3O6nkH75.jpg
2109,tt0120812,Rush Hour,Rush Hour,"When Hong Kong Inspector Lee is summoned to Los Angeles to investigate a kidnapping, the FBI doesn't want any outside help and assigns cocky LAPD Detective James Carter to distract Lee from the case. Not content to watch the action from the sidelines, Lee and Carter form an unlikely partnership and investigate the case themselves.",1998-09-18,"['Action', 'Comedy', 'Crime']","['martial arts', 'fbi', 'two man army', 'chinese mafia', 'cop', 'los angeles, california', 'east asian lead', 'buddy cop', 'consul', 'crime lord', 'art treasures', 'child kidnapping', 'duringcreditsstinger', 'action hero', 'hilarious']","['Jackie Chan', 'Chris Tucker', 'Tom Wilkinson', 'Philip Baker Hall', 'Elizabeth Peña']",Brett Ratner,7.068,5633,13.5641,97,/3WsLE6FtxEPRa6U9sbY1ckrn39s.jpg
50620,tt1673434,The Twilight Saga: Breaking Dawn - Part 2,The Twilight Saga: Breaking Dawn - Part 2,"After the birth of Renesmee, the Cullens gather other vampire clans in order to protect the child from a false allegation that puts the family in front of the Volturi.",2012-11-13,"['Fantasy', 'Drama', 'Romance']","['based on novel or book', 'vampire', 'villainess', 'affectation', 'romance', 'teen movie', 'werewolf', 'supernatural creature', 'super strength', 'imprinting', 'cross breed', 'bloodsucker', 'grudge', 'chief of police', 'wolf pack', 'misinformation', 'seeing the future', 'teen drama', 'based on young adult novel']","['Kristen Stewart', 'Robert Pattinson', 'Taylor Lautner', 'Peter Facinelli', 'Elizabeth Reaser']",Bill Condon,6.5,9359,13.5597,115,/7IGdPaKujv0BjI0Zd0m0a4CzEjJ.jpg
519465,tt8378126,Queen of Hearts,Dronningen,"Anne, a brilliant and dedicated advocacy lawyer specialising in society’s most vulnerable, children and young adults, lives what appears to be the picture-perfect life with her doctor-husband, Peter, and their twin daughters. When her estranged teenage stepson, Gustav, moves in with them, Anne’s escalating desire leads her down a dangerous rabbit hole which, once exposed, unleashes a sequence of events destined to destroy her world.",2019-03-27,['Drama'],"['lawyer', 'incest', 'older woman younger man relationship', 'woman director', 'erotic thriller', 'unfaithful wife', 'age-gap relationship', 'stepmother stepson relationship', 'stepmother stepson incest', 'stepmother stepson sex']","['Trine Dyrholm', 'Gustav Lindh', 'Magnus Krepper', 'Liv Esmår Dannemann', 'Silja Esmår Dannemann']",May el-Toukhy,6.9,376,13.5504,127,/dfFVDIgovEfQZn53VRKLV2JQnRJ.jpg
242,tt0099674,The Godfather Part III,The Godfather Part III,"In the midst of trying to legitimize his business dealings in 1979 New York and Italy, aging mafia don, Michael Corleone seeks forgiveness for his sins while taking a young protege under his wing.",1990-12-25,"['Crime', 'Drama', 'Thriller']","['daughter', 'new york city', 'helicopter', 'assassination', 'italian american', 'italy', 'gangster', 'confession', 'symbolism', 'revenge', 'organized crime', 'mafia', 'lawyer', 'disrespectful']","['Al Pacino', 'Diane Keaton', 'Talia Shire', 'Andy Garcia', 'Eli Wallach']",Francis Ford Coppola,7.42,6831,13.5014,162,/lm3pQ2QoQ16pextRsmnUbG2onES.jpg
508442,tt2948372,Soul,Soul,"Joe Gardner is a middle school teacher with a love for jazz music. After a successful audition at the Half Note Club, he suddenly gets into an accident that separates his soul from his body and is transported to the You Seminar, a center in which souls develop and gain passions before being transported to a newborn child. Joe must enlist help from the other souls-in-training, like 22, a soul who has spent eons in the You Seminar, in order to get back to Earth.",2020-12-25,"['Animation', 'Family', 'Drama', 'Music', 'Fantasy']","['new york city', 'jazz', 'musician', 'cat', 'self-discovery', 'jazz singer or musician', 'teacher', 'aftercreditsstinger', 'duringcreditsstinger', 'life after death', 'cheerful']","['Jamie Foxx', 'Tina Fey', 'Graham Norton', 'Rachel House', 'Alice Braga']",Pete Docter,8.093,11378,13.4956,101,/6jmppcaubzLF8wkXM36ganVISCo.jpg
493922,tt7784604,Hereditary,Hereditary,"Following the death of the Leigh family matriarch, Annie and her children uncover disturbing secrets about their heritage. Their daily lives are not only impacted, but they also become entangled in a chilling fate from which they cannot escape, driving them to the brink of madness.",2018-06-07,"['Horror', 'Mystery', 'Thriller']","['daughter', 'funeral', 'parent child relationship', 'loss of loved one', 'ritual', 'supernatural', 'possession', 'dysfunctional family', 'sleeplessness', 'murder', 'family drama', 'fear', 'demon', 'attic', 'evil', 'ritual murder', 'demonic possession', 'satanic ritual', 'dollhouse', 'coven (akelarre)', 'séance', 'grieving', 'disturbed', 'psychological disorders', 'matriarch', 'miniatures', 'traumatized woman', 'didactic', 'commanding', 'horrified']","['Toni Collette', 'Alex Wolff', 'Gabriel Byrne', 'Milly Shapiro', 'Ann Dowd']",Ari Aster,7.292,8542,13.4623,128,/hjlZSXM86wJrfCv5VKfR5DI2VeU.jpg
1895,tt0121766,Star Wars: Episode III - Revenge of the Sith,Star Wars: Episode III - Revenge of the Sith,"When the sinister Sith unveil a thousand-year-old plot to rule the galaxy, the Republic crumbles and from its ashes rises the evil Galactic Empire. Jedi hero Anakin Skywalker must choose a side.",2005-05-17,"['Adventure', 'Action', 'Science Fiction']","['showdown', 'lava', 'fight', 'politics', 'volcano', 'chosen one', 'sequel', 'romance', 'prequel', 'tragedy', 'cult figure', 'tragic hero', 'vision', 'planet', 'hatred', 'dream sequence', 'expectant mother', 'space opera', 'chancel', 'burn injury', 'allegorical', 'tragic romance', 'fall from grace', 'power', 'violence', 'tragic', 'tuwaderalit']","['Hayden Christensen', 'Ewan McGregor', 'Natalie Portman', 'Ian McDiarmid', 'Samuel L. Jackson']",George Lucas,7.5,14899,13.448,140,/xfSAoBEm9MNBjmlNcDYLvLSMlnq.jpg
10020,tt0101414,Beauty and the Beast,Beauty and the Beast,"Follow the adventures of Belle, a bright young woman who finds herself in the castle of a prince who's been turned into a mysterious beast. With the help of the castle's enchanted staff, Belle soon learns the most important lesson of all -- that true beauty comes from within.",1991-10-22,"['Romance', 'Family', 'Animation', 'Fantasy']","['princess', 'france', 'prince', 'castle', 'villain', 'rose', 'musical', 'insane asylum', 'beast', 'based on fairy tale', 'eccentric man', 'wonder', 'dedication', 'romantic', 'earnest', 'enchant', 'hopeful', 'sincere']","[""Paige O'Hara"", 'Robby Benson', 'Richard White', 'Jerry Orbach', 'David Ogden Stiers']",Gary Trousdale,7.726,10648,13.4447,84,/hUJ0UvQ5tgE2Z9WpfuduVSdiCiU.jpg
10625,tt0377092,Mean Girls,Mean Girls,"Cady Heron is a hit with The Plastics, the A-list girl clique at her new school, until she makes the mistake of falling for Aaron Samuels, the ex-boyfriend of alpha Plastic Regina George.",2004-04-30,"['Drama', 'Comedy']","['based on novel or book', 'illinois', 'female friendship', 'bullying', 'coming of age', 'prom', 'teenage girl', 'fish out of water', 'best friend', 'math teacher', 'gossip', 'clique', 'former best friend', 'teen comedy', 'exploitation of friendship', 'public humiliation', 'high school rivalry', 'new girl at school', 'teenage life', 'manipulative friend', 'math genius', 'female bully', 'teenage friendship', 'teenager', 'audacious']","['Lindsay Lohan', 'Rachel McAdams', 'Lizzy Caplan', 'Lacey Chabert', 'Amanda Seyfried']",Mark Waters,7.2,9427,13.4372,97,/fXm3YKXAEjx7d2tIWDg9TfRZtsU.jpg
411,tt0363771,"The Chronicles of Narnia: The Lion, the Witch and the Wardrobe","The Chronicles of Narnia: The Lion, the Witch and the Wardrobe","Siblings Lucy, Edmund, Susan and Peter step through a magical wardrobe and find the land of Narnia. There, they discover a charming, once peaceful kingdom that has been plunged into eternal winter by the evil White Witch, Jadis. Aided by the wise and magnificent lion, Aslan, the children lead Narnia into a spectacular, climactic battle to be free of the Witch's glacial powers forever.",2005-12-07,"['Adventure', 'Family', 'Fantasy']","['witch', 'sibling relationship', 'saving the world', 'based on novel or book', 'self sacrifice', 'winter', 'fairy tale', 'allegory', 'cupboard', 'beaver', 'lion', 'surrealism', 'battle', ""based on children's book"", 'fantasy world', 'duringcreditsstinger', '1940s', 'high fantasy', 'based on young adult novel', 'faun', 'good versus evil']","['William Moseley', 'Anna Popplewell', 'Skandar Keynes', 'Georgie Henley', 'Liam Neeson']",Andrew Adamson,7.135,11465,13.416,143,/iREd0rNCjYdf5Ar0vfaW32yrkm.jpg
260514,tt3606752,Cars 3,Cars 3,"Blindsided by a new generation of blazing-fast racers, the legendary Lightning McQueen is suddenly pushed out of the sport he loves. To get back in the game, he will need the help of an eager young race technician with her own plan to win, inspiration from the late Fabulous Hudson Hornet, and a few unexpected turns.",2017-06-15,"['Animation', 'Drama', 'Family']","['sports', 'trainer', 'villain', 'sequel', 'anthropomorphism', 'travel', 'racing', 'high tech', 'aftercreditsstinger', 'cars']","['Owen Wilson', 'Cristela Alonzo', 'Chris Cooper', 'Nathan Fillion', 'Larry the Cable Guy']",Brian Fee,6.857,6368,13.4066,102,/zg5RDxvIIAKsucjuU2EZJIHEIvz.jpg
1652947,tt39715030,Tuklas,Tuklas,"The first Bisaya VMX Original stars true-blooded Bisaya Skye Gonzaga. When IT officer Chris Alvarado uncovers a financial scandal at work, he faces a moral dilemma: exposing the truth or giving in to Anna, a seductive sales manager promising success and intimacy.",2026-03-20,['Drama'],['sexy'],"['Skye Gonzaga', 'Chino Villaluna', 'Denzel Cruza', 'Keesha Falcon', 'Alexa Armecin']",,7.0,2,13.3927,0,/pJiNDWSEguOY8m5x2vbgnl9DPme.jpg
640,tt0264464,Catch Me If You Can,Catch Me If You Can,"A true story about Frank Abagnale Jr. who, before his 19th birthday, successfully conned millions of dollars worth of checks as a Pan Am pilot, doctor, and legal prosecutor. An FBI agent makes it his mission to put him behind bars. But Frank not only eludes capture, he revels in the pursuit.",2002-12-16,"['Drama', 'Crime']","['fbi', 'con man', 'biography', 'based on true story', 'con artist', 'chameleon', 'attempted jailbreak', 'engagement party', 'mislaid trust', 'christmas', 'bank fraud', 'conman', 'fraudster', 'amused', 'assertive', 'compassionate', 'excited']","['Leonardo DiCaprio', 'Tom Hanks', 'Christopher Walken', 'Martin Sheen', 'Nathalie Baye']",Steven Spielberg,7.978,17043,13.3915,141,/ctjEj2xM32OvBXCq8zAdK3ZrsAj.jpg
598,tt0317248,City of God,Cidade de Deus,"In the poverty-stricken favelas of Rio de Janeiro in the 1970s, two young men choose different paths. Rocket is a budding photographer who documents the increasing drug-related violence of his neighborhood, while José “Zé” Pequeno is an ambitious drug dealer diving into a dangerous life of crime.",2002-08-30,"['Drama', 'Crime']","['street gang', 'photographer', 'gangster', 'rio de janeiro', 'gang war', 'ghetto', 'based on true story', 'coming of age', 'introspective', 'conceited']","['Alexandre Rodrigues', 'Leandro Firmino', 'Phellipe Haagensen', 'Douglas Silva', 'Jonathan Haagensen']",Fernando Meirelles,8.429,8162,13.3909,129,/k7eYdWvhYQyRQoU2TB2A2Xu2TfD.jpg
766507,tt11866324,Prey,Prey,"When danger threatens her camp, the fierce and highly skilled Comanche warrior Naru sets out to protect her people. But the prey she stalks turns out to be a highly evolved alien predator with a technically advanced arsenal.",2022-08-02,"['Thriller', 'Action', 'Science Fiction']","['hunter', 'native american', 'alien life-form', 'alien', 'prequel', 'decapitation', 'bear', 'dog', 'severed foot', 'bear attack', 'comanche', 'human vs alien', 'indigenous peoples', 'severed arm', 'dog hero', 'grand', 'great plains']","['Amber Midthunder', 'Dakota Beavers', 'Michelle Thrush', 'Stormee Kipp', 'Julian Black Antelope']",Dan Trachtenberg,7.661,7687,13.3779,100,/2FKjLRt7oK1bRRIrxgWmthbBdFh.jpg
1294203,tt32434379,My Fault: London,My Fault: London,"18-year-old Noah moves from America to London, with her mother who's recently fallen in love with William, a wealthy British businessman. Noah meets William’s son, bad-boy Nick, and soon discovers there is an attraction between them neither can avoid. As Noah spends the summer adjusting to her new life, her devastating past will catch up with her while falling in love for the first time.",2025-02-12,"['Drama', 'Romance']","['based on novel or book', 'release from prison', 'estranged father']","['Asha Banks', 'Matthew Broome', 'Eve Macklin', 'Ray Fearon', 'Enva Lewis']",Dani Girdwood,7.4,556,13.3677,119,/ttN5D6GKOwKWHmCzDGctAvaNMAi.jpg
791373,tt12361974,Zack Snyder's Justice League,Zack Snyder's Justice League,"Determined to ensure Superman's ultimate sacrifice was not in vain, Bruce Wayne aligns forces with Diana Prince with plans to recruit a team of metahumans to protect the world from an approaching threat of catastrophic proportions.",2021-03-18,"['Action', 'Adventure', 'Fantasy']","['saving the world', 'superhero', 'resurrection', 'based on comic', 'superhero team', 'planet invasion', 'action hero', 'dc extended universe (dceu)', 'superhero teamup']","['Ben Affleck', 'Henry Cavill', 'Gal Gadot', 'Ray Fisher', 'Jason Momoa']",Zack Snyder,8.1,10786,13.3662,242,/tnAuB8q5vv7Ax9UAEje5Xi4BXik.jpg
812583,tt14364480,Wake Up Dead Man: A Knives Out Mystery,Wake Up Dead Man: A Knives Out Mystery,"When young priest Jud Duplenticy is sent to assist charismatic firebrand Monsignor Jefferson Wicks, it’s clear that all is not well in the pews. After a sudden and seemingly impossible murder rocks the town, the lack of an obvious suspect prompts local police chief Geraldine Scott to join forces with renowned detective Benoit Blanc to unravel a mystery that defies all logic.",2025-11-26,"['Thriller', 'Mystery', 'Comedy']","['sequel', 'whodunit', 'murder investigation', 'murder mystery', 'upstate new york', 'web of lies', 'mystery thriller', 'hidden motives', 'clue‑based deduction', 'high‑society secrets', 'eccentric detective', 'manipulative personalities', 'hidden relationships', 'isolated mansion', 'character‑driven mystery']","['Daniel Craig', ""Josh O'Connor"", 'Glenn Close', 'Josh Brolin', 'Mila Kunis']",Rian Johnson,7.202,2439,13.3549,145,/qCOGGi8JBVEZMc3DVby8rUivyXz.jpg
118,tt0367594,Charlie and the Chocolate Factory,Charlie and the Chocolate Factory,"A young boy wins a tour through the most magnificent chocolate factory in the world, led by the world's most unusual candy maker.",2005-07-13,"['Adventure', 'Comedy', 'Family', 'Fantasy']","['factory worker', 'london, england', 'based on novel or book', 'chocolate', 'candy', 'overweight child', 'parent child relationship', 'grandparent grandchild relationship', 'dark comedy', 'teacher', 'tragedy', 'candy bar']","['Johnny Depp', 'Freddie Highmore', 'David Kelly', 'Helena Bonham Carter', 'Noah Taylor']",Tim Burton,7.038,16084,13.344,115,/iKP6wg3c6COUe8gYutoGG7qcPnO.jpg
2288,tt0376541,Closer,Closer,The relationships of two couples become complicated and deceitful when the man from one couple meets the woman of the other.,2004-12-03,"['Drama', 'Romance']","['infidelity', 'secret love', 'husband wife relationship', 'cheating', 'photographer', 'loss of loved one', 'love at first sight', 'photography', 'lover', 'lie', 'forbidden love', 'sexchat', 'stripper', 'liar', 'based on play or musical', 'death of father', 'times square', 'writer', 'falling in love', 'photo exhibition', 'provocative', 'love square']","['Jude Law', 'Natalie Portman', 'Julia Roberts', 'Clive Owen', 'Colin Stinton']",Mike Nichols,6.835,3732,13.3205,104,/fGGaokx4k00S0J603VG53Qlr9jz.jpg
1265,tt0398808,Bridge to Terabithia,Bridge to Terabithia,"Jesse Aarons trained all summer to become the fastest runner in school. So he's very upset when newcomer Leslie Burke outruns him and everyone else. Despite this and other differences including that she's rich, he's poor, she's a city girl, and he's a country boy the two become fast friends. Together they create Terabithia, a land of monsters, trolls, ogres, and giants where they rule as king and queen.",2007-02-15,"['Adventure', 'Drama', 'Family']","['friendship', 'sibling relationship', 'bullying', 'neighbor', 'school', 'drawing', ""based on children's book"", 'nostalgic', 'school bus', 'creek', 'clubhouse', 'reality vs fantasy', 'outsider', 'fantasy world', 'overflowing with imagination', 'depressing', 'tragic']","['Josh Hutcherson', 'AnnaSophia Robb', 'Zooey Deschanel', 'Robert Patrick', 'Bailee Madison']",Gábor Csupó,7.316,5213,13.3123,95,/3xFxGodKPMFLheS8rujFSmLfcq4.jpg
4232,tt0117571,Scream,Scream,"A year after the murder of her mother, a teenage girl is terrorized by a masked killer who targets her and her friends by using scary movies as part of a deadly game.",1996-12-20,"['Crime', 'Horror', 'Mystery']","['high school', 'small town', 'riddle', 'killing', 'halloween', 'house party', 'serial killer', 'school', 'slasher', 'whodunit', 'killing spree', 'phone', 'tabloid', 'news reporter', 'self-referential', 'crime spree', 'halloween costume', 'young adult', 'teenager']","['David Arquette', 'Neve Campbell', 'Courteney Cox', 'Matthew Lillard', 'Rose McGowan']",Wes Craven,7.43,7914,13.2955,112,/lr9ZIrmuwVmZhpZuTCW8D9g0ZJe.jpg
822119,tt14513804,Captain America: Brave New World,Captain America: Brave New World,"After meeting with newly elected U.S. President Thaddeus Ross, Sam finds himself in the middle of an international incident. He must discover the reason behind a nefarious global plot before the true mastermind has the entire world seeing red.",2025-02-12,"['Action', 'Thriller', 'Science Fiction']","['hero', 'usa president', 'the white house', 'superhero', 'based on comic', 'revenge', 'superhuman', 'summit', 'aftercreditsstinger', 'marvel cinematic universe (mcu)', 'sidekick', 'assassination attempt', 'political thriller', 'treaty', 'international relations']","['Anthony Mackie', 'Harrison Ford', 'Danny Ramirez', 'Shira Haas', 'Tim Blake Nelson']",Julius Onah,5.978,3063,13.2936,119,/pzIddUEMWhWzfvLI3TwxUG2wGoi.jpg
537915,tt4126476,After,After,"Tessa Young is a dedicated student, dutiful daughter and loyal girlfriend to her high school sweetheart. Entering her first semester of college, Tessa's guarded world opens up when she meets Hardin Scott, a mysterious and brooding rebel who makes her question all she thought she knew about herself -- and what she wants out of life.",2019-04-11,"['Drama', 'Romance']","['based on novel or book', 'love', 'teenage crush', 'teenage romance', 'bad boy', 'mysterious', 'angry', 'ambiguous']","['Josephine Langford', 'Hero Fiennes Tiffin', 'Shane Paul McGhie', 'Khadijha Red Thunder', 'Dylan Arnold']",Jenny Gage,7.108,8510,13.2834,106,/u3B2YKUjWABcxXZ6Nm9h10hLUbh.jpg
10674,tt0120762,Mulan,Mulan,"When Imperial China calls one man from every family to defend the empire from invading Huns, a young woman disguises herself as a soldier to take her ailing father’s place. Facing ruthless invaders, brutal training, and the risk of execution if discovered, she must decide who she truly is— and what she’s willing to fight for.",1998-06-18,"['Animation', 'Family', 'Adventure']","['princess', 'daughter', 'china', 'homeland', 'villain', 'musical', 'sexism', 'training', 'cricket', 'female protagonist', 'dragon', 'east asian lead', 'war hero', 'based on song, poem or rhyme', 'luck', 'great wall of china', 'gender disguise', 'based on fairy tale', 'female warrior', 'hand drawn animation', 'father daughter relationship', 'action comedy', 'woman disguised as man', 'celebratory']","['Ming-Na Wen', 'Eddie Murphy', 'BD Wong', 'Miguel Ferrer', 'Harvey Fierstein']",Tony Bancroft,7.901,10384,13.2808,88,/jAbexAtB0aSfP5Ay4TpWHARyVnG.jpg
1315303,tt33028778,Primate,Primate,"College student Lucy and her friends spend their vacation at her family's home in Hawaii, which includes her pet chimpanzee, Ben. However, when Ben contracts rabies after being bitten by a rabid animal, the group must fight for their lives in order to avoid the now-violent chimp.",2026-01-01,"['Horror', 'Thriller']","['hawaii', 'pet', 'animal attack', 'gore', 'survival', 'monkey', 'survival horror', 'chimpanzee', 'rabies', 'primate', 'mongoose', 'animal horror', 'pool party', 'pool', 'party', 'teen horror', 'horror', 'animal']","['Johnny Sequoyah', 'Jessica Alexander', 'Troy Kotsur', 'Victoria Wyant', 'Gia Hunter']",Johannes Roberts,6.433,616,13.2569,89,/rKleYiEj4pFqxedTRWfujLooi84.jpg
1273221,tt32093575,Scary Movie,Scary Movie,"Twenty-six years after outrunning a suspiciously familiar masked killer, the Core Four are back in the killer's crosshairs and no horror movie IP is safe.",2026-06-03,"['Comedy', 'Horror']","['parody', 'sequel', 'slapstick comedy', 'horror spoof', 'reboot', 'horror parody']","['Marlon Wayans', 'Shawn Wayans', 'Anna Faris', 'Regina Hall', 'Damon Wayans Jr.']",Michael Tiddes,0.0,0,13.2326,94,/v8yQEv19hkVrcyktO281fC7VTnl.jpg
1124,tt0482571,The Prestige,The Prestige,"A mysterious story of two magicians whose intense rivalry leads them on a life-long battle for supremacy -- full of obsession, deceit and jealousy with dangerous and deadly consequences.",2006-10-19,"['Drama', 'Mystery', 'Science Fiction']","['dying and death', 'suicide', 'class society', 'london, england', 'magic', 'competition', 'obsession', 'hostility', 'class', 'diary', 'twist', 'tricks', 'illusion', 'rivalry', 'partner', 'steampunk', 'cruelty', 'hanging', 'jail cell', '19th century', 'nikola tesla', 'magician', 'tesla coil', 'bittersweet', 'secret', 'direct', 'mind-blowing', 'antagonistic', 'embarrassed', 'pretentious']","['Hugh Jackman', 'Christian Bale', 'Michael Caine', 'Piper Perabo', 'Rebecca Hall']",Christopher Nolan,8.207,17534,13.2238,130,/Ag2B2KHKQPukjH7WutmgnnSNurZ.jpg
1381027,tt34381258,Good Boy,Good Boy,"Tommy, a volatile 19-year-old, revels in drugs, parties and violence. After getting separated from his friends on a drunken bender, he is abducted by a shadowy figure. He wakes to find himself imprisoned in the basement of a remote Yorkshire house, inhabited by a very strange family. But what unfolds is not what he could possibly expect.",2026-03-06,"['Thriller', 'Drama', 'Mystery']","['kidnapping', 'paranoid', 'family life', 'toxic relationship', 'toxic family', 'dramatic', 'complicated', 'harsh', 'sympathetic']","['Stephen Graham', 'Andrea Riseborough', 'Anson Boon', 'Kit Rakusen', 'Monika Frajczyk']",Jan Komasa,7.324,88,13.2183,110,/x0wD4Qxe0wulV0bxarsQ05PqDNF.jpg
493529,tt2906216,Dungeons & Dragons: Honor Among Thieves,Dungeons & Dragons: Honor Among Thieves,"A charming thief and a band of unlikely adventurers undertake an epic heist to retrieve a lost relic, but things go dangerously awry when they run afoul of the wrong people.",2023-03-23,"['Adventure', 'Fantasy', 'Comedy']","['platonic love', 'gang of thieves', 'friends', 'dragon', 'role playing game', 'female villain', 'heist gone wrong', 'wizard', 'duringcreditsstinger', 'illusionist', 'father daughter relationship', 'wizardry', 'dungeon crawling']","['Chris Pine', 'Michelle Rodriguez', 'Justice Smith', 'Sophia Lillis', 'Hugh Grant']",John Francis Daley,7.3,4587,13.2046,134,/v7UF7ypAqjsFZFdjksjQ7IUpXdn.jpg
345,tt0120663,Eyes Wide Shut,Eyes Wide Shut,"After Dr. Bill Harford's wife, Alice, admits to having sexual fantasies about a man she met, Bill becomes obsessed with having a sexual encounter. He discovers an underground sexual group and attends one of their meetings -- and quickly discovers that he is in over his head.",1999-07-16,"['Drama', 'Thriller', 'Mystery']","['new york city', 'prostitute', 'based on novel or book', 'sexual obsession', 'sacrifice', 'christmas party', 'eroticism', 'orgy', 'masked ball', 'marriage', 'secret society', 'cult', 'marijuana', 'conspiracy', 'consumerism', 'mansion', 'doctor', 'relationship', 'lust', 'drugs', 'disguise', 'illegal prostitution', 'sexual desire', 'ego', 'bribery', 'voyeurism', 'christmas', 'male egos', 'sex party', 'marital crisis', 'costume shop', 'hooker', 'provocative', 'suspenseful', 'shaggy dog story']","['Tom Cruise', 'Nicole Kidman', 'Sydney Pollack', 'Marie Richardson', 'Rade Šerbedžija']",Stanley Kubrick,7.485,7016,13.1687,160,/knEIz1eNGl5MQDbrEAVWA7iRqF9.jpg
150689,tt1661199,Cinderella,Cinderella,"When her father unexpectedly passes away, young Ella finds herself at the mercy of her cruel stepmother and her daughters. Never one to give up hope, Ella's fortunes begin to change after meeting a dashing stranger in the woods.",2015-03-06,"['Romance', 'Fantasy', 'Family', 'Drama']","['magic', 'kingdom', 'fairy tale', 'prince', 'royalty', 'orphan', 'cruelty', 'lost shoe', 'evil stepmother', 'based on fairy tale', 'retelling', 'live action and animation', 'live action remake', 'cinderella', 'whimsical']","['Lily James', 'Cate Blanchett', 'Richard Madden', 'Stellan Skarsgård', 'Holliday Grainger']",Kenneth Branagh,6.8,7383,13.1147,105,/j91LJmcWo16CArFOoapsz84bwxb.jpg
762509,tt13186482,Mufasa: The Lion King,Mufasa: The Lion King,"Mufasa, a cub lost and alone, meets a sympathetic lion named Taka, the heir to a royal bloodline. The chance meeting sets in motion an expansive journey of a group of misfits searching for their destiny.",2024-12-18,"['Adventure', 'Family', 'Animation']","['friendship', 'paradise', 'lion', 'musical', 'prequel', 'jungle', 'told in flashback', 'betrayal by friend', 'chance meeting', 'live action remake', 'found family', 'lost']","['Aaron Pierre', 'Kelvin Harrison Jr.', 'Tiffany Boone', 'Kagiso Lediga', 'Preston Nyman']",Barry Jenkins,7.311,2644,13.1001,118,/jbOSUAWMGzGL1L4EaUF8K6zYFo7.jpg
194,tt0211915,Amélie,Le Fabuleux Destin d'Amélie Poulain,"At a tiny Parisian café, the adorable yet painfully shy Amélie accidentally discovers a gift for helping others. Soon Amelie is spending her days as a matchmaker, guardian angel, and all-around do-gooder. But when she bumps into a handsome stranger, will she find the courage to become the star of her very own love story?",2001-04-25,"['Comedy', 'Romance']","['daughter', 'paris, france', 'love triangle', 'photography', 'ghost train', 'sex shop', 'shyness', 'journey around the world', 'postcard', 'romcom', 'hypochondriac', 'romance', 'cafe', 'kindness', 'magic realism', ""child's point of view"", 'nostalgic', 'montmartre, paris', 'neighbor neighbor relationship', 'father daughter relationship', 'loving', 'happy ending', 'childhood memory', 'lighthearted']","['Audrey Tautou', 'Mathieu Kassovitz', 'Rufus', 'Serge Merlin', 'Jamel Debbouze']",Jean-Pierre Jeunet,7.92,12368,13.0689,122,/nSxDa3M9aMvGVLoItzWTepQ5h5d.jpg
623983,tt10801352,Michael Jackson: Chase the Truth,Michael Jackson: Chase the Truth,"Taking an investigative look into the legal battles of the global superstar. Close friends, former staff and researchers paint an intimate portrait of Jackson's complicated world and put allegations of sexual abuse under the microscope. The film defends American singer Michael Jackson against allegations of child sexual abuse made in the documentary Leaving Neverland.",2019-08-13,['Documentary'],"['interview', 'investigative journalism', 'portrait of an artist', 'child sexual abuse', 'testimony', 'crime documentary']","['Matt Fiddes', 'Mark Lester', 'Thomas Mesereau', 'Dan Reed', 'Mike Smallcombe']",Jordan Hill,7.038,26,13.0622,59,/v230avGQGCKTe4RJ13cLaAwFQOT.jpg
19994,tt1131734,Jennifer's Body,Jennifer's Body,"Jennifer, a gorgeous, seductive cheerleader takes evil to a whole new level after she's possessed by a sinister demon. Now it's up to her best friend to stop Jennifer's reign of terror before it's too late.",2009-09-18,"['Horror', 'Comedy']","['high school', 'minnesota', 'halloween', 'possession', 'slumber party', 'gore', 'sexual murder', 'teenage girl', 'demon', 'rock band', 'succubus', 'satanic ritual', 'candlelight vigil', 'duringcreditsstinger', 'woman director', 'virgin sacrifice', 'frenemies', 'bloodthirsty']","['Megan Fox', 'Amanda Seyfried', 'Johnny Simmons', 'Adam Brody', 'Sal Cortez']",Karyn Kusama,5.995,4214,13.0564,107,/wrkjsGcFJxcQqR56kJUYAEKKg2T.jpg
1035259,tt3402138,The Naked Gun,The Naked Gun,"Only one man has the particular set of skills... to lead Police Squad and save the world: Lt. Frank Drebin Jr. Following in his father's footsteps, he must solve a murder case to prevent Police Squad from closure.",2025-07-30,"['Action', 'Comedy', 'Crime']","['sequel', 'slapstick comedy', 'spoof', 'reboot', 'aftercreditsstinger', 'duringcreditsstinger', 'action comedy']","['Liam Neeson', 'Pamela Anderson', 'Paul Walter Hauser', 'Danny Huston', 'CCH Pounder']",Akiva Schaffer,6.365,1684,13.0528,85,/rwla9vqzrKVVKVKiOuROTIXGsxj.jpg
1450527,tt30691214,Forbidden Fruits,Forbidden Fruits,"Free Eden employee Apple secretly runs a witchy femme cult in the basement of the mall store after hours - with fellow fruits Cherry and Fig. But when new hire Pumpkin challenges their performative sisterhood, the women are forced to face their own poisons or succumb to a bloody fate.",2026-03-26,"['Horror', 'Comedy']","['dark comedy', 'cult', 'shopping mall', 'based on play or musical', 'sisterhood', 'satirical', 'performative', 'induction ceremony', 'cliché', 'derisive', 'witchy']","['Lili Reinhart', 'Lola Tung', 'Victoria Pedretti', 'Alexandra Shipp', 'Emma Chamberlain']",Meredith Alloway,6.707,41,13.0299,103,/nSlKzxvXWOeDC9qZiwkhGuTAKkq.jpg
10144,tt0097757,The Little Mermaid,The Little Mermaid,This colorful adventure tells the story of an impetuous mermaid princess named Ariel who falls in love with the very human Prince Eric and puts everything on the line for the chance to be with him. Memorable songs and characters -- including the villainous sea witch Ursula.,1989-11-17,"['Animation', 'Family', 'Fantasy']","['witch', 'princess', 'sea', 'daughter', 'kingdom', 'fireworks', 'cartoon', 'mermaid', 'prince', 'villain', 'musical', 'coming of age', 'crab', 'fish out of water', 'misunderstanding', 'single father', 'female villain', 'based on fairy tale', 'true love', 'bargain', 'hand drawn animation', 'trident', 'father daughter relationship', 'good versus evil', 'vibrant']","['Jodi Benson', 'Samuel E. Wright', 'Pat Carroll', 'Christopher Daniel Barnes', 'Kenneth Mars']",Ron Clements,7.35,8383,12.9904,83,/plcZXvI310FkbwIptvd6rqk63LP.jpg
197,tt0112573,Braveheart,Braveheart,"Enraged at the slaughter of Murron, his new bride and childhood love, Scottish warrior William Wallace slays a platoon of the local English lord's soldiers. This leads the village to revolt and, eventually, the entire country to rise up against English rule.",1995-05-24,"['Action', 'Drama', 'History', 'War']","['england', 'scotland', 'loss of loved one', 'idealism', 'based on true story', 'catholic', 'medieval', 'war', 'dramatic', 'powerful']","['Mel Gibson', 'Catherine McCormack', 'Sophie Marceau', 'Patrick McGoohan', 'Angus Macfadyen']",Mel Gibson,7.9,11071,12.9805,178,/or1gBugydmjToAEq7OZY0owwFk.jpg
467905,tt4357198,How to Make a Killing,How to Make a Killing,"Disowned at birth by his obscenely wealthy family, blue-collar Becket Redfellow will stop at nothing to reclaim his inheritance, no matter how many relatives stand in his way.",2026-02-19,"['Comedy', 'Thriller']","['manipulation', 'dark comedy', 'deception', 'family secrets', 'remake', 'killing spree', 'family power struggle', 'disowned', 'revenge thriller', 'family fortune', 'hidden motives', 'family inheritance', 'succession conflict', 'rival heirs', 'estate mansion']","['Glen Powell', 'Margaret Qualley', 'Jessica Henwick', 'Bill Camp', 'Zach Woods']",John Patton Ford,7.1,371,12.9722,105,/vxMeKC7o5Gi8IHMi6lUgsdprTqv.jpg
1650558,tt39891410,Abot Langit,Abot Langit,"The relationship of a couple is tested when the girl’s first official flight pairs her with a confident senior pilot, jealousy and power dynamics surface in the training ground. The girl is now torn between her present relationship and new temptation she can’t resist.",2026-03-13,['Romance'],['sexy'],"['Aliya Raymundo', 'JC Tan', 'Jio Yoshida', 'Zel Fernandez', 'Jetleline Esquivel']",Topel Lee,5.0,1,12.9606,70,/5lVYe4aSimWdxJINKwq9s68TZ2G.jpg
46853,tt0076749,Playing with Love,Maladolescenza,"Laura and Fabrizio have been meeting every summer in the forest by her parent's summer home. Fabrizio is a solitary boy with only his dog for company; Laura a sweet but unconfident child. This summer new aspects enter into their story as both are growing up. Laura is falling in love with Fabrizio, while he displays a new sexual awareness of her masked by his malice. Things develop further when they meet Sylvia who, unlike the innocent Laura, is confident and assertive. Fabrizio develops a fascination with her, eventually bribing Laura to fetch her to the forest to join them in play.",1977-05-17,['Drama'],"['love triangle', 'cave', 'summer residence', 'forest', 'growing up', 'teenage sexuality']","['Lara Wendel', 'Éva Ionesco', 'Martin Loeb']",Pier Giuseppe Murgia,5.256,87,12.9572,94,/nu5uj47KSF73VPEiIRYdPLJ96j7.jpg
49521,tt0770828,Man of Steel,Man of Steel,"A young boy learns that he has extraordinary powers and is not of this earth. As a young man, he journeys to discover where he came from and what he was sent here to do. But the hero in him must emerge if he is to save the world from annihilation and become the symbol of hope for all mankind.",2013-06-12,"['Action', 'Adventure', 'Science Fiction']","['saving the world', 'flying', 'hope', 'superhero', 'based on comic', 'alien planet', 'superhuman', 'alien invasion', 'super power', 'mysterious force', 'reboot', 'save the day', 'dc extended universe (dceu)', 'save the planet', 'origin story', 'alien spaceship', 'bold', 'defiant', 'vibrant']","['Henry Cavill', 'Amy Adams', 'Russell Crowe', 'Michael Shannon', 'Kevin Costner']",Zack Snyder,6.6,16143,12.9362,143,/cB46TSg3kGjq2eVy5kVUhlpUa1H.jpg
489,tt0119217,Good Will Hunting,Good Will Hunting,"Will Hunting is a headstrong, working-class genius who is failing the lessons of life. After one too many run-ins with the law, Will's last chance is a psychology professor, who might be the only man who can reach him.",1997-12-05,['Drama'],"['boston, massachusetts', 'mathematics', 'genius', 'male friendship', 'flashback', 'psychologist', 'janitor', 'dating', 'courtroom', 'group of friends', 'southie', 'thoughtful', 'college professor', 'reflective', 'prodigy', 'math genius', 'loving', 'inspirational', 'foster kid', 'fear of change', 'witty', 'abused as a child', 'massachusetts institute of technology (mit)', 'math professor']","['Matt Damon', 'Robin Williams', 'Ben Affleck', 'Stellan Skarsgård', 'Minnie Driver']",Gus Van Sant,8.161,13791,12.9318,127,/z2FnLKpFi1HPO7BEJxdkv6hpJSU.jpg
490132,tt6966692,Green Book,Green Book,"Tony Lip, a bouncer in 1962, is hired to drive pianist Don Shirley on a tour through the Deep South in the days when African Americans, forced to find alternate accommodations and services due to segregation laws below the Mason-Dixon Line, relied on a guide called The Negro Motorist Green Book.",2018-11-16,"['Drama', 'Comedy', 'History']","['friendship', 'southern usa', 'based on true story', 'road trip', 'racism', 'pianist', 'driver', 'lgbt', 'road movie', 'music tour', '1960s', 'roadtrip', 'gay theme', 'feel good']","['Viggo Mortensen', 'Mahershala Ali', 'Linda Cardellini', 'Sebastian Maniscalco', 'Dimiter D. Marinov']",Peter Farrelly,8.224,12821,12.9236,130,/7BsvSuDQuoqhWmU2fL7W2GOcZHU.jpg
687259,,Ghost Stories,镜花风月三之螺女挑情,,1982-01-01,['Horror'],[],"['Jiang Lingling', 'Ai Ting', 'Chu Hui-Te', 'Kao Wen-Song', 'Chia-bao Lan']",Hsin Yen,6.2,2,12.8879,80,/m4ALMhsuqOOUkkABvgQWfrgoL8y.jpg
319305,tt0291396,OL bôkô: Yogosu!,ＯＬ暴行汚す,"The true story of a pair of college students who attempted a double suicide to end their doomed romance becomes fare for legendary pinku-eiga director Hisayasu Sato in this feature. Fatalistic and sad, this is one of the more depressing Japanese softcore films, and Sato makes it even worse by including footage from the lovers’ actual 8 mm experimental film throughout the story",1986-07-01,"['Crime', 'Drama']",['pink film'],"['Kiyomi Itō', 'Ai Kobayashi', 'Bunmei Tobayama', 'Masahiko Sakata', 'Nobuyuki Furuta']",Hisayasu Satō,3.286,7,12.8749,60,/3gBrgE55qPwJMn81qYXJNQorsV8.jpg
572802,tt9663764,Aquaman and the Lost Kingdom,Aquaman and the Lost Kingdom,"Black Manta seeks revenge on Aquaman for his father's death. Wielding the Black Trident's power, he becomes a formidable foe. To defend Atlantis, Arthur (Aquaman) forges an alliance with his imprisoned brother. They must protect the kingdom.",2023-12-20,"['Action', 'Adventure', 'Fantasy']","['superhero', 'secret society', 'half-brother', 'sequel', 'revenge', 'dysfunctional relationship', 'dc extended universe (dceu)', 'ancient evil', 'underwater world', 'vengeance', 'brother brother relationship']","['Jason Momoa', 'Patrick Wilson', 'Yahya Abdul-Mateen II', 'Randall Park', 'Amber Heard']",James Wan,6.524,3468,12.8698,124,/7lTnXOy0iNtBAdRP3TZvaKJ77F6.jpg
2501,tt0258463,The Bourne Identity,The Bourne Identity,"Wounded to the brink of death and suffering from amnesia, Jason Bourne is rescued at sea by a fisherman. With nothing to go on but a Swiss bank account number, he starts to reconstruct his life, but finds that many people he encounters want him dead. However, Bourne realizes that he has the combat and mental skills of a world-class spy—but who does he work for?",2002-06-14,"['Action', 'Drama', 'Mystery', 'Thriller']","['assassin', 'amnesia', 'paris, france', 'based on novel or book', 'escape', 'barcelona, spain', 'spy', 'secret identity', 'passport', 'mission of murder', 'lovers', 'flashback', 'shootout', 'foot chase', 'cell phone', 'multiple identities', 'surveillance camera', 'hamburg, germany', 'fishing boat', 'langley virginia', 'safe deposit box', 'hand to hand combat', 'political thriller', 'action hero', 'bourne', 'jason bourne', 'globe trotter']","['Matt Damon', 'Franka Potente', 'Chris Cooper', 'Clive Owen', 'Brian Cox']",Doug Liman,7.477,10061,12.8645,119,/aP8swke3gmowbkfZ6lmNidu0y9p.jpg
4348,tt0414387,Pride & Prejudice,Pride & Prejudice,"A story of love and life among the landed English gentry during the Georgian era. Mr. Bennet is a gentleman living in Hertfordshire with his overbearing wife and five daughters, but if he dies their house will be inherited by a distant cousin whom they have never met, so the family's future happiness and security is dependent on the daughters making good marriages.",2005-09-16,"['Drama', 'Romance']","['based on novel or book', 'england', 'bachelor', 'family relationships', 'suitor', 'prejudice', 'period drama', 'pride', '18th century', 'opposites attract', 'gentleman', 'georgian or regency era', 'sisters']","['Keira Knightley', 'Matthew Macfadyen', 'Brenda Blethyn', 'Rosamund Pike', 'Carey Mulligan']",Joe Wright,8.051,8741,12.8637,128,/o8UhmEbWPHmTUxP0lMuCoqNkbB3.jpg
47971,tt1293847,xXx: Return of Xander Cage,xXx: Return of Xander Cage,"Xander Cage is left for dead after an incident, though he secretly returns to action for a new, tough assignment with his handler Augustus Gibbons.",2017-01-13,"['Action', 'Adventure', 'Crime']","['airplane', 'tattoo', 'spy', 'extreme sports', 'parachute', 'secret agent', 'swimming pool', 'sequel', 'back from the dead', 'dominican republic', 'frantic', 'free fall', 'intense']","['Vin Diesel', 'Donnie Yen', 'Ruby Rose', 'Deepika Padukone', 'Toni Collette']",D.J. Caruso,6.133,9215,12.8572,107,/hba8zREJpP1AYhaXgb2oJLQeO0K.jpg
82702,tt1646971,How to Train Your Dragon 2,How to Train Your Dragon 2,"Five years after uniting the dragons and Vikings of Berk, Hiccup and Toothless soar beyond their homeland, charting the vast unknown. During one of their adventures, the pair discover a secret cave that houses hundreds of wild dragons -- and a mysterious dragon rider with a startling connection to Hiccup. And as the ruthless dragon conqueror Drago Bludvist rises to seize control of both dragons and people alike, Hiccup must step into his role as a true leader and, alongside his friends and Toothless, protect Berk from a devastating war.",2014-06-05,"['Fantasy', 'Action', 'Adventure', 'Animation', 'Family']","['rescue', 'husband wife relationship', 'sacrifice', 'parent child relationship', 'loss of loved one', 'villain', 'melancholy', 'vikings (norsemen)', 'sequel', 'dragon', 'nostalgic', 'warrior', 'mysterious', 'philosophical', 'reflective', 'mother son relationship', 'loving', 'inspirational', 'wistful', 'intimate', 'dramatic', 'sentimental', 'intense', 'romantic', 'whimsical', 'adoring', 'amused', 'appreciative', 'awestruck', 'bewildered', 'celebratory', 'comforting', 'commanding', 'compassionate', 'enthusiastic', 'euphoric', 'excited', 'exhilarated', 'optimistic', 'sincere', 'tragic', 'vibrant']","['Jay Baruchel', 'Cate Blanchett', 'Gerard Butler', 'Craig Ferguson', 'America Ferrera']",Dean DeBlois,7.7,10406,12.855,102,/d13Uj86LdbDLrfDoHR5aDOFYyJC.jpg
235347,tt0285835,The Goddess in the Boys' School,女教師 少年狩り,Miss Yamagami is beautiful with a willowy figure and slender legs. She seems out of place teaching in an all boys school. The young school marm is fully aware of her power over the impressionable boys in school and it satisfies her vanity. She stirs up their nameless longings until they are carried away and resort to acts on which Miss Yamagami had not counted on.,1975-06-04,[],"['softcore', 'pink film', 'female teacher']","['Hiromi Maya', 'Akira Takahashi', 'Kiyoyasu Adachi', 'Yôko Asakura', 'Morihei Murakuni']",Masaru Konuma,3.4,5,12.8548,69,
1891,tt0080684,The Empire Strikes Back,The Empire Strikes Back,"The epic saga continues as Luke Skywalker, in hopes of defeating the evil Galactic Empire, learns the ways of the Jedi from aging master Yoda. But Darth Vader is more determined than ever to capture Luke. Meanwhile, rebel leader Princess Leia, cocky Han Solo, Chewbacca, and droids C-3PO and R2-D2 are thrown into various stages of capture, betrayal and despair.",1980-05-20,"['Adventure', 'Action', 'Science Fiction']","['rebellion', 'android', 'spacecraft', 'asteroid', 'rebel', 'space battle', 'snowstorm', 'space colony', 'swamp', 'sequel', 'space opera', 'arctic', 'tuwaderalit']","['Mark Hamill', 'Harrison Ford', 'Carrie Fisher', 'Billy Dee Williams', 'Anthony Daniels']",Irvin Kershner,8.4,18364,12.8488,124,/nNAeTmF4CtdSgMDplXTDPOpYzsX.jpg
9509,tt0328107,Man on Fire,Man on Fire,"Jaded ex-CIA operative John Creasy reluctantly accepts a job as the bodyguard for a 10-year-old girl in Mexico City. They clash at first, but eventually bond, and when she's kidnapped he's consumed by fury and will stop at nothing to save her life.",2004-04-23,"['Action', 'Drama', 'Thriller']","['mexico', 'mexico city, mexico', 'based on novel or book', 'kidnapping', 'bodyguard', 'diary', 'bible', 'remake', 'stuffed animal', 'revenge', 'gun battle', 'cell phone', 'alcoholic', 'grenade launcher', 'child kidnapping', 'bloodshed', 'swim meet', 'aggressive', 'ex-cia agent', 'mexican federale', 'mexican law enforcement', 'vigilante justice', 'corrupt cop', 'mexican police', 'personal security', 'suspenseful', 'gun death']","['Denzel Washington', 'Dakota Fanning', 'Christopher Walken', 'Radha Mitchell', 'Marc Anthony']",Tony Scott,7.463,5652,12.8301,146,/grCGLCcTHv9TChibzOwzUpykcjB.jpg
963261,,"Son's Girlfriend, Daddy's Girlfriend 2",아들의 여친 아빠의 여친 2,"Jeong-goo is in a relationship with his son's girlfriend, Mi-hee. Mi-hee feels guilty and breaks up with Yeong-jin, and Yeong-jin who is struggling because of it, got in a relationship with Joo-eun. Yeong-jin's ex-wife, Yeon-ri meets Jeong-goo by chance and finds out about the whole thing, and Yeon-ri who was curious about Jeong-goo, sleeps with him...",2022-04-01,['Romance'],['softcore'],"['Yoo Jung', 'Kim Soo-ji', 'Lee Chae-dam', 'Cha Myung-Hoon', 'Park Do-jin']",Ri Yoon,4.0,2,12.829,70,/6xu9crDySkzj16gfH89Elc2Yyqc.jpg
1359,tt0144084,American Psycho,American Psycho,"A wealthy New York investment banking executive hides his alternate psychopathic ego from his co-workers and friends as he escalates deeper into his illogical, gratuitous fantasies.",2000-04-13,"['Thriller', 'Drama', 'Crime']","['new york city', 'based on novel or book', 'businessman', 'psychopath', 'dark comedy', 'satire', 'wall street', 'serial killer', 'chainsaw', 'big city', 'psychological thriller', 'character study', 'white collar', 'harvard business school', 'voice imitation', '1980s', 'american businessman', 'bloody', 'ambiguity', 'psychological horror', 'horror', 'baffled', 'horrified']","['Christian Bale', 'Justin Theroux', 'Josh Lucas', 'Bill Sage', 'Chloë Sevigny']",Mary Harron,7.4,12239,12.8129,102,/9uGHEgsiUXjCNq8wdq4r49YL8A1.jpg
545611,tt6710474,Everything Everywhere All at Once,Everything Everywhere All at Once,"An aging Chinese immigrant is swept up in an insane adventure, where she alone can save what's important to her by connecting with the lives she could have led in other universes.",2022-03-24,"['Action', 'Adventure', 'Science Fiction']","['mother', 'martial arts', 'kung fu', 'nihilism', 'philosophy', 'generations conflict', 'chinese woman', 'surrealism', 'laundromat', 'chinese', 'east asian lead', 'divorce', 'family', 'lgbt', 'hot dog', 'asian woman', 'chinese immigrant', 'complex', 'mother daughter relationship', 'action comedy', 'asian american', 'inspirational', 'intergenerational trauma', 'internal revenue service', 'interdimensional travel', 'sentimental', 'intense', 'awestruck', 'forceful', 'ridiculous']","['Michelle Yeoh', 'Stephanie Hsu', 'Ke Huy Quan', 'James Hong', 'Jamie Lee Curtis']",Daniel Scheinert,7.722,7903,12.8124,140,/u68AjlvlutfEIcpmbYpKcdi09ut.jpg
79871,tt0107565,Crazy Love,蜜桃成熟時,"What was supposed to be summer school in England becomes an adventurous, exotic and romantic journey for a beautiful teenage girl. [from the Tai Seng Catalog] A nice story of a free-spirited (or, depending on your viewpoint, prick-teasing) young woman on a short journey of discovery.",1993-04-17,"['Comedy', 'Romance', 'Drama']",[],"['Loletta Lee Lai-Chun', 'Tom Poon', 'Tommy Wong', 'Poon An-Ying', 'Shing Fui-On']",Roman Cheung Shiu-Lun,6.413,46,12.7867,77,/vM4Tb2Wxk2X0Sgfy1wAS9bzSZsa.jpg
637,tt0118799,Life Is Beautiful,La vita è bella,A touching story of an Italian book seller of Jewish ancestry who lives in his own little fairy tale. His creative and happy life would come to an abrupt halt when his entire family is deported to a concentration camp during World War II. While locked up he tries to convince his son that the whole thing is just a game.,1997-12-20,"['Comedy', 'Drama']","['dying and death', 'bookshop', ""love of one's life"", 'nazi', 'self sacrifice', 'loss of loved one', 'italy', 'riddle', 'mass murder', 'concentration camp', 'fascism', 'holocaust (shoah)', 'world war ii', 'deportation', 'jew persecution', 'story teller', 'riding a bicycle', 'national socialism', 'dark comedy', 'charade', 'concentration camp prisoner', 'romcom', 'dark', 'war', 'nazi germany', 'hopeful']","['Roberto Benigni', 'Nicoletta Braschi', 'Giorgio Cantarini', 'Giustino Durano', 'Sergio Bini Bustric']",Roberto Benigni,8.438,13959,12.7853,116,/6tEJnof1DKWPnl5lzkjf0FVv7oB.jpg
530915,tt8579674,1917,1917,"At the height of the First World War, two young British soldiers must cross enemy territory and deliver a message that will stop a deadly attack on hundreds of soldiers.",2019-12-25,"['War', 'History', 'Drama']","['race against time', 'world war i', 'british army', 'soldier', 'period drama', 'real time', 'trenches', '1910s', 'trench warfare', ""no man's land"", 'intense', 'horrified']","['George MacKay', 'Dean-Charles Chapman', 'Mark Strong', 'Andrew Scott', 'Richard Madden']",Sam Mendes,7.987,13500,12.748,119,/iZf0KyrE25z1sage4SYFLCCrMi9.jpg
50727,tt1905059,The Servant,방자전,"A servant falls in love with a girl whom his master also desires. Although the girl loves the servant, she also longs to improve her station in life.",2010-06-02,"['Romance', 'Drama', 'Comedy']","['based on novel or book', 'eroticism', 'joseon dynasty (1392–1910)']","['Kim Joo-hyuk', 'Cho Yeo-jeong', 'Ryoo Seung-bum', 'Ryu Hyun-kyung', 'Song Sae-byuk']",Kim Dae-woo,5.671,41,12.7459,124,/t7vY6aU6rDNNDGFni604dk6FgIR.jpg
242582,tt2872718,Nightcrawler,Nightcrawler,"When Lou Bloom, desperate for work, muscles into the world of L.A. crime journalism, he blurs the line between observer and participant to become the star of his own story. Aiding him in his effort is Nina, a TV-news veteran.",2014-10-23,"['Crime', 'Drama', 'Thriller']","['underground', 'psychopath', 'journalism', 'job interview', 'cynicism', 'sociopath', 'murder', 'serial killer', 'crime scene', 'psychological thriller', 'los angeles, california', 'home invasion', 'stakeout', 'newsreel footage', 'character study', 'neo-noir', 'frantic', 'ethics', 'stringer', 'police scanner', 'news business']","['Jake Gyllenhaal', 'Riz Ahmed', 'Rene Russo', 'Bill Paxton', 'Kevin Rahm']",Dan Gilroy,7.708,11680,12.7252,118,/j9HrX8f7GbZQm1BrBiR40uFQZSb.jpg
809,tt0298148,Shrek 2,Shrek 2,"Happily ever after never seemed so far far away when a trip to meet the in-laws turns into a hilariously twisted adventure for Shrek and Fiona. With the help of his faithful Donkey, Shrek takes on a potion-brewing Fairy Godmother, the pompous Prince Charming, and the ogre-killer, Puss In Boots.",2004-05-19,"['Animation', 'Family', 'Comedy', 'Fantasy', 'Romance']","['prison', 'princess', 'magic', 'kingdom', 'fairy tale', 'liberation', 'transformation', 'honeymoon', 'prince', 'villain', 'parents-in-law', 'enchantment', 'sequel', 'anthropomorphism', 'dragon', 'aftercreditsstinger', 'ogre', 'fairy godmother', 'cartoon donkey']","['Mike Myers', 'Eddie Murphy', 'Cameron Diaz', 'Julie Andrews', 'Antonio Banderas']",Conrad Vernon,7.313,13385,12.7243,92,/2yYP0PQjG8zVqturh1BAqu2Tixl.jpg
8355,tt1080016,Ice Age: Dawn of the Dinosaurs,Ice Age: Dawn of the Dinosaurs,"Times are changing for Manny the moody mammoth, Sid the motor mouthed sloth and Diego the crafty saber-toothed tiger. Life heats up for our heroes when they meet some new and none-too-friendly neighbors – the mighty dinosaurs.",2009-06-26,"['Animation', 'Comedy', 'Family', 'Adventure']","['insanity', 'ice age', 'villain', 'bridge', 'sequel', 'jungle', 'prehistory', 'dinosaur', 'creature', 'birth', 'duringcreditsstinger']","['Ray Romano', 'John Leguizamo', 'Denis Leary', 'Queen Latifah', 'Simon Pegg']",Carlos Saldanha,6.765,8845,12.7177,94,/cXOLaxcNjNAYmEx1trZxOTKhK3Q.jpg
353069,tt4824302,Mother's Day,Mother's Day,Three generations come together in the week leading up to Mother's Day.,2016-04-28,"['Comedy', 'Drama', 'Romance']","['holiday', 'female friendship', 'remarriage', 'interracial marriage', 'relationship', 'single mother', 'divorcee', 'widower', 'single father', 'biological mother', 'parents', 'ex-husband ex-wife relationship', 'boyfriend girlfriend relationship', ""mother's day"", 'motherhood', 'difficult parents', 'kids', 'death of wife', 'outtakes', 'atlanta, georgia', 'intersecting lives', 'mother daughter relationship', 'sister sister relationship', 'loss of mother', 'lesbian couple', 'surprise visit']","['Jennifer Aniston', 'Julia Roberts', 'Kate Hudson', 'Jason Sudeikis', 'Sarah Chalke']",Garry Marshall,5.981,1316,12.7144,118,/1TGkhTsbkm2v1nMGJW0eTOFBjAd.jpg
378064,tt5323662,A Silent Voice: The Movie,映画 聲の形,"Shouya Ishida starts bullying the new girl in class, Shouko Nishimiya, because she is deaf. But as the teasing continues, the rest of the class starts to turn on Shouya for his lack of compassion. When they leave elementary school, Shouko and Shouya do not speak to each other again... until an older, wiser Shouya, tormented by his past behaviour, decides he must see Shouko once more. He wants to atone for his sins, but is it already too late...?",2016-09-17,"['Animation', 'Drama', 'Romance']","['high school', 'friendship', 'suicide', 'suicide attempt', 'deaf', 'bullying', 'coming of age', 'school', 'based on manga', 'adult animation', 'teen suicide', 'woman director', 'sign languages', 'shounen', 'anime', 'social anxiety', 'japanese high school', 'japanese school']","['Miyu Irino', 'Saori Hayami', 'Aoi Yuuki', 'Kensho Ono', 'Yuki Kaneko']",Naoko Yamada,8.384,4466,12.7144,129,/tuFaWiqX0TXoWu7DGNcmX3UW7sT.jpg
550988,tt6264654,Free Guy,Free Guy,"A bank teller discovers he is actually a background player in an open-world video game, and decides to become the hero of his own story. Now, in a world where there are no limits, he is determined to be the guy who saves his world his way before it's too late.",2021-08-11,"['Comedy', 'Adventure', 'Science Fiction']","['hero', 'artificial intelligence (a.i.)', 'video game', 'virtual reality', 'gun', 'code', 'gamer', 'bank robbery', 'bank teller', 'programmer', 'thoughtful', 'mmorpg', 'heroic', 'vrmmo']","['Ryan Reynolds', 'Jodie Comer', 'Lil Rel Howery', 'Joe Keery', 'Utkarsh Ambudkar']",Shawn Levy,7.451,9778,12.7105,115,/dxraF0qPr1OEgJk17ltQTO84kQF.jpg
331482,tt3281548,Little Women,Little Women,Four sisters come of age in America in the aftermath of the Civil War.,2019-12-25,"['Drama', 'Romance']","['new york city', 'sibling relationship', 'based on novel or book', 'massachusetts', 'coming of age', 'remake', 'period drama', 'american civil war', 'christmas', '19th century', 'sister sister relationship', 'female writer', '1860s', 'sisters']","['Saoirse Ronan', 'Emma Watson', 'Florence Pugh', 'Eliza Scanlen', 'Laura Dern']",Greta Gerwig,7.854,6815,12.7068,135,/yn5ihODtZ7ofn8pDYfxCmxh8AXI.jpg
718930,tt12593682,Bullet Train,Bullet Train,"Unlucky assassin Ladybug is determined to do his job peacefully after one too many gigs gone off the rails. Fate, however, may have other plans, as Ladybug's latest mission puts him on a collision course with lethal adversaries from around the globe—all with connected, yet conflicting, objectives—on the world's fastest train.",2022-08-03,"['Action', 'Comedy', 'Thriller']","['mission', 'japan', 'assassin', 'based on novel or book', 'hitman', 'briefcase', 'train', 'luck', 'runaway train', 'deadly snake', 'duringcreditsstinger', 'train travel', 'professional assassin', 'interwoven stories', 'high speed', 'passenger train', 'bullet train', 'death by poisoning', 'shinkansen', 'traveling by train']","['Brad Pitt', 'Joey King', 'Aaron Taylor-Johnson', 'Brian Tyree Henry', 'Andrew Koji']",David Leitch,7.413,7489,12.7034,126,/j8szC8OgrejDQjjMKSVXyaAjw3V.jpg
1893,tt0120915,Star Wars: Episode I - The Phantom Menace,Star Wars: Episode I - The Phantom Menace,"Anakin Skywalker, a young slave strong with the Force, is discovered on Tatooine. Meanwhile, the evil Sith have returned, enacting their plot for revenge against the Jedi.",1999-05-19,"['Adventure', 'Action', 'Science Fiction']","['galaxy', 'senate', 'taskmaster', 'prophecy', 'queen', 'apprentice', 'taxes', 'prequel', 'space opera', 'admiring', 'tuwaderalit']","['Liam Neeson', 'Ewan McGregor', 'Natalie Portman', 'Jake Lloyd', 'Ian McDiarmid']",George Lucas,6.6,15793,12.6921,136,/6wkfovpn7Eq8dYNKaG5PY3q2oq6.jpg
466272,tt7131622,Once Upon a Time... in Hollywood,Once Upon a Time... in Hollywood,"Los Angeles, 1969. TV star Rick Dalton, a struggling actor specializing in westerns, and stuntman Cliff Booth, his best friend, try to survive in a constantly changing movie industry. Dalton is the neighbor of the young and promising actress and model Sharon Tate, who has just married the prestigious Polish director Roman Polanski…",2019-07-24,"['Comedy', 'Drama', 'Thriller']","['movie business', 'male friendship', 'cult', 'based on true story', 'celebrity', 'fame', 'hollywood', 'los angeles, california', 'historical fiction', 'period drama', 'buddy', 'filmmaking', 'struggling actor', 'satanic cult', 'revisionist history', 'nostalgic', 'duringcreditsstinger', 'western filmmaking', 'manson family murders', '1960s', 'stunt double', 'old hollywood', 'sharon tate', 'charles manson', 'subjective', 'hollywood, california']","['Leonardo DiCaprio', 'Brad Pitt', 'Margot Robbie', 'Emile Hirsch', 'Margaret Qualley']",Quentin Tarantino,7.422,14797,12.6772,162,/8j58iEBw9pOXFD2L0nt0ZXeHviB.jpg
59,tt0399146,A History of Violence,A History of Violence,An average family is thrust into the spotlight after the father commits a seemingly self-defense murder at his diner.,2005-09-23,"['Drama', 'Thriller', 'Crime']","['small town', 'hero', 'robbery', 'indiana, usa', 'distrust', 'philadelphia, pennsylvania', 'dual identity', 'double life', 'fight', 'identity', 'self-defense', 'marriage', 'diner', 'mistaken identity', 'family relationships', 'irish mob', 'revenge', 'mobster', 'lawyer', 'attempted robbery', 'based on graphic novel']","['Viggo Mortensen', 'Maria Bello', 'Ed Harris', 'William Hurt', 'Ashton Holmes']",David Cronenberg,7.163,3710,12.6714,96,/3qnO72NHmUgs9JZXAmu4aId9QDl.jpg
259693,tt3065204,The Conjuring 2,The Conjuring 2,Lorraine and Ed Warren travel to north London to help a single mother raising four children alone in a house plagued by malicious spirits.,2016-06-08,['Horror'],"['london, england', 'england', '1970s', 'spirit', 'single mother', 'demon', 'paranormal investigation', 'demonic possession', 'ghost', 'christmas', 'grim', 'valak', 'horrified']","['Vera Farmiga', 'Patrick Wilson', 'Madison Wolfe', ""Frances O'Connor"", 'Lauren Esposito']",James Wan,7.294,9145,12.6653,134,/zEqyD0SBt6HL7W9JQoWwtd5Do1T.jpg
10191,tt0892769,How to Train Your Dragon,How to Train Your Dragon,"As the son of a Viking leader on the cusp of manhood, shy Hiccup Horrendous Haddock III faces a rite of passage: he must kill a dragon to prove his warrior mettle. But after downing a feared dragon, he realizes that he no longer wants to destroy it, and instead befriends the beast – which he names Toothless – much to the chagrin of his warrior father.",2010-03-18,"['Fantasy', 'Adventure', 'Animation', 'Family']","['friendship', 'ship', 'blacksmith', 'island', 'based on novel or book', 'flying', 'arena', 'village', 'villain', 'training', 'ignorance', 'vikings (norsemen)', 'forest', 'flight', 'nest', 'dragon', 'battle', 'combat', 'well', 'warrior', 'pets', 'reflective', 'wonder', 'playful', 'serene', 'lighthearted', 'intimate', 'sentimental', 'witty', 'hilarious', 'romantic', 'whimsical', 'admiring', 'adoring', 'amused', 'awestruck', 'celebratory', 'cheerful', 'comforting', 'compassionate', 'euphoric', 'excited', 'gentle', 'hopeful', 'optimistic', 'powerful', 'sincere', 'sympathetic', 'vibrant']","['Jay Baruchel', 'Gerard Butler', 'Craig Ferguson', 'America Ferrera', 'Jonah Hill']",Chris Sanders,7.859,14328,12.625,98,/ygGmAO60t8GyqUo9xYeYxSZAR3b.jpg
928241,,Supermodel,수퍼모델,Popular supermodel Ji Eun receives a strange phone call from an anonymous person who threatens to tell the truth about the supermodel contest she'd attended two years ago.,2021-12-09,['Thriller'],[],['Lee Shi-a'],Yoo Young-seon,5.0,3,12.6189,0,/rBrQizyKXhJKR0D3NHkRPKuo0KD.jpg
405746,tt0223150,Door,DOOR,"Yasuko, a housewife, lives in an urban high-rise apartment with her husband Satoru and her son Takuto.  Annoyed by spam calls and door-to-door salesmen, Yasuko slams the door on a salesman’s hand when he tries to squeeze a flyer through the apartment's chained front door. He leaves, but the next day, her nightmare starts.",1988-05-14,"['Horror', 'Mystery', 'Thriller']","['salesman', 'home invasion', 'back stabbing', 'obsessed with a woman', 'suspense']","['Keiko Takahashi', 'Daijiro Tsutsumi', 'Shirō Shimomoto', 'Takuto Yonezu', 'Masao Ishida']",Banmei Takahashi,6.019,26,12.6105,94,/uNTZ9vp32AYd6kcAcm63jVg6u44.jpg
530385,tt8772262,Midsommar,Midsommar,"Several friends travel to Sweden to study as anthropologists a summer festival that is held every ninety years in the remote hometown of one of them. What begins as a dream vacation in a place where the sun never sets, gradually turns into a dark nightmare as the mysterious inhabitants invite them to participate in their disturbing festive activities.",2019-07-03,"['Horror', 'Drama', 'Mystery']","['loss of loved one', 'ritual', 'paranoia', 'sweden', 'cult', 'hallucinogenic drug', 'magic mushroom', 'anthropology', 'human sacrifice', 'paganism', 'death of family', 'boyfriend girlfriend relationship', 'grieving', 'midsummer', 'cultural conflict', 'bad trip', 'folk horror', 'psychological disorders', 'toxic relationship', 'midnight sun', 'isolated community', 'summer festival', 'traumatized woman', 'violence']","['Florence Pugh', 'Jack Reynor', 'William Jackson Harper', 'Will Poulter', 'Vilhelm Blomgren']",Ari Aster,7.152,8032,12.5796,147,/7LEI8ulZzO5gy9Ww2NVCrKmHeDZ.jpg
114,tt0100405,Pretty Woman,Pretty Woman,"Vivian is a carefree, streetwise diamond in the rough when she meets sophisticated billionaire Edward in a chance encounter that turns into a week-long business arrangement. But Vivian's energetic spirit challenges Edward's no-nonsense approach to life, and soon they are teaching each other – and falling in love!",1990-03-23,"['Romance', 'Comedy']","['prostitute', 'sports car', 'capitalism', 'expensive restaurant', 'workaholic', 'fire escape', 'romcom', 'los angeles, california', 'millionaire', ""valentine's day"", 'beverly hills', 'pygmalion', 'entrepreneur', 'social differences', 'business deal', 'penthouse', 'italian opera', 'shopping spree', 'bubble bath', 'loving', 'hooker', 'street smarts', 'contract relationship', 'cinderella story', 'cheerful', 'polo match']","['Richard Gere', 'Julia Roberts', 'Ralph Bellamy', 'Jason Alexander', 'Laura San Giacomo']",Garry Marshall,7.448,8961,12.5791,120,/hVHUfT801LQATGd26VPzhorIYza.jpg
103,tt0075314,Taxi Driver,Taxi Driver,"Suffering from insomnia, disturbed loner Travis Bickle takes a job as a New York City cabbie, haunting the streets nightly, growing increasingly detached from reality as he dreams of cleaning up the filthy city.",1976-02-09,"['Crime', 'Drama']","['drug dealer', 'vietnam veteran', 'new york city', 'taxi', 'pornography', 'obsession', 'taxi driver', '1970s', 'pimp', 'observer', 'firearm', 'politician', 'alienation', 'junk food', 'misanthrophy', 'vigilante', 'political campaign', 'cynical', 'illegal prostitution', 'urban decay', 'character study', 'loner', 'manhattan, new york city', 'meditative', 'neo-noir', 'child prostitution', 'complex', 'new hollywood', 'dreary', 'cautionary', 'drives', 'provocative', 'antagonistic', 'audacious', 'callous']","['Robert De Niro', 'Jodie Foster', 'Cybill Shepherd', 'Harvey Keitel', 'Peter Boyle']",Martin Scorsese,8.126,13386,12.5729,114,/ekstpH614fwDX8DUln1a2Opz0N8.jpg
419430,tt5052448,Get Out,Get Out,"Chris and his girlfriend Rose go upstate to visit her parents for the weekend. At first, Chris reads the family's overly accommodating behavior as nervous attempts to deal with their daughter's interracial relationship, but as the weekend progresses, a series of increasingly disturbing discoveries lead him to a truth that he never could have imagined.",2017-02-24,"['Mystery', 'Thriller', 'Horror']","['kidnapping', 'externally controlled action', 'manipulation', 'dark comedy', 'hypnosis', 'parents-in-law', 'satire', 'racist', 'revenge', 'interracial relationship', 'disappearance', 'racism', 'psychological thriller', 'neurosurgeon', 'missing person', 'stereotype', 'brain surgery', 'satirical', 'race-conscious', 'anxious', 'pathetic', 'authoritarian', 'awestruck']","['Daniel Kaluuya', 'Allison Williams', 'Catherine Keener', 'Bradley Whitford', 'Caleb Landry Jones']",Jordan Peele,7.622,18828,12.571,104,/mE24wUCfjK8AoBBjaMjho7Rczr7.jpg
1601243,tt27674706,Oscar Shaw,Oscar Shaw,"After retiring from the police force, a relentless detective haunted by the tragic loss of his closest friend sets out on a perilous quest for vengeance, seeking redemption and fighting to restore justice to the streets he once swore to protect.",2026-01-09,"['Action', 'Crime', 'Thriller', 'Western']",[],"['Michael Jai White', 'Tyrese Gibson', 'Isaiah Washington', 'Andrew C. English Jr.', 'Cecile Cubiló']",R. Ellis Frazier,6.645,31,12.5532,93,/tsE3nySukwrfUjouz8vzvKTcXNC.jpg
287649,tt3958014,Scarlet Innocence,마담 뺑덕,"A university professor gradually succumbing to blindness is entranced by an obsessive love, in this modern-day adaptation of a classic Korean fairy tale.",2014-10-02,"['Thriller', 'Drama', 'Romance']","['loss of eyesight', 'eroticism', 'revenge', 'blind', 'extramarital affair', 'blindness']","['Jung Woo-sung', 'Esom', 'Park So-young', 'Kim Hie-won', 'Park Seo-yeon']",Yim Pil-sung,6.1,69,12.5512,111,/ejaHQQKp5J2tD6ubprDMmIRGKnE.jpg
383498,tt5463162,Deadpool 2,Deadpool 2,Wisecracking mercenary Deadpool battles the evil and powerful Cable and other bad guys to save a boy's life.,2018-05-15,"['Action', 'Comedy', 'Adventure']","['hero', 'superhero', 'mutant', 'mercenary', 'based on comic', 'sequel', 'breaking the fourth wall', 'aftercreditsstinger', 'duringcreditsstinger', 'joyful']","['Ryan Reynolds', 'Josh Brolin', 'Morena Baccarin', 'Julian Dennison', 'Zazie Beetz']",David Leitch,7.49,19179,12.534,120,/to0spRl1CMDvyUbOnbb4fTk3VAd.jpg
37265,tt0104014,All Ladies Do It,Così fan tutte,"After five years of marriage, Diana discovers the joys of adultery, claiming that she can save her failing relationship through betrayal.",1992-02-21,"['Comedy', 'Drama']","['adultery', 'infidelity', 'husband wife relationship', 'italian', 'shower', 'ecstasy', 'blow job', 'massage', 'anal sex', 'unfaithfulness', 'inheritance', 'sexual attraction', 'cross dressing', 'lust', 'extramarital affair', 'sexual desire', 'trophy wife']","['Claudia Koll', 'Paolo Lanza', 'Ornella Marcucci', 'Isabella Deiana', 'Franco Branciaroli']",Tinto Brass,5.1,423,12.5302,93,/7MKmQ9TdHQdiYpVGyZFBu6aFTvE.jpg
404574,,Wife Watching,人妻観察委員会,Housewife Yoko is paranoid after being attacked by someone.,2014-08-02,['Drama'],"['softcore', 'pink film']","['Yui Hatano', 'Takahiko Kobayashi', 'Yasunari Kubota', 'Tomonori Kôno', 'Setsuhiko Kobayashi']",Hideo Jojo,4.5,2,12.5168,63,/cW6KTO0BGdETBxOQPsQVuiANtrz.jpg
296096,tt2674426,Me Before You,Me Before You,"Lou Clark, a directionless 26-year-old from the English countryside, takes a job at the local castle as a caregiver and companion to a wealthy young banker, Will Traynor. Wheelchair-bound from an accident two years prior, the once adventurous Will has all but given up — that is until Lou determines to show him that life is worth living.",2016-06-01,"['Drama', 'Romance']","['depression', 'small town', 'based on novel or book', 'england', 'artist', 'wheelchair', 'romance', 'love', 'caretaker', 'caregiver', 'disabled', ""valentine's day"", 'twenty something', 'woman director', 'accident', 'depressing']","['Emilia Clarke', 'Sam Claflin', 'Janet McTeer', 'Charles Dance', 'Brendan Coyle']",Thea Sharrock,7.917,13203,12.495,110,/Ia3dzj5LnCj1ZBdlVeJrbKJQxG.jpg
701387,tt12300742,Bugonia,Bugonia,"Two conspiracy obsessed young men kidnap the high-powered CEO of a major company, convinced that she is an alien intent on destroying planet Earth.",2025-10-23,"['Science Fiction', 'Thriller', 'Comedy']","['saving the world', 'capitalism', 'kidnapping', 'paranoia', 'delusion', 'symbolism', 'dark comedy', 'satire', 'alien', 'remake', 'extraterrestrial', 'alien invasion', 'power politics', 'mental illness', 'hierarchy', 'global threat', 'absurdism', 'political conflict', 'alien conspiracy', 'ecologism', 'social critique']","['Emma Stone', 'Jesse Plemons', 'Aidan Delbis', 'Stavros Halkias', 'Alicia Silverstone']",Yorgos Lanthimos,7.342,1862,12.4855,119,/oxgsAQDAAxA92mFGYCZllgWkH9J.jpg
1248226,tt31425731,Playdate,Playdate,"When out-of-work accountant Brian joins stay-at-home dad Jeff for a playdate with their sons, he expects a laid-back afternoon. Instead, they're chased by mercenaries, and Brian—totally unprepared—must survive one absurd obstacle after another.",2025-11-04,"['Action', 'Comedy', 'Family']","['stay-at-home dad', 'family home', 'accountant', 'human cloning', 'awkward situation', 'father son relationship', 'action comedy', 'slapstick humor', 'escalating chaos', 'chaotic day', 'comedic chase scenes', 'identity confusion', 'family chaos', 'double trouble', 'domestic disaster']","['Alan Ritchson', 'Kevin James', 'Banks Pierce', 'Benjamin Pajak', 'Alan Tudyk']",Luke Greenfield,6.054,584,12.4804,93,/fGodXWqJkkkbSebPIlxLSygV8GY.jpg
109418,tt2191701,Grown Ups 2,Grown Ups 2,"Lenny has relocated his family back to the small town where he and his friends grew up. This time around, the grown ups are the ones learning lessons from their kids on a day notoriously full of surprises—the last day of school.",2013-07-11,['Comedy'],"['friendship', 'journey in the past', 'cliff', 'past', 'sequel', 'friends', 'ridiculous', 'burpsnart']","['Adam Sandler', 'Kevin James', 'Chris Rock', 'David Spade', 'Salma Hayek Pinault']",Dennis Dugan,6.148,4652,12.4599,101,/hT6ijOtjtYrnyDhN7VA2QWyGFAm.jpg
1064213,tt28607951,Anora,Anora,"A young sex worker from Brooklyn gets her chance at a Cinderella story when she meets and impulsively marries the son of an oligarch. Once the news reaches Russia, her fairytale is threatened as his parents set out to get the marriage annulled.",2024-10-14,"['Drama', 'Comedy', 'Romance']","[""new year's eve"", 'new york city', 'marriage', 'boardwalk', 'baptism', 'strip club', 'coney island', 'female protagonist', 'mansion', 'class differences', 'las vegas', 'lap dance', 'home invasion', 'drunk', 'brooklyn, new york city', 'screwball comedy', 'new york subway', 'hedonism', 'immaturity', 'city hall', 'exotic dancer', 'sex worker', 'naive children', 'female stripping', 'meddling parents', 'annulment', 'strip show', 'russian oligarch', 'sex', 'party', 'female rage', 'vegas wedding', 'romantic dramedy', 'cinderella story', 'brighton beach', 'best picture winner', 'oscar winner']","['Mikey Madison', 'Mark Eydelshteyn', 'Yura Borisov', 'Karren Karagulian', 'Vache Tovmasyan']",Sean Baker,7.068,3127,12.4404,139,/oN0o3owobFjePDc5vMdLRAd0jkd.jpg
283995,tt3896198,Guardians of the Galaxy Vol. 2,Guardians of the Galaxy Vol. 2,The Guardians must fight to keep their newfound family together as they unravel the mysteries of Peter Quill's true parentage.,2017-04-19,"['Science Fiction', 'Adventure', 'Action']","['hero', 'superhero', 'based on comic', 'sequel', 'alien', 'space', 'aftercreditsstinger', 'duringcreditsstinger', 'marvel cinematic universe (mcu)', 'father son relationship']","['Chris Pratt', 'Zoe Saldaña', 'Dave Bautista', 'Vin Diesel', 'Bradley Cooper']",James Gunn,7.609,22888,12.4345,137,/y4MBh0EjBlMuOzv9axM4qJlmhzz.jpg
48650,tt1263750,Room in Rome,Habitación en Roma,"A hotel room in the center of Rome serves as the setting for Alba and Natasha, two sexy and recently acquainted women, to have a physical adventure that touches their very souls.",2010-05-07,"['Drama', 'Romance']","['hotel', 'hotel room', 'rome, italy', 'female friendship', 'one-night stand', 'lesbian sex', 'based on movie', 'lying', 'erotic movie', 'intimacy', 'lesbian']","['Elena Anaya', 'Natasha Yarovenko', 'Enrico Lo Verso', 'Najwa Nimri', 'Ander Malles']",Julio Medem,6.41,826,12.429,109,/w90ItYf9qagQKVEBr1uFxPomAtf.jpg
137113,tt1631867,Edge of Tomorrow,Edge of Tomorrow,"Major Bill Cage is an officer who has never seen a day of combat when he is unceremoniously demoted and dropped into combat. Cage is killed within minutes, managing to take an alpha alien down with him. He awakens back at the beginning of the same day and is forced to fight and die again... and again - as physical contact with the alien has thrown him into a time loop.",2014-05-27,"['Action', 'Science Fiction']","['deja vu', 'based on novel or book', 'restart', 'military officer', 'dystopia', 'affectation', 'training', 'alien', 'time loop', 'soldier', 'alien invasion', 'war hero', 'exoskeleton', 'somber', 'anxious', 'soldiers', 'war', 'sentimental', 'romantic', 'admiring', 'adoring', 'commanding', 'defiant', 'dignified', 'earnest', 'empathetic', '2020s']","['Tom Cruise', 'Emily Blunt', 'Brendan Gleeson', 'Bill Paxton', 'Jonas Armstrong']",Doug Liman,7.638,15015,12.4229,114,/nBM9MMa2WCwvMG4IJ3eiGUdbPe6.jpg
198184,tt1823672,Chappie,Chappie,"Every child comes into the world full of promise, and none more so than Chappie: he is gifted, special, a prodigy. Like any child, Chappie will come under the influence of his surroundings—some good, some bad—and he will rely on his heart and soul to find his way in the world and become his own man. But there's one thing that makes Chappie different from any one else: he is a robot.",2015-03-04,"['Crime', 'Action', 'Science Fiction']","['future', 'android', 'artificial intelligence (a.i.)', 'dystopia', 'johannesburg, south africa', 'robot', 'robot cop', 'cyber thriller']","['Sharlto Copley', 'Dev Patel', 'Hugh Jackman', 'Ninja', 'Yo-Landi Visser']",Neill Blomkamp,6.791,8456,12.3925,120,/uuDUpzlMFomdSfNWlpEPS9nVZWV.jpg
1144107,tt37284198,The Legend of Hei 2,罗小黑战记 2,"When an attack shatters the fragile peace between the spirit world and humanity, Hei teams up with Luye, the last disciple of his Shifu Wuxian, to expose a conspiracy that threatens both realms - and the bond they've sworn to protect.",2025-07-18,"['Animation', 'Fantasy', 'Action', 'Adventure']","['magic', 'cat', 'sequel', 'lyrical', 'donghua']","['Shan Xin', 'Liu Mingyue', 'Zhu Jing', 'Luan Lisheng', 'Fu Chen Yang']",Gu Jie,8.5,54,12.3819,119,/ewZaW4gXqqllOelUpS98T49z6Gl.jpg
1278,tt0309987,The Dreamers,The Dreamers,"When Isabelle and Theo invite Matthew to stay with them, what begins as a casual friendship ripens into a sensual voyage of discovery and desire in which nothing is off limits and everything is possible.",2003-10-10,"['Drama', 'Romance']","['hotel', 'first time', 'paris, france', 'love triangle', ""students' movement"", 'sexuality', 'bathing', 'flat', 'riot', 'crush', 'american', 'twins', 'incest', 'polyamory', '1960s', 'foreign student', 'pretentious']","['Michael Pitt', 'Eva Green', 'Louis Garrel', 'Anna Chancellor', 'Robin Renucci']",Bernardo Bertolucci,7.18,3077,12.3725,115,/gBb7GGaFYPu7nEUYvC8G4LaJJN1.jpg
273481,tt3397884,Sicario,Sicario,An idealistic FBI agent is enlisted by a government task force to aid in the escalating war against drugs at the border area between the U.S. and Mexico.,2015-09-17,"['Action', 'Crime', 'Thriller']","['mission', 'assassin', 'central intelligence agency (cia)', 'mexico', 'corruption', 'bomb', 'fbi', 'smoking', 'texas', 'border', 'manipulation', 'cynicism', 'revenge', 'murder', 'dirty cop', 'brutality', 'drugs', 'special forces', 'interrogation', 'desert', 'surveillance', 'blunt', 'night vision', 'death of daughter', 'moral dilemma', 'neo-noir', 'death of wife', 'mexican cartel', 'serious', 'secret tunnel', 'violence', 'juárez, mexico']","['Emily Blunt', 'Benicio del Toro', 'Josh Brolin', 'Victor Garber', 'Jon Bernthal']",Denis Villeneuve,7.419,9522,12.3642,122,/lz8vNyXeidqqOdJW9ZjnDAMb5Vr.jpg
335,tt0064116,Once Upon a Time in the West,C'era una volta il West,"As the railroad builders advance unstoppably through the Arizona desert on their way to the sea, Jill arrives in the small town of Flagstone with the intention of starting a new life.",1968-12-21,"['Drama', 'Western']","['small town', 'loss of loved one', 'harmonica', 'wedding party', 'spaghetti western', 'arizona territory', 'intercontintental railroad', 'outlaw gang', 'water pump', 'mysterious character', 'boom town', 'railroad company', 'hope for a new life', 'railroad construction', 'excited', 'techniscope']","['Claude Cardinale', 'Henry Fonda', 'Jason Robards', 'Charles Bronson', 'Gabriele Ferzetti']",Sergio Leone,8.273,4879,12.3599,166,/qbYgqOczabWNn2XKwgMtVrntD6P.jpg
8681,tt0936501,Taken,Taken,"Bryan Mills, a former government operative, is trying to reconnect with his teenage daughter Kim. After reluctantly agreeing with his ex-wife to let Kim go to Paris on vacation with a friend, his worst nightmare comes true. While on the phone with his daughter shortly after she arrives in Paris, she and her friend are abducted by a gang of human traffickers. Working against the clock, Bryan relies on his extensive training and skills to track down the ruthless gang that abducted her and launch a one-man war to rescue his daughter.",2008-02-18,"['Action', 'Thriller']","['rescue', 'paris, france', 'kidnapping', 'prostitution', 'sex trafficking', 'albanian', 'missing daughter', 'ex special forces', 'ex-cia agent', 'abduction', 'search for daughter', 'army veteran']","['Liam Neeson', 'Maggie Grace', 'Famke Janssen', 'Olivier Rabourdin', 'Leland Orser']",Pierre Morel,7.404,12065,12.3501,94,/ognkaUSNgJe1a2pjB4UNdzEo5jT.jpg
24,tt0266697,Kill Bill: Vol. 1,Kill Bill: Vol. 1,"An assassin is shot by her ruthless employer, Bill, and other members of their assassination circle – but she lives to plot her vengeance.",2003-10-10,"['Action', 'Crime']","['martial arts', 'japan', 'kung fu', 'sword', 'yakuza', 'sword fight', 'revenge', 'vigilante', 'female yakuza', 'samurai sword', 'retribution', 'dreary']","['Uma Thurman', 'Lucy Liu', 'Vivica A. Fox', 'Daryl Hannah', 'David Carradine']",Quentin Tarantino,7.971,18879,12.3444,111,/v7TaX8kXMXs5yFFGR41guUDNcnB.jpg
257211,tt2361509,The Intern,The Intern,"70-year-old widower Ben Whittaker has discovered that retirement isn't all it's cracked up to be. Seizing an opportunity to get back in the game, he becomes a senior intern at an online fashion site, founded and run by Jules Ostin.",2015-09-23,['Comedy'],"['new york city', 'friendship', 'san francisco, california', 'office', 'masseuse', 'website', 'tai chi', 'internet', 'fish out of water', 'brooklyn, new york city', 'business start-up', 'driver', 'senior citizen', 'ceo', 'father figure', 'intern', 'social media', 'gentleman', 'woman director', 'meditative', 'city life', 'chivalry', 'retired life', 'professional woman', 'internship', 'e-comm', 'appreciative', 'enthusiastic', 'vibrant', 'elderly widower', 'online store']","['Robert De Niro', 'Anne Hathaway', 'Rene Russo', 'Anders Holm', 'JoJo Kushner']",Nancy Meyers,7.229,7306,12.3296,121,/bTQ46fupPbjBfFBHuzfD3hxxL0Q.jpg
423,tt0253474,The Pianist,The Pianist,"The true story of pianist Władysław Szpilman's experiences in Warsaw during the Nazi occupation. When the Jews of the city find themselves forced into a ghetto, Szpilman finds work playing in a café; and when his family is deported in 1942, he stays behind, works for a while as a laborer, and eventually goes into hiding in the ruins of the war-torn city.",2002-09-17,"['Drama', 'War']","['concert', 'nazi', 'resistance', 'warsaw ghetto', 'polish resistance', 'homeland', 'holocaust (shoah)', 'hunger', 'world war ii', 'prisoner of war', 'ghetto', 'deportation', 'jew persecution', 'liberation', 'biography', 'based on true story', 'survival', 'based on memoir or autobiography', 'pianist', 'poland', 'tearjerker', 'angry', 'complex', 'compassionate']","['Adrien Brody', 'Thomas Kretschmann', 'Frank Finlay', 'Maureen Lipman', 'Emilia Fox']",Roman Polanski,8.375,10108,12.3232,150,/2hFvxCCWrTmCYwfy7yum0GKRi3Y.jpg
1368,tt0083944,First Blood,First Blood,"When former Green Beret John Rambo is harassed by local law enforcement and arrested for vagrancy, he is forced to flee into the mountains and wage an escalating one-man war against his pursuers.",1982-10-22,"['Action', 'Adventure', 'Thriller', 'War']","['prison', 'guerrilla warfare', 'dying and death', 'vietnam war', 'vietnam veteran', 'hero', 'vietnam', 'police brutality', 'sheriff', 'escape', 'police', 'gun', 'submachine gun', 'falsely accused', 'anti hero', 'destroy', 'self-defense', 'firearm', 'prosecution', 'attempt to escape', 'police operation', 'matter of life and death', 'tramp', 'national guard', 'woods', 'rural area', 'survivalist', 'special forces', 'aggressive', 'absurd', 'sympathetic']","['Sylvester Stallone', 'Richard Crenna', 'Brian Dennehy', 'Bill McKinney', 'Jack Starrett']",Ted Kotcheff,7.507,6863,12.3153,93,/dR5fbo0ry5TsC7euEXFUkx2QzVk.jpg
419116,tt18286348,Russian Mom,러시아 엄마,"Jang-ho who dreams of becoming a chef is pretty close to his dad Yeong-soo; enough to talk about his girlfriend and they live alone. One day, Yeong-soo tells Jang-ho that he's getting remarried to a Russian woman. Jang-ho accepts this and meets Olga. He is surprised to see a young and beautiful woman standing before him. A few days later, Yeong-soo goes to Russia on a business trip and Jang-ho and Olga get to know each other.",2016-07-28,"['Drama', 'Romance']",['softcore'],"['Irina Griga', 'Kang Ye-na', 'Kim Do-hee', 'Yoon Se-hyeong', 'Jeon Ji-hak']",Choi Won-joon-I,5.5,26,12.2678,89,/hktmN8qVDyzp3I9f7veWfF6l45c.jpg
173185,tt2186812,It Boy,20 Ans d'écart,"38-year-old Alice has everything to become the next editor-in-chief of Rebelle magazine except for her uptight image. But when the young and charming Balthazar, barely 20, crosses Alice's path, she realizes that he holds the key to her promotion.",2013-03-06,['Comedy'],['amused'],"['Virginie Efira', 'Pierre Niney', 'Gilles Cohen', 'Amélie Glenn', 'Charles Berling']",David Moreau,6.494,1585,12.2545,92,/7PbiUzPjM6ZvD9sGppBtdLcDdwx.jpg
1662317,tt40792117,The Crash,The Crash,"A teen slams her car into a building, killing her boyfriend and his friend. What seems like a tragic accident becomes a murder case.",2026-05-15,"['Documentary', 'Crime']",[],[],Gareth Johnson,7.2,5,12.2415,92,/veskdPx4YUTmkrFrTs6zRJ8VV4E.jpg
696506,tt12299608,Mickey 17,Mickey 17,"Unlikely hero Mickey Barnes finds himself in the extraordinary circumstance of working for an employer who demands the ultimate commitment to the job… to die, for a living.",2025-02-28,"['Science Fiction', 'Comedy', 'Adventure']","['based on novel or book', 'dark comedy', 'space travel', 'betrayal', 'alien planet', 'creature', 'space adventure', 'human clone', 'spaceship', '2050s', 'space sci-fi', 'futuristic world', 'colonial workforce', 'clone technology', 'frozen world', 'authoritarian leader', 'expendable worker']","['Robert Pattinson', 'Naomi Ackie', 'Steven Yeun', 'Mark Ruffalo', 'Toni Collette']",Bong Joon Ho,6.831,3507,12.233,137,/edKpE9B5qN3e559OuMCLZdW1iBZ.jpg
297762,tt0451279,Wonder Woman,Wonder Woman,An Amazon princess comes to the world of Man in the grips of the First World War to confront the forces of evil and bring an end to human conflict.,2017-05-30,"['Action', 'Adventure', 'Fantasy']","['island', 'hero', 'strong woman', 'world war i', 'empowerment', 'superhero', 'feminism', 'greek mythology', 'based on comic', 'female protagonist', 'period drama', 'super power', 'heroine', 'woman director', 'female empowerment', '1910s', 'dc extended universe (dceu)']","['Gal Gadot', 'Chris Pine', 'Connie Nielsen', 'Robin Wright', 'Danny Huston']",Patty Jenkins,7.209,20875,12.23,141,/v4ncgZjG2Zu8ZW5al1vIZTsSjqX.jpg
1472638,tt38350059,Buen Camino,Buen Camino,"Checco's life is a comfortable and luxurious one, and it couldn't be otherwise, considering he's the only son of Eugenio Zalone, a wealthy sofa manufacturer. Stranded by the pool in his luxurious villas, with an unspecified number of Filipinos serving him, a very young Mexican model as a girlfriend, and vacationing on his yacht with friends who share his passion for not wanting to work; it seems like a truly enviable life, considering he lacks nothing, absolutely nothing. Actually, no. Something is missing. It's his underage daughter, Cristal, named after the famous French sparkling wine, who has suddenly disappeared without a trace. Urgently summoned to Rome by his ex-wife, Linda, he finds himself facing the responsibilities of fatherhood for the first time, trying to find the girl—a very complicated task, considering he knows absolutely nothing about Cristal and her life.",2025-12-25,"['Comedy', 'Family', 'Adventure']",['jakobsweg'],"['Checco Zalone', 'Beatriz Arjona', 'Letizia Arnò', 'Martina Colombari', 'Hossein Taheri']",Gennaro Nunziante,6.281,518,12.2268,90,/jUiGMecwhYLOwJJqVl1YovRMAFa.jpg
851644,tt15340724,20th Century Girl,20세기 소녀,"In 1999, a teen girl keeps close tabs on a boy in school on behalf of her deeply smitten best friend – then she gets swept up in a love story of her own.",2022-10-06,"['Romance', 'Drama']","['friendship', 'love triangle', 'melancholy', 'coming of age', 'unrequited love', 'teenage girl', 'tearjerker', 'first love', 'city life', '1990s', 'depressed', 'intense', 'romantic']","['Kim You-jung', 'Byeon Woo-seok', 'Park Jung-woo', 'Roh Yoon-seo', 'Kim Sung-kyung']",Bang Woo-ri,8.1,811,12.2109,119,/od22ftNnyag0TTxcnJhlsu3aLoU.jpg
734286,,MiLK,ミルク　滴る女,"A woman, born in a cowshed, grows up working a dairy farm.  Suffering under the gaze of her male coworkers,  she longs for the attention of the newspaper delivery boy.",2010-11-19,['Drama'],[],"['Minori Hatsune', 'Taijirō Tamura', 'Ryuki Nishimoto', 'Takayuki Sakoi']",Tōru Kamei,7.8,2,12.2102,75,/geo6Wb7kyA0bxJh9r2fBd2AGSjZ.jpg
764339,,An Affair: My Wife's Friend 2,정사：아내의 친구 2,"Hyunsoo is lodging at the house of his senior worker, Hyejin. Hyejin has a husband Sang-woo, but in fact, it is an affair with Hyun-soo who makes love secretly. Hyeon-ju, a friend who had been lodging at Hyejin's house before Hin Pyeon, also beats his job and comes in with a pack of luggage. In the end, Hyejin, Sangwoo, Hyunsu, and Hyunjoo. Four people's uncomfortable but dizzying cohabitation begins...",2019-08-09,[],['softcore'],"['Yoon Da-hyeon', 'Yoo Sul-young', 'Kim Hee-jeong']",Jo Tae-ho,7.0,2,12.2031,69,/71F5nIcReEDckIY2FvHE54E0PvN.jpg
85877,tt2084885,The 33D Invader,蜜桃成熟時33D,"A young woman named Future is sent from the year 2046 to the year 2011 in Hong Kong. Future was sent by the United Nations in order to get pregnant, where she can then extract her genes and repopulate the earth as 99% of males have become infertile in the future due to attacks from Planet Xucker. Two assassins from Xuckler are sent after her to stop her. Future meets three University students: Felix, Dan-san and Sing. The men are obsessed with female students next door: Chin-chin, Chen-chen and Sai-sai. The students agree to help Future find a mate at the university.",2011-10-06,"['Comedy', 'Science Fiction']","['time travel', 'bikini', 'semen', 'sex']","['Wu Qing-Qing', 'Chen Jun-Yan', 'Akiho Yoshizawa', 'Taka Katou', 'Ya-Wen Hsueh']",Cash Chin Man-Kei,5.7,32,12.2,82,/bBC1fBHyFBmc6fn4UDedtkOVSaD.jpg
601,tt0083866,E.T. the Extra-Terrestrial,E.T. the Extra-Terrestrial,"An alien is left behind on Earth and saved by the 10-year-old Elliott who decides to keep him hidden in his home. While a task force hunts for the extra-terrestrial, Elliott, his brother, and his little sister Gertie form an emotional bond with their new friend, and try to help him find his way home.",1982-06-11,"['Science Fiction', 'Adventure', 'Family', 'Fantasy']","['farewell', 'space marine', 'operation', 'flying saucer', 'nasa', 'homesickness', 'loss of loved one', 'extraterrestrial technology', 'prosecution', 'riding a bicycle', 'halloween', 'finger', 'flowerpot', 'alien', 'single', 'single mother', 'alien contact', 'homesick']","['Henry Thomas', 'Drew Barrymore', 'Robert MacNaughton', 'Peter Coyote', 'Dee Wallace']",Steven Spielberg,7.5,11972,12.1926,115,/an0nD6uq6byfxXCfk6lQBzdL2J1.jpg
604079,tt10374610,The Long Walk,The Long Walk,"In a dystopian 1970s America, fifty teenage boys take part in a deadly annual walking contest, forced to maintain a minimum pace or be executed, until only one survivor remains.",2025-09-10,"['Science Fiction', 'Thriller', 'Horror']","['suicide', 'based on novel or book', 'male friendship', 'bullying', 'coming of age', 'survival', 'teenage boy', 'survival horror', 'hard', 'authoritarian regime', 'psychological horror', 'psychological breakdown', 'life‑or‑death stakes', 'forced march', 'moral despair', 'fatal competition', 'youth dystopia', 'oppressive system', 'stephen king']","['Cooper Hoffman', 'David Jonsson', 'Ben Wang', 'Tut Nyuot', 'Charlie Plummer']",Francis Lawrence,6.918,1470,12.1826,108,/wobVTa99eW0ht6c1rNNzLkazPtR.jpg
38575,tt1155076,The Karate Kid,The Karate Kid,"12-year-old Dre Parker could've been the most popular kid in Detroit, but his mother's latest career move has landed him in China. Dre immediately falls for his classmate Mei Ying but the cultural differences make such a friendship impossible. Even worse, Dre's feelings make him an enemy of the class bully, Cheng. With no friends in a strange land, Dre has nowhere to turn but maintenance man Mr. Han, who is a kung fu master. As Han teaches Dre that kung fu is not about punches and parries, but maturity and calm, Dre realizes that facing down the bullies will be the fight of his life.",2010-06-10,"['Action', 'Adventure', 'Drama', 'Family']","['martial arts', 'aftercreditsstinger', 'duringcreditsstinger', 'karate kid', 'intense', 'pretentious', 'straightforward', 'tragic']","['Jaden Smith', 'Jackie Chan', 'Taraji P. Henson', 'Wenwen Han', 'Zac Wang']",Harald Zwart,6.566,6538,12.1568,140,/b1RBy3l297N0c7PHjlz35cClWju.jpg
1084199,tt26584495,Companion,Companion,"During a weekend getaway at a secluded lakeside estate, a group of friends finds themselves entangled in a web of secrets, deception, and advanced technology. As tensions rise and loyalties are tested, they uncover unsettling truths about themselves and the world around them.",2025-01-22,"['Horror', 'Science Fiction', 'Thriller']","['android', 'artificial intelligence (a.i.)', 'cabin', 'robot', 'boyfriend girlfriend relationship', 'duringcreditsstinger', 'robot girl', 'weekend getaway', 'human android relationship', 'toxic relationship', 'abusive relationship', 'malfunctioning android', 'sentient machine', 'sci-fi horror', 'human vs machines', 'cybernetics', 'android horror']","['Sophie Thatcher', 'Jack Quaid', 'Lukas Gage', 'Megan Suri', 'Harvey Guillén']",Drew Hancock,7.012,2257,12.1449,97,/oCoTgC3UyWGfyQ9thE10ulWR7bn.jpg
533533,tt6604188,TRON: Ares,TRON: Ares,"A highly sophisticated Program called Ares is sent from the digital world into the real world on a dangerous mission, marking humankind's first encounter with A.I. beings.",2025-10-08,"['Science Fiction', 'Adventure', 'Action']","['artificial intelligence (a.i.)', 'computer program', 'identity crisis', 'computer simulation', 'sequel', 'business rivalry', 'virtual world', 'digital world', 'real‑world crossover', 'advanced program', 'technological conflict', 'system instability', 'cyber universe', 'quantum computing', 'system breach', 'existential threat']","['Jared Leto', 'Greta Lee', 'Evan Peters', 'Gillian Anderson', 'Jodie Turner-Smith']",Joachim Rønning,6.473,1370,12.107,119,/chpWmskl3aKm1aTZqUHRCtviwPy.jpg
546554,tt8946378,Knives Out,Knives Out,"When renowned crime novelist Harlan Thrombey is found dead at his estate just after his 85th birthday, the inquisitive and debonair Detective Benoit Blanc is mysteriously enlisted to investigate. From Harlan's dysfunctional family to his devoted staff, Blanc sifts through a web of red herrings and self-serving lies to uncover the truth behind Harlan's untimely death.",2019-11-27,"['Comedy', 'Crime', 'Mystery']","['immigrant', 'detective', 'massachusetts', 'investigation', 'big family', 'mansion', 'whodunit', 'family home', 'murder mystery', 'neo-noir', 'privilege', 'suspenseful', 'excited']","['Daniel Craig', 'Chris Evans', 'Ana de Armas', 'Jamie Lee Curtis', 'Michael Shannon']",Rian Johnson,7.84,13970,12.0719,131,/pThyQovXQrw2m0s9x82twj48Jq4.jpg
324552,tt4425200,John Wick: Chapter 2,John Wick: Chapter 2,"John Wick is forced out of retirement by a former associate looking to seize control of a shadowy international assassins’ guild. Bound by a blood oath to aid him, Wick travels to Rome and does battle against some of the world’s most dangerous killers.",2017-02-08,"['Action', 'Thriller', 'Crime']","['martial arts', 'assassin', 'rome, italy', 'hitman', 'roof', 'secret organization', 'sequel', 'revenge', 'shootout', 'dog', 'code of honor', 'handshake', 'hand to hand combat', 'neo-noir', 'guns', 'dark', 'roof-top', 'precision shooting', 'continental hotel']","['Keanu Reeves', 'Common', 'Laurence Fishburne', 'Riccardo Scamarcio', 'Ruby Rose']",Chad Stahelski,7.3,14210,12.0711,122,/hXWBc0ioZP3cN4zCu6SN3YHXZVO.jpg
26181,tt0065009,Some Girls Do,Some Girls Do,A series of unexplainable accidents befall the people and companies responsible for developing the world's first supersonic airliner. A British agent is sent to investigate and with the help of another agent uncovers a plot masterminded by Carl Petersen who stands to gain eight million pounds if the aircraft is not ready by a certain date.,1969-01-23,"['Action', 'Adventure', 'Comedy']","['investigation', 'cult', 'conspiracy', 'robot', 'deadline', 'agent', 'adventurer', 'bulldog drummond', 'airline']","['Richard Johnson', 'Daliah Lavi', 'Beba Lončar', 'James Villiers', 'Vanessa Howard']",Ralph Thomas,5.848,23,12.0685,88,/iJPkFpHNChAIXZKo7Gfo5i0RnhS.jpg
1317920,tt33636006,The Red Envelope,ซองแดงแต่งผี,"After a supernatural marriage binds them for life, thief-turned-informant Menn and his ghost husband Titi set out to solve the mystery of Titi's death.",2025-03-20,['Comedy'],"['remake', 'buddy', 'lgbt', 'gay theme']","['Putthipong Assaratanakul', 'Krit Amnuaydechkorn', 'Arachaporn Pokinpakorn', 'Piyamas Monayakul', 'Teravat Anuvatudom']",Chayanop Bunprakob,7.25,16,12.0359,127,/2l9B9TdanJXyJ2sOChXyV5lAIM.jpg
5899,tt0105019,The Northerners,De Noorderlingen,"A black comedy set in the 1960s in a small Netherlands community, populated by a cast of eccentrics, all of whom hold a range of sexual obsessions and frustrated desires.",1992-04-17,"['Comedy', 'Drama']","['neglect', 'dark comedy', 'netherlands', 'butcher', ""butcher's shop"", 'neighbor', 'suburb', '1960s']","['Jack Wouterse', 'Annet Malherbe', 'Rudolf Lucieer', 'Leonard Lucieer', 'Loes Wouterson']",Alex van Warmerdam,6.918,61,12.006,103,/urIKSwOoTez21y0kIkRRu0oSrgJ.jpg
281957,tt1663202,The Revenant,The Revenant,"In the 1820s, a frontiersman, Hugh Glass, sets out on a path of vengeance against those who left him for dead after a bear mauling.",2015-12-25,"['Western', 'Drama', 'Adventure']","['rape', 'based on novel or book', 'parent child relationship', 'winter', 'child murder', 'mountain', 'grizzly bear', 'animal attack', 'wilderness', 'gore', 'native american', 'forest', 'based on true story', 'liar', 'fur trapping', 'frontier', 'remake', 'revenge', 'survival', 'murder', 'bear', 'snow', 'scalping', 'animals', 'nature', 'wild west', 'bear attack', 'indian attack', 'dead horse', 'starvation', 'shocking', '19th century', 'wolves', 'ice', 'tense', 'antagonistic', 'tragic']","['Leonardo DiCaprio', 'Tom Hardy', 'Domhnall Gleeson', 'Will Poulter', 'Forrest Goodluck']",Alejandro G. Iñárritu,7.541,19269,12.0057,157,/ji3ecJphATlVgWNY0B0RVXZizdf.jpg
1656061,tt39315819,Immortal Combat,Immortal Combat,"History's greatest warriors, including Genghis Khan and Joan of Arc, are summoned by a shadowy organization to fight in a battle to the death. But unknown to their captors, the fighters have been plotting to turn the tables and dismantle the deadly enterprise from within.",2026-04-24,"['Action', 'Adventure', 'Science Fiction']",[],"['Dominique Swain', 'Eve Fournier', 'Roxanne G.C. Brooks', 'Charlit Dae', 'Samuel Selman']",Monroe Robertson,6.2,6,12.0033,88,/mhRAgvQ04DTE4zQN3OSyc9Lonj3.jpg
1091,tt0084787,The Thing,The Thing,A research team in Antarctica is hunted by a shape-shifting alien that assumes the appearance of its victims.,1982-06-25,"['Horror', 'Mystery', 'Science Fiction']","['spacecraft', 'helicopter', 'space marine', 'based on novel or book', 'isolation', 'mutation', 'paranoia', 'snowstorm', 'research station', 'alien life-form', 'alien', 'remake', 'survival', 'creature', 'helicopter pilot', 'antarctica', 'shape shifting alien', 'alien infection', 'survival horror', 'sled dogs', 'alien monster', 'alien parasites', 'isolated place', 'uncertainty', 'blood test', 'body horror', 'ambiguity', 'lovecraftian', 'distressing']","['Kurt Russell', 'Wilford Brimley', 'T.K. Carter', 'David Clennon', 'Keith David']",John Carpenter,8.1,7889,11.9631,109,/tzGY49kseSE9QAKk47uuDGwnSCu.jpg
819,tt0117665,Sleepers,Sleepers,Two gangsters seek revenge on the state jail worker who during their stay at a youth prison sexually abused them. A sensational court hearing takes place to charge him for the crimes.,1996-10-18,"['Crime', 'Drama', 'Thriller']","['child abuse', 'sexual abuse', 'court case', 'court', 'repayment', 'sadistic', 'pastor', 'juvenile prison', 'juvenile delinquent', 'kids']","['Kevin Bacon', 'Robert De Niro', 'Dustin Hoffman', 'Bruno Kirby', 'Jason Patric']",Barry Levinson,7.602,3850,11.9612,147,/yUpiEk2EojS9ZEXb3nIQonQCYYF.jpg
222517,tt0128076,Snow White and 7 Wise Men,Biancaneve & Co...,The king and the queen conceive Snow White during a sexual relationship in the snow.,1982-04-03,['Comedy'],['parody'],"['Michela Miti', 'Franco Bracardi', 'Aldo Sambrell', ""Gianfranco D'Angelo"", 'Oreste Lionello']",Mario Bianchi,4.7,17,11.9486,93,/yMiM9Zg9JuNy9k1Q7wsyEpwTSQR.jpg
297090,tt3617996,The Torture Club,ちょっとかわいいアイアンメイデン,"The ""Torture Club"" is an official after-school activity at the private school Saint Honesty Gakuen. Yuzuki has no idea about the club when she enrolls, and gets abducted by the club members and hauled off the club-room. There, she finds out that upper-class student Aoi, her secret idol, is in the club, and decides to join, but…",2014-07-19,"['Drama', 'Comedy']","['bondage', 'lesbian relationship', 'torture', 'based on manga', 'teenage sexuality', 'bdsm', 'lesbian', ""girls' love (gl)""]","['Noriko Kohara', 'Haruna Yoshizumi', 'Yuki Mamiya', 'Mika Yano', 'Nami Motoyama']",Kōta Yoshida,5.2,50,11.9391,97,/hkK8JqGZa48jk9iaQBIyefGcqUo.jpg
458156,tt6146586,John Wick: Chapter 3 - Parabellum,John Wick: Chapter 3 - Parabellum,"Super-assassin John Wick returns with a $14 million price tag on his head and an army of bounty-hunting killers on his trail. After killing a member of the shadowy international assassin’s guild, the High Table, John Wick is excommunicado, but the world’s most ruthless hit men and women await his every turn.",2019-05-15,"['Action', 'Thriller', 'Crime']","['new york city', 'martial arts', 'bratva (russian mafia)', 'casablanca, morocco', 'secret society', 'secret organization', 'black humor', 'sahara desert', 'sequel', 'organized crime', 'one man army', 'code of honor', 'hand to hand combat', 'consequences', 'professional assassin', 'baba yaga', 'dog man friendship', 'continental hotel']","['Keanu Reeves', 'Halle Berry', 'Ian McShane', 'Laurence Fishburne', 'Mark Dacascos']",Chad Stahelski,7.438,11685,11.936,131,/ziEuG1essDuWuC5lpWUaw1uXY2O.jpg
142487,tt2062575,The Precocious and Brief Life of Sabina Rivas,La vida precoz y breve de Sabina Rivas,"In the Mexican-Guatemalan border, young teenage lovers, Sabina and Jovany, both Hondurans, accidentally meet again after some years without seeing each other. She plans to get to the United States and dreams about being a great singer; he commits all the required atrocities to be accepted by the gang: la Mara Salvatrucha. Sabina and Jovany crashed with the most adverse conditions at the border like white slavery, the Mexican and American migratory agents Burrona and Patrick, the brothel matron Doña Lita, Don Nico the Mexican Consul in Tecún Umán, the drug trafficking networks, the army and la Mara Salvatrucha.",2012-11-09,['Drama'],"['refugee camp', 'drug trafficking', 'singer', 'mexican', 'mexican army', 'sex slavery']","['Greisy Mena', 'Joaquín Cosío', 'Fernando Moreno', 'Angelina Peláez', 'Tenoch Huerta Mejía']",Luis Mandoki,7.123,122,11.9318,115,/cxmJeBgPomHt43CNxcWk9UCDsB9.jpg
940551,tt6495056,Migration,Migration,"After a migrating duck family alights on their pond with thrilling tales of far-flung places, the Mallard family embarks on a family road trip, from New England, to New York City, to tropical Jamaica.",2023-12-06,"['Family', 'Comedy', 'Adventure', 'Animation']","['duck', 'villain', 'migration', 'flight', 'anthropomorphism', 'family', 'animals', 'chef', 'overprotective father', 'bird']","['Kumail Nanjiani', 'Elizabeth Banks', 'Caspar Jennings', 'Tresi Gazal', 'Awkwafina']",Benjamin Renner,7.35,2232,11.925,83,/ldfCF9RhR40mppkzmftxapaHeTo.jpg
635302,tt11032374,Demon Slayer -Kimetsu no Yaiba- The Movie: Mugen Train,劇場版「鬼滅の刃」無限列車編,"Tanjiro Kamado, joined with Inosuke Hashibira, a boy raised by boars who wears a boar's head, and Zenitsu Agatsuma, a scared boy who reveals his true power when he sleeps, boards the Infinity Train on a new mission with the Fire Hashira, Kyojuro Rengoku, to defeat a demon who has been tormenting the people and killing the demon slayers who oppose it!",2020-10-16,"['Animation', 'Action', 'Fantasy']","['fight', 'magic', 'supernatural', 'psychology', 'gore', 'sequel', 'coming of age', 'survival', 'tragedy', 'based on manga', 'demon', 'historical', 'family', 'mutilation', 'dark fantasy', 'shounen', 'anime', 'taisho period']","['Natsuki Hanae', 'Akari Kito', 'Hiro Shimono', 'Yoshitsugu Matsuoka', 'Satoshi Hino']",Haruo Sotozaki,8.2,4479,11.9132,117,/h8Rb9gBr48ODIwYUttZNYeMWeUU.jpg
2832,tt0309698,Identity,Identity,"Complete strangers stranded at a remote desert motel during a raging storm soon find themselves the target of a deranged murderer. As their numbers thin out, the travelers begin to turn on each other, as each tries to figure out who the killer is.",2003-04-25,"['Mystery', 'Thriller']","['prostitute', 'prisoner', 'psychopath', 'nevada', 'detective', 'rain', 'motel', 'weather', 'ex-cop', 'murder', 'stranded', 'serial killer', 'slasher', 'psychological thriller', 'whodunit', 'storm', 'psychiatrist', 'convict', 'thunderstorm', 'rainstorm', 'split personality', 'mental disorders', 'murder mystery', 'dissociative identity disorder', 'isolated place']","['John Cusack', 'Ray Liotta', 'Amanda Peet', 'John Hawkes', 'Alfred Molina']",James Mangold,7.183,4332,11.9044,90,/sYgimsiBywqVwJI8H4sETke8m7v.jpg
8835,tt0250494,Legally Blonde,Legally Blonde,"Fashionable sorority queen Elle Woods has it all, but, she wants nothing more than to be Mrs. Warner Huntington III. But he dumps her before heading to Harvard Law School. Elle rallies all of her resources and gets into Harvard, determined to win him back. While there, she figures out that there is more to herself than just good looks.",2001-07-13,['Comedy'],"['father murder', 'blonde', 'superficiality', 'beauty salon', 'law school', 'murder', 'cynical', 'girl power', 'toy dog', 'chihuahua dog', 'blonde stereotype', 'proving oneself', 'murder confession']","['Reese Witherspoon', 'Luke Wilson', 'Selma Blair', 'Matthew Davis', 'Victor Garber']",Robert Luketic,6.807,4520,11.8996,96,/9ohlMrJHQqKhfUKh7Zr3JQqHNLZ.jpg
558449,tt9218128,Gladiator II,Gladiator II,"Years after witnessing the death of the revered hero Maximus at the hands of his uncle, Lucius is forced to enter the Colosseum after his home is conquered by the tyrannical Emperors who now lead Rome with an iron fist. With rage in his heart and the future of the Empire at stake, Lucius must look to his past to find strength and honor to return the glory of Rome to its people.",2024-11-13,"['Action', 'Adventure', 'Drama']","['gladiator', 'roman empire', 'ancient rome', 'sequel', 'epic battle', 'family legacy', '3rd century', 'fallen hero', 'political rival', 'evil tyrant', 'sword and sandal', 'sword fighting', 'second part', 'arena combat', 'emperor brothers', 'imperial corruption', 'roman senate']","['Paul Mescal', 'Denzel Washington', 'Pedro Pascal', 'Connie Nielsen', 'Joseph Quinn']",Ridley Scott,6.614,4385,11.8954,148,/2cxhvwyEwRlysAmRH4iodkvo0z5.jpg
420818,tt6105098,The Lion King,The Lion King,"Simba idolizes his father, King Mufasa, and takes to heart his own royal destiny. But not everyone in the kingdom celebrates the new cub's arrival. Scar, Mufasa's brother—and former heir to the throne—has plans of his own. The battle for Pride Rock is ravaged with betrayal, tragedy and drama, ultimately resulting in Simba's exile. With help from a curious pair of newfound friends, Simba will have to figure out how to grow up and take back what is rightfully his.",2019-07-12,"['Adventure', 'Drama', 'Family', 'Animation']","['africa', 'lion', 'prince', 'redemption', 'musical', 'uncle', 'remake', 'grief', 'king', 'family', 'sidekick', 'live action and animation', 'father son relationship', 'live action remake']","['Chiwetel Ejiofor', 'John Oliver', 'Donald Glover', 'James Earl Jones', 'John Kani']",Jon Favreau,7.098,10724,11.8896,118,/dzBtMocZuJbjLOXvrl4zGYigDzh.jpg
297,tt0119643,Meet Joe Black,Meet Joe Black,"Bill Parrish has it all - success, wealth and power. Days before his 65th birthday, he receives a visit from a mysterious stranger, Joe Black, who soon reveals himself as Death. In exchange for extra time, Bill agrees to serve as Joe's earthly guide. But will he regret his choice when Joe unexpectedly falls in love with Bill's beautiful daughter Susan?",1998-11-12,"['Fantasy', 'Drama', 'Romance']","['life and death', 'broken engagement', 'love at first sight', 'fireworks', 'religion and supernatural', 'based on play or musical', 'fate', 'teenage crush', 'grim reaper', 'doctor', 'millionaire', 'death personified', 'death incarnate', 'angel of death', 'romantic', 'appreciative', 'compassionate']","['Brad Pitt', 'Anthony Hopkins', 'Claire Forlani', 'Jake Weber', 'Marcia Gay Harden']",Martin Brest,7.361,5730,11.8818,178,/fDPAjvfPMomkKF7cMRmL5Anak61.jpg
639988,tt1527793,No Other Choice,어쩔수가없다,"After being laid off and humiliated by a ruthless job market, a veteran paper mill manager descends into violence in a desperate bid to reclaim his dignity.",2025-09-24,"['Comedy', 'Crime', 'Thriller']","['based on novel or book', 'dark comedy', 'remake', 'murder', 'unemployment', 'paper industry', 'unemployed', 'devoted family man', 'murder plot']","['Lee Byung-hun', 'Son Ye-jin', 'Park Hee-soon', 'Lee Sung-min', 'Yeom Hye-ran']",Park Chan-wook,7.516,1021,11.8767,140,/sBpxTGLzKnvPSVtL5yQYpSxvKEb.jpg
507086,tt8041270,Jurassic World Dominion,Jurassic World Dominion,"Four years after Isla Nublar was destroyed, dinosaurs now live—and hunt—alongside humans all over the world. This fragile balance will reshape the future and determine, once and for all, whether human beings are to remain the apex predators on a planet they now share with history's most fearsome creatures.",2022-06-01,"['Adventure', 'Science Fiction', 'Thriller']","['paleontology', 'giant monster', 'sequel', 'survival', 'dinosaur', 'scientist', 'child kidnapping', 'animal sanctuary', 'cautionary', 'cliché', 'complicated', 'science goes awry', 'therizinosaurus']","['Chris Pratt', 'Bryce Dallas Howard', 'Laura Dern', 'Sam Neill', 'Jeff Goldblum']",Colin Trevorrow,6.6,7023,11.8428,147,/jbAvCACjLf1ZG0unB2tdmx5HAf1.jpg
6977,tt0477348,No Country for Old Men,No Country for Old Men,"Llewelyn Moss stumbles upon dead bodies, $2 million and a hoard of heroin in a Texas desert, but methodical killer Anton Chigurh comes looking for it, with local sheriff Ed Tom Bell hot on his trail. The roles of prey and predator blur as the violent pursuit of money and justice collide.",2007-11-09,"['Crime', 'Thriller', 'Western']","['vietnam veteran', 'sheriff', 'trailer park', 'based on novel or book', 'hitman', 'psychopath', 'drug trafficking', 'texas', 'motel', 'usa–mexico border', 'drug cartel', 'fate', 'desert', 'modern-day western', 'neo-western', 'tracking device', 'cold blooded killer', 'motel room', 'cartel', 'neo-noir', 'frantic', '1980s', 'mexican cartel', 'drug deal', 'coin toss', 'human nature', 'captive bolt gun', 'western noir', 'horror western', 'faithful adaptation', 'doubtful', 'tragic']","['Javier Bardem', 'Tommy Lee Jones', 'Josh Brolin', 'Woody Harrelson', 'Kelly Macdonald']",Joel Coen,7.95,13259,11.8329,122,/6d5XOczc226jECq0LIX0siKtgHR.jpg
161,tt0240772,Ocean's Eleven,Ocean's Eleven,"Less than 24 hours into his parole, charismatic thief Danny Ocean is already rolling out his next plan: In one night, Danny's hand-picked crew of specialists will attempt to steal more than $150 million from three Las Vegas casinos. But to score the cash, Danny risks his chances of reconciling with ex-wife, Tess.",2001-12-07,"['Thriller', 'Crime']","['casino', 'pickpocket', 'heist', 'con artist', 'remake', 'caper', 'las vegas', 'inside man', 'security guard', 'ex-wife', 'ex-con', 'card dealer', 'explosives expert', 'security system', 'casino owner', 'professional thief', 'fight night', 'master plan', 'computer hacker', 'distractions', 'museum curator', 'casino vault', 'contortionist']","['George Clooney', 'Brad Pitt', 'Andy Garcia', 'Matt Damon', 'Julia Roberts']",Steven Soderbergh,7.458,12511,11.817,116,/hQQCdZrsHtZyR6NbKH2YyCqd2fR.jpg
1181678,tt27391124,¿Quieres ser mi hijo?,¿Quieres ser mi hijo?,"Lu, a conformist woman in her forties, learns that her 15-year partner has been having extramarital affairs. Starting from scratch, she gets involved in an unexpected relationship with a young womanizer.",2023-09-21,"['Comedy', 'Romance']",[],"['Ludwika Paleta', 'Juanpa Zurita', 'Hernán Mendoza', 'Harold Azuara', 'Agustín Arana']",Ihtzi Hurtado,8.472,334,11.8049,100,/9GuvODahvuFqdhuZ16aBLR4UJoP.jpg
57800,tt1667889,Ice Age: Continental Drift,Ice Age: Continental Drift,"Manny, Diego, and Sid embark upon another adventure after their continent is set adrift. Using an iceberg as a ship, they encounter sea creatures and battle pirates as they explore a new world.",2012-06-27,"['Animation', 'Comedy', 'Adventure', 'Family']","['villain', 'sequel', 'prehistory', 'seal (animal)', 'aftercreditsstinger', 'duringcreditsstinger', 'melting ice', 'floating ice', 'land bridge', 'glaciale']","['Ray Romano', 'John Leguizamo', 'Denis Leary', 'Seann William Scott', 'Josh Peck']",Mike Thurmeier,6.384,8081,11.8045,88,/dfp1BZF7FxbBUyzHvMOI9t8NWDD.jpg
630,tt0032138,The Wizard of Oz,The Wizard of Oz,"Young Dorothy finds herself in a magical world where she makes friends with a lion, a scarecrow and a tin man as they make their way along the yellow brick road to talk with the Wizard and ask for the things they miss most in their lives. The Wicked Witch of the West is the only thing that could stop them.",1939-08-15,"['Adventure', 'Fantasy', 'Family']","['witch', 'adolescence', 'dreams', 'based on novel or book', 'secret identity', 'lion', 'tornado', 'twister', 'scarecrow', 'villain', 'musical', 'kansas, usa', 'imaginary land', 'cowardliness', 'monkey', 'female villain', 'fantasy world', 'wizard', 'speculative', 'hourglass', 'christmas', 'red shoes', 'based on young adult novel', 'tin man', 'introspective', 'inspirational', 'amused', 'trying to get home']","['Judy Garland', 'Ray Bolger', 'Jack Haley', 'Bert Lahr', 'Frank Morgan']",Victor Fleming,7.584,6101,11.7963,102,/uCC3j4pV9eOZwzDUWp2ilbcTf1f.jpg
745,tt0167404,The Sixth Sense,The Sixth Sense,"Following an unexpected tragedy, child psychologist Malcolm Crowe meets a nine year old boy named Cole Sear, who is hiding a dark secret.",1999-08-06,"['Mystery', 'Thriller', 'Drama']","['dying and death', 'child abuse', 'philadelphia, pennsylvania', 'sense of guilt', 'afterlife', 'marriage crisis', 'loss of loved one', 'confidence', 'psychology', 'paranormal phenomena', 'single', 'psychological thriller', 'cowardliness', 'single mother', 'school play', 'ghost', 'kids', 'spiritism', 'somber', 'anxious', 'supernatural horror', 'ghost child', 'psychological horror', 'dramatic', 'suspenseful', 'supernatural thriller']","['Bruce Willis', 'Haley Joel Osment', 'Toni Collette', 'Olivia Williams', 'Trevor Morgan']",M. Night Shyamalan,7.951,12820,11.7887,107,/vOyfUXNFSnaTk7Vk5AjpsKTUWsu.jpg
1314786,tt32880540,Agent Zeta,Zeta,"Four Spanish ex-intelligence officers are assassinated simultaneously worldwide. The CNI discovers all participated in the covert ""Operation Ciénaga"" decades ago in Colombia. Zeta, the CNI's best operative, must hunt and protect the sole survivor, facing his deadliest global mission yet. Top Colombian agent Alfa will join Zeta, seemingly knowing more about ""Ciénaga""'s secrets than him.",2026-03-20,"['Drama', 'Thriller']","['spy thriller', 'disheartening']","['Mario Casas', 'Mariela Garriga', 'Luis Zahera', 'Nora Navas', 'Christian Tappan']",Dani de la Torre,6.63,142,11.773,133,/1cKLG9KMoCjsgFB8Nw1EuglteVi.jpg
73861,tt1273235,A Serbian Film,Srpski film,"Retired porn star Milos leads a normal family life trying to make ends meet. Presented with the opportunity of a lifetime to financially support his family for the rest of their lives, Milos must participate in one last mysterious film. From then on, Milos is drawn into a maelstrom of unbelievable cruelty and mayhem.",2010-01-06,"['Crime', 'Horror', 'Thriller']","['mask', 'pedophilia', 'suicide', 'pornography', 'rape', 'sexual abuse', 'sadism', 'necrophilia', 'insanity', 'perversity', 'masochism', 'controversy', 'snuff', 'gore', 'sadomasochism', 'porn star', 'serbia', 'sexual violence', 'murder', 'statutory rape', 'torture', 'fear', 'rape and murder', 'brutality', 'sexual sadism', 'incest', 'evil', 'sexual torture', 'depravity', 'infanticide', 'murder by gunshot', 'child sexual abuse', 'shocksploitation', 'low budget', 'banned film', 'male rape', 'child homicide', 'sexual brutality', 'sexual cruelty']","[""Srđan 'Žika' Todorović"", 'Sergej Trifunović', 'Jelena Gavrilović', 'Slobodan Beštić', 'Katarina Žutić']",Srđan Spasojević,5.443,2207,11.756,104,/yIQqiw3Az5QYNHLCUoCTtxXH24G.jpg
321612,tt2771200,Beauty and the Beast,Beauty and the Beast,A live-action adaptation of Disney's version of the classic tale of a cursed prince and a beautiful young woman who helps him break the spell.,2017-03-16,"['Family', 'Fantasy', 'Romance']","['france', 'magic', 'fairy tale', 'transformation', 'cartoon', 'castle', 'musical', 'remake', 'curse', 'creature', '18th century', 'beast', 'live action and animation', 'live action remake', 'fairy-tale adaptation']","['Emma Watson', 'Dan Stevens', 'Luke Evans', 'Kevin Kline', 'Emma Thompson']",Bill Condon,6.968,15986,11.7446,129,/hKegSKIDep2ewJWPUQD7u0KqFIp.jpg
1302007,tt32408435,Kaulayaw,Kaulayaw,"Two college schoolmates venture into the world of cybersex to support their needs. They fulfill their fans' sexual fantasy only to realized that they too, are falling for each other.",2024-07-18,['Drama'],"['lesbian relationship', 'lesbian', ""girls' love (gl)"", 'lesbian kiss']","['Micaella Raz', 'Matthew Francisco', 'Robb Guinto', 'Adelaide Sojo', 'Dante Navat']",Iar Arondaing,5.833,6,11.737,48,/qifjfp5a2gHQ0WsGhTvlamPshnH.jpg
82690,tt1772341,Wreck-It Ralph,Wreck-It Ralph,"Wreck-It Ralph is the 9-foot-tall, 643-pound villain of an arcade video game named Fix-It Felix Jr., in which the game's titular hero fixes buildings that Ralph destroys. Wanting to prove he can be a good guy and not just a villain, Ralph escapes his game and lands in Hero's Duty, a first-person shooter where he helps the game's hero battle against alien invaders. He later enters Sugar Rush, a kart racing game set on tracks made of candies, cookies and other sweets. There, Ralph meets Vanellope von Schweetz who has learned that her game is faced with a dire threat that could affect the entire arcade, and one that Ralph may have inadvertently started.",2012-11-01,"['Family', 'Animation', 'Comedy', 'Adventure']","['video game', 'support group', 'villain', 'bullying', 'medal', 'product placement', 'jail', 'racing', 'arcade', 'self esteem', 'curiosity', 'precocious child', 'aftercreditsstinger', 'duringcreditsstinger', 'first person shooter', 'glitch', 'carefree', 'interrupted wedding', 'social reject', 'escape from jail', 'hoverboard', '3d animation', 'inspirational', 'admiring', 'joyful']","['John C. Reilly', 'Sarah Silverman', 'Jack McBrayer', 'Jane Lynch', 'Alan Tudyk']",Rich Moore,7.355,13043,11.7329,101,/fiHyt6UmG4yjcXFt9Cbpw6OedHh.jpg
1209511,tt30460421,Love Insurance Kompany,லவ் இன்சூரன்ஸ் கம்பெனி,"In 2040, an app premised on ensuring romance for all is used widely by the population. When the voice behind the app's AI realizes its misconception to true love, he embarks on a quest to prove that love does not come from a screen.",2026-04-10,"['Romance', 'Science Fiction', 'Comedy']","['artificial intelligence (a.i.)', 'futuristic society', 'robots']","['Pradeep Ranganathan', 'Krithi Shetty', 'S. J. Suryah', 'Yogi Babu', 'Gouri G Kishan']",Vignesh Shivan,5.0,5,11.7323,157,/1IIUWMKzNVvI6YJX8BKE6EJ9bVd.jpg
1572073,tt37455571,The Deadly Little Mermaid,The Deadly Little Mermaid,"Some secrets are better left at the bottom of the ocean. Once she's in your house, there is no escape. When a struggling artist pulls a beautiful, unconscious woman from the freezing coastal waters, he thinks he’s performed a miracle. But as she recovers within the walls of his secluded home, a series of unsettling events leads him to a terrifying realization: her presence is no coincidence. She is inextricably linked to the same watery grave that claimed his family years ago.",2026-03-06,['Horror'],[],"['Elliott Eason', 'Sophia Carroll', 'Eleanor Mackenzie', 'Anastasia Nikolaeva', 'Maddy Baskerville']",Cameron Uzoka,4.98,25,11.7294,80,/uye25uG7k8r3NNPLyPiKOiRnFRF.jpg
1954,tt0289879,The Butterfly Effect,The Butterfly Effect,"A young man struggles to access sublimated childhood memories. He finds a technique that allows him to travel back into the past, to occupy his childhood body and change history. However, he soon finds that every change he makes has unexpected consequences.",2004-01-17,"['Science Fiction', 'Thriller']","['prison', 'mind control', 'child abuse', 'amnesia', 'sacrifice', 'chaos theory', 'blackout', 'trauma', 'diary', 'time travel', 'flashback', 'bully', 'love', 'memory loss', 'psychiatrist', 'therapy', 'childhood']","['Ashton Kutcher', 'Amy Smart', 'Melora Walters', 'Elden Henson', 'William Lee Scott']",J. Mackye Gruber,7.577,8203,11.7277,113,/ea5iv7TWMh18fOKoRGgmtcg85Gx.jpg
999136,tt3515878,Do Not Enter,Do Not Enter,"A group of young explorers investigates an old abandoned hotel, only to encounter a strange supernatural being and a competing group looking for a legendary hidden treasure.",2026-03-19,['Horror'],"['hotel', 'new jersey', 'based on novel or book', 'supernatural creature', 'million in cash', 'urban exploration', 'abandoned building', 'urban explorers', 'supernatural horror', 'abandoned hotel']","['Francesca Reale', 'Nicholas Hamilton', 'Adeline Rudolph', 'Jake Manley', 'Shane Paul McGhie']",Marc Klasfeld,5.7,85,11.7071,91,/stM9N7eJmHKLmFR59JG4tLdN7Wk.jpg
22512,tt0164877,"Sex, Shame & Tears","Sexo, pudor y lágrimas","A comedic drama featuring two couples and two old friends in Mexico City. Tomas visits Carlos and Ana, while Miguel and Andrea are joined by Maria. The presence of guests triggers lust, rejection, infidelities, reconciliation and other consequences.",1999-06-18,"['Comedy', 'Drama', 'Romance']","['friendship', 'mexico city, mexico', 'married couple', 'romcom']","['Demián Bichir', 'Susana Zabaleta', 'Jorge Salinas', 'Cecilia Suárez', 'Víctor Huggo Martin']",Antonio Serrano,6.588,147,11.7061,110,/1j3TiCXSguHi3IGumXKpQymvUKH.jpg
1418657,tt14500286,The Yeti,The Yeti,"When an oil tycoon and a famous adventurer vanish into the harsh winter of remote northern Alaska, a hand-picked rescue team endeavors to bring them home. What they don’t know is that they are trespassing on The Yeti’s territory, and the elements are the least of their worries.",2026-04-04,"['Horror', 'Thriller']","['yeti', 'alaska', 'creature feature', 'based on short film', 'missing']","['Brittany Allen', 'Eric Nelsen', 'Corbin Bernsen', 'William Sadler', 'Heather Lind']",Gene Gallerano,6.744,45,11.7054,93,/zaqEfoKcWkVni2eONhJ7DRhMO8Q.jpg
82023,tt2080323,Hotel Desire,Hotel Desire,"Antonia is a single mother who works as a hotel maid in Berlin. A normal hot summer day takes a dramatic turn when she crosses paths with a particular guest of the hotel, famous blind portrait painter Julius Pass.",2011-12-07,"['Drama', 'Romance']","['hotel', 'sexuality', 'kiss', 'maid', 'single mother', 'softcore', 'blind man', 'caress', 'short film']","['Saralisa Volm', 'Clemens Schick', 'Jan-Gregor Kremp', 'Herbert Knaup', 'Palina Rojinski']",Sergej Moya,6.171,146,11.6807,38,/47XRWH95ATv4szxdWHl723guWXP.jpg
974576,tt20215234,Conclave,Conclave,"After the unexpected death of the Pope, Cardinal Lawrence is tasked with managing the covert and ancient ritual of electing a new one. Sequestered in the Vatican with the Catholic Church’s most powerful leaders until the process is complete, Lawrence finds himself at the center of a conspiracy that could lead to its downfall.",2024-10-25,"['Drama', 'Thriller']","['vatican (holy see)', 'pope', 'religion', 'election', 'roman catholic church', 'catholicism', 'cardinal', 'philosophical', 'papal conclave', 'introspective', 'provocative', 'conspiracy thriller', 'critical', 'catholic monarchs', 'intense', 'comforting']","['Ralph Fiennes', 'Stanley Tucci', 'John Lithgow', 'Isabella Rossellini', 'Lucian Msamati']",Edward Berger,7.188,3372,11.6662,120,/vYEyxF1UT779RiEalpMjUT6kfdf.jpg
399566,tt5034838,Godzilla vs. Kong,Godzilla vs. Kong,"In a time when monsters walk the Earth, humanity’s fight for its future sets Godzilla and Kong on a collision course that will see the two most powerful forces of nature on the planet collide in a spectacular battle for the ages.",2021-03-24,"['Action', 'Science Fiction', 'Adventure']","['giant monster', 'dinosaur', 'creature feature', 'kaiju', 'sign languages', 'giant ape', 'godzilla', 'robot dinosaur', 'king kong', 'cliché']","['Alexander Skarsgård', 'Rebecca Hall', 'Kaylee Hottle', 'Brian Tyree Henry', 'Millie Bobby Brown']",Adam Wingard,7.536,10605,11.6534,114,/pgqgaUx1cJb5oZQQ5v0tNARCeBp.jpg
122906,tt2194499,About Time,About Time,"The night after another unsatisfactory New Year's party, Tim's father reveals to him that the men in their family have the ability to travel through time. They can't change history, but they can change what happens and has happened in their own lives. Thus begins the start of a lesson in learning to appreciate life itself as it is, as it comes, and most importantly, the people living alongside us.",2013-09-04,"['Drama', 'Romance', 'Fantasy']","['london, england', 'soulmates', 'parent child relationship', 'time travel', 'family secrets', 'cornwall, england', 'family', 'second chance', 'time-manipulation', 'reflective', 'playful', 'introspective', 'inspirational', 'intimate', 'sentimental', 'whimsical', 'admiring', 'adoring', 'amused', 'appreciative', 'celebratory', 'comforting', 'compassionate', 'exuberant', 'hopeful', 'viajes en el tiempo', 'viaje en el tiempo']","['Domhnall Gleeson', 'Rachel McAdams', 'Bill Nighy', 'Tom Hollander', 'Margot Robbie']",Richard Curtis,7.906,9240,11.6511,123,/ls6zswrOZVhCXQBh96DlbnLBajM.jpg
374720,tt5013056,Dunkirk,Dunkirk,"The story of the miraculous evacuation of Allied soldiers from Belgium, Britain, Canada and France, who were cut off and surrounded by the German army from the beaches and harbour of Dunkirk between May 26th and June 4th 1940 during World War II.",2017-07-19,"['War', 'Action', 'Drama']","['army', 'beach', 'france', 'allies', 'raf (royal air force)', 'military officer', 'world war ii', 'evacuation', 'pilot', 'british army', 'rescue mission', 'europe', 'based on true story', 'royal navy', 'survival', 'historical fiction', 'soldier', 'period drama', 'private', 'military', 'dunkirk', '1940s', 'dreary', 'suspenseful', 'intense', 'depressing', 'awestruck', 'compassionate', 'foreboding', 'best picture nominee', 'oscar winner']","['Fionn Whitehead', 'Tom Hardy', 'Mark Rylance', 'Kenneth Branagh', 'Cillian Murphy']",Christopher Nolan,7.452,17531,11.6395,107,/b4Oe15CGLL61Ped0RAS9JpqdmCt.jpg
1363123,tt34276058,The Family Plan 2,The Family Plan 2,"Now that Dan's assassin days are behind him, all he wants for Christmas is quality time with his kids. But when he learns his daughter has her own plans, he books a family trip to London—putting them all in the crosshairs of an unexpected enemy.",2025-11-11,"['Action', 'Comedy']",['europe vacation'],"['Mark Wahlberg', 'Michelle Monaghan', 'Kit Harington', 'Zoe Colletti', 'Van Crosby']",Simon Cellan Jones,6.5,559,11.6346,106,/semFxuYx6HcrkZzslgAkBqfJvZk.jpg
245891,tt2911666,John Wick,John Wick,Ex-hitman John Wick comes out of retirement to track down the gangsters that took everything from him.,2014-10-22,"['Action', 'Thriller']","['hitman', 'bratva (russian mafia)', 'gangster', 'secret organization', 'revenge', 'murder', 'dog', 'retired', 'widower']","['Keanu Reeves', 'Michael Nyqvist', 'Alfie Allen', 'Willem Dafoe', 'Dean Winters']",Chad Stahelski,7.454,20777,11.6262,101,/wXqWR7dHncNRbxoEGybEy7QTe9h.jpg
948,tt0077651,Halloween,Halloween,"Fifteen years after murdering his sister on Halloween Night 1963, Michael Myers escapes from a mental hospital and returns to the small town of Haddonfield, Illinois to kill again.",1978-10-24,"['Horror', 'Thriller']","['mask', 'police', 'halloween', 'babysitter', 'marijuana', 'stalking', 'serial killer', 'maniac', 'killing spree', 'family', 'evil', 'psychotic', 'escaped killer']","['Donald Pleasence', 'Jamie Lee Curtis', 'Nancy Kyes', 'P. J. Soles', 'Charles Cyphers']",John Carpenter,7.6,6157,11.616,91,/wijlZ3HaYMvlDTPqJoTCWKFkCPU.jpg
152601,tt1798709,Her,Her,"In the not so distant future, Theodore, a lonely writer, purchases a newly developed operating system designed to meet the user's every need. To Theodore's surprise, a romantic relationship develops between him and his operating system. This unconventional love story blends science fiction and romance in a sweet tale that explores the nature of love and the ways that technology isolates and connects us all.",2013-12-18,"['Romance', 'Science Fiction', 'Drama']","['future', 'artificial intelligence (a.i.)', 'computer', 'satire', 'love', 'loneliness', 'transhumanism', 'los angeles, california', 'heartbreak', 'semi autobiographical', 'speculative', 'singularity', 'near future', 'serene', 'intimate', 'provocative', 'dramatic', 'comforting', 'operating system']","['Joaquin Phoenix', 'Scarlett Johansson', 'Lynn Adrianna', 'Lisa Renee Pitts', 'Gabe Gomez']",Spike Jonze,7.839,15268,11.6131,126,/eCOtqtfvn7mxGl6nfmq4b1exJRc.jpg
10494,tt0156887,Perfect Blue,PERFECT BLUE,"Rising pop star Mima quits singing to pursue a career as an actress. After she takes up a role on a popular detective show, her handlers and collaborators begin turning up murdered. Harboring feelings of guilt and haunted by visions of her former self, Mima's reality and fantasy meld into a frenzied paranoia.",1998-02-28,"['Animation', 'Thriller']","['career', 'based on novel or book', 'paranoia', 'stalker', 'celebrity', 'singer', 'fame', 'female protagonist', 'psychological thriller', 'mental illness', 'madness', 'split personality', 'adult animation', 'j-pop', 'celebrity worship', 'anime', 'aspiring actress', 'psychological', 'suspense', 'avant garde', 'horror']","['Junko Iwao', 'Rica Matsumoto', 'Shiho Niiyama', 'Masaaki Okura', 'Shinpachi Tsuji']",Satoshi Kon,8.3,3167,11.5808,82,/6WTiOCfDPP8XV4jqfloiVWf7KHq.jpg
270946,tt1911658,Penguins of Madagascar,Penguins of Madagascar,"Skipper, Kowalski, Rico and Private join forces with undercover organization The North Wind to stop the villainous Dr. Octavius Brine from destroying the world as we know it.",2014-11-22,"['Family', 'Animation', 'Adventure', 'Comedy']","['rescue', 'wolf', 'octopus', 'spy', 'zoo', 'penguin', 'cartoon', 'villain', 'madagascar', 'anthropomorphism', 'revenge', 'spin off', 'animals', 'aftercreditsstinger', 'duringcreditsstinger', 'talking animal']","['Tom McGrath', 'Chris Miller', 'Christopher Knights', 'Conrad Vernon', 'John Malkovich']",Simon J. Smith,6.531,4455,11.5755,92,/dXbpNrPDZDMEbujFoOxmMNQVMHa.jpg
57158,tt1170358,The Hobbit: The Desolation of Smaug,The Hobbit: The Desolation of Smaug,"The Dwarves, Bilbo and Gandalf have successfully escaped the Misty Mountains, and Bilbo has gained the One Ring. They all continue their journey to get their gold back from the Dragon, Smaug.",2013-12-11,"['Fantasy', 'Adventure', 'Action']","['gold', 'lake', 'based on novel or book', 'elves', 'dwarf', 'shapeshifting', 'mountain', 'giant spider', 'melancholy', 'sequel', 'bear', 'troll', 'dragon', 'turns into animal', 'barrel', 'fantasy world', 'wizard', 'journey', 'ring', 'invisibility', 'captured', 'live action and animation', 'high fantasy', 'sword and sorcery', 'trekking', 'good versus evil', 'earnest', 'sincere']","['Ian McKellen', 'Martin Freeman', 'Richard Armitage', 'Benedict Cumberbatch', 'Orlando Bloom']",Peter Jackson,7.578,14164,11.5599,161,/xQYiXsheRCDBA39DOrmaw1aSpbk.jpg
1734,tt0209163,The Mummy Returns,The Mummy Returns,"Rick and Evelyn O’Connell, along with their 8-year-old son Alex, discover the key to the legendary Scorpion King’s might: the fabled Bracelet of Anubis. Unfortunately, a newly resurrected Imhotep has designs on the bracelet as well, and isn’t above kidnapping its new bearer, Alex, to gain control of Anubis’s otherworldly army.",2001-05-04,"['Adventure', 'Action', 'Fantasy']","['egypt', 'pyramid', 'son', 'mummy', 'nile', 'sequel', 'tomb', 'ancient egypt', '1930s', 'egyptian tomb', 'good versus evil', 'witty']","['Brendan Fraser', 'Rachel Weisz', 'John Hannah', 'Oded Fehr', 'Arnold Vosloo']",Stephen Sommers,6.4,7643,11.5598,130,/kdJsW7hcy1lrj7tdMPycTAQPAiR.jpg
786892,tt12037194,Furiosa: A Mad Max Saga,Furiosa: A Mad Max Saga,"As the world falls, young Furiosa is snatched from the Green Place of Many Mothers into the hands of a great biker horde led by the warlord Dementus. Sweeping through the wasteland, they encounter the citadel presided over by Immortan Joe. The two tyrants wage war for dominance, and Furiosa must survive many trials as she puts together the means to find her way home.",2024-05-22,"['Action', 'Science Fiction', 'Adventure']","['chase', 'post-apocalyptic future', 'warlord', 'prequel', 'wasteland', 'spin off', 'struggle for survival', 'desert', 'tyrant', 'tyranny', 'masculinity', 'revenge murderer', 'mother daughter relationship', 'child abduction', 'car']","['Anya Taylor-Joy', 'Chris Hemsworth', 'Tom Burke', 'Alyla Browne', 'George Shevtsov']",George Miller,7.456,4837,11.529,149,/iADOJ8Zymht2JPMoy3R7xceZprc.jpg
10997,tt0106332,Farewell My Concubine,霸王别姬,"In an epic tale of theater, gender, love and class, two Beijing opera actors navigate political turmoil as their friendship evolves over decades.",1993-01-01,['Drama'],"['china', 'society', 'transvestite', 'cultural revolution', 'woman between two men', 'best friend', 'beijing, china', 'lgbt', 'chinese opera', 'female impersonator', 'severed finger']","['Leslie Cheung', 'Zhang Fengyi', 'Gong Li', 'Lü Qi', 'Ying Da']",Chen Kaige,7.9,676,11.4894,171,/f54hNIiHNINw3JiUJB2XaQl5wCN.jpg
447332,tt6644200,A Quiet Place,A Quiet Place,A family is forced to live in silence while hiding from creatures that hunt by sound.,2018-04-03,"['Horror', 'Drama', 'Science Fiction']","['pregnancy', 'fireworks', 'deaf', 'post-apocalyptic future', 'alien life-form', 'child in peril', 'creature', 'alien invasion', 'parenting', 'survival horror', 'alien monster', 'human vs alien', 'sign languages', 'hostile', 'anxious', 'dreary', 'quiet', 'upstate new york', 'psychological horror', 'sci-fi horror', 'frightened']","['Emily Blunt', 'John Krasinski', 'Millicent Simmonds', 'Noah Jupe', 'Cade Woodward']",John Krasinski,7.392,15297,11.4858,91,/nAU74GmpUk7t5iklEp3bufwDq4n.jpg
566525,tt9376612,Shang-Chi and the Legend of the Ten Rings,Shang-Chi and the Legend of the Ten Rings,Shang-Chi must confront the past he thought he left behind when he is drawn into the web of the mysterious Ten Rings organization.,2021-09-01,"['Action', 'Adventure', 'Fantasy']","['martial arts', 'superhero', 'based on comic', 'mixed martial arts (mma)', 'east asian lead', 'aftercreditsstinger', 'duringcreditsstinger', 'marvel cinematic universe (mcu)', 'father son relationship']","['Simu Liu', 'Tony Leung Chiu-wai', 'Awkwafina', 'Ben Kingsley', ""Zhang Meng'er""]",Destin Daniel Cretton,7.5,10349,11.4821,132,/9f2Q0U3IOsLgrI2HkvldwSABZy5.jpg
260513,tt3606756,Incredibles 2,Incredibles 2,"Elastigirl springs into action to save the day, while Mr. Incredible faces his greatest challenge yet – taking care of the problems of his three children.",2018-06-14,"['Action', 'Adventure', 'Animation', 'Family']","['married couple', 'superhero', 'cartoon', 'villain', 'sequel', 'parenting', 'family', 'super power', 'female villain', 'supervillain', 'inspirational', 'excited', 'colorful']","['Craig T. Nelson', 'Holly Hunter', 'Sarah Vowell', 'Huck Milner', 'Catherine Keener']",Brad Bird,7.452,13650,11.4708,118,/9lFKBtaVIhP7E2Pk0IY1CwTKTMZ.jpg
439079,tt5814060,The Nun,The Nun,A priest with a dark past and a novice nearing her final vows are sent by the Vatican to Romania to investigate a nun's death and face a demonic force.,2018-09-05,['Horror'],"['rome, italy', 'nun', 'supernatural', 'exorcism', 'halloween', 'father', 'priest', 'spirit', 'demon', 'spin off', 'evil nun', 'demonic possession', 'romania', 'murder mystery', 'ancient evil']","['Taissa Farmiga', 'Demián Bichir', 'Bonnie Aarons', 'Jonas Bloquet', 'Ingrid Bisu']",Corin Hardy,5.904,7153,11.4625,96,/sFC1ElvoKGdHJIWRpNB3xWJ9lJA.jpg
1284120,tt29344903,The Ugly Stepsister,Den stygge stesøsteren,"In a fairy-tale kingdom where beauty is a brutal business, Elvira battles to compete with her incredibly beautiful stepsister, and she will go to any length to catch the prince’s eye.",2025-03-07,"['Horror', 'Comedy', 'Drama']","['satire', 'based on fairy tale', 'beauty standards', 'stepmother stepdaughter relationship', 'independent film', 'body horror', 'psychological horror', 'horror', 'cinderella story', 'baffled', 'exuberant', 'forceful']","['Lea Myren', 'Ane Dahl Torp', 'Thea Sofie Loch Næss', 'Flo Fagerli', 'Isac Calmroth']",Emilie Blichfeldt,7.312,1146,11.4622,109,/rayAREIKtSinuov10GvrZHyXfXH.jpg
5175,tt0266915,Rush Hour 2,Rush Hour 2,"It's vacation time for Carter as he finds himself alongside Lee in Hong Kong wishing for more excitement. While Carter wants to party and meet the ladies, Lee is out to track down a Triad gang lord who may be responsible for killing two men at the American Embassy. Things get complicated as the pair stumble onto a counterfeiting plot. The boys are soon up to their necks in fist fights and life-threatening situations. A trip back to the U.S. may provide the answers about the bombing, the counterfeiting, and the true allegiance of sexy customs agent Isabella.",2001-08-03,"['Action', 'Comedy', 'Crime']","['martial arts', 'los angeles, california', 'criminal investigation', 'interracial friendship', 'buddy cop', 'duringcreditsstinger', 'action hero', 'good versus evil']","['Jackie Chan', 'Chris Tucker', 'John Lone', 'Roselyn Sánchez', 'Zhang Ziyi']",Brett Ratner,6.761,4577,11.4612,90,/aBQf2vMiCINeVC9v6BGVYKXurTh.jpg
436270,tt6443346,Black Adam,Black Adam,"Nearly 5,000 years after he was bestowed with the almighty powers of the Egyptian gods—and imprisoned just as quickly—Black Adam is freed from his earthly tomb, ready to unleash his unique form of justice on the modern world.",2022-10-19,"['Action', 'Adventure', 'Science Fiction']","['lightning', 'superhero', 'anti hero', 'based on comic', 'demon', 'superhero team', 'duringcreditsstinger', 'dc extended universe (dceu)', 'egotistical']","['Dwayne Johnson', 'Aldis Hodge', 'Noah Centineo', 'Sarah Shahi', 'Quintessa Swindell']",Jaume Collet-Serra,6.808,6999,11.4432,125,/rCtreCr4xiYEWDQTebybolIh6Xe.jpg
60898,tt0100014,Erotic Ghost Story,聊齋艷譚,"After one thousand years, three vixens transform into humans. They seduce a poor young scholar who soon finds himself in a horrifying situation.",1990-05-19,"['Fantasy', 'Drama', 'Horror']",[],"['Amy Yip Chi-Mei', 'Man Siu', 'Hitomi Kudô', 'Pal Sinn Lap-Man', 'Susan Ha Chi-Chun']",Lam Nai-Choi,6.2,94,11.4261,88,/fTUCwsxVoLFuodAtlL6aITP1B45.jpg
1724,tt0800080,The Incredible Hulk,The Incredible Hulk,"Scientist Bruce Banner scours the planet for an antidote to the unbridled force of rage within him: the Hulk. But when the military masterminds who dream of exploiting his powers force him back to civilization, he finds himself coming face to face with a new, deadly foe.",2008-06-12,"['Science Fiction', 'Action', 'Adventure']","['new york city', 'rio de janeiro', 'superhero', 'based on comic', 'fugitive', 'on the run', 'super soldier', 'scientist', 'virginia', 'military', 'super villain', 'marvel cinematic universe (mcu)', 'radical transformation', 'good versus evil', 'intimate']","['Edward Norton', 'Liv Tyler', 'Tim Roth', 'William Hurt', 'Tim Blake Nelson']",Louis Leterrier,6.237,12652,11.4239,114,/gKzYx79y0AQTL4UAk1cBQJ3nvrm.jpg
853315,,Adultery Alumni Association 3,불륜 동창회3,"Yeon-woo is reunited with her first love, Yoon-jeong, at a reunion after returning from America. While her husband is on a business trip, Yoon Jeong-eun calls Yeon-woo to her house and has sex. Yoon-jeong's husband, Jun-hyeok, finds another man's hair in the bed and visits Yeon-woo to warn him. Yoon-jung comes to Yeon-woo with a complicated heart. The two have sex once again and confirm their love...",2020-11-09,"['Drama', 'Romance']",['softcore'],"['Seung Ha', 'Seo Won', 'Min Do-yoon', 'Yoon Yool', 'Kang Min-woo']",Jo Tae-ho,7.3,13,11.421,74,/azNqGqZEKKHJ2z8iOoMszQLPLBT.jpg
46195,tt1436562,Rio,Rio,"Captured by smugglers when he was just a hatchling, a macaw named Blu never learned to fly and lives a happily domesticated life in Minnesota with his human friend, Linda. Blu is thought to be the last of his kind, but when word comes that Jewel, a lone female, lives in Rio de Janeiro, Blu and Linda go to meet her. Animal smugglers kidnap Blu and Jewel, but the pair soon escape and begin a perilous adventure back to freedom -- and Linda.",2011-04-03,"['Animation', 'Adventure', 'Comedy', 'Family']","['rio de janeiro', 'pet', 'villain', 'carnival', 'parrot', 'musical', 'canary', 'jungle', 'samba', 'animals', 'duringcreditsstinger', 'pets', 'cartoon bird', 'brazil', 'smugglers']","['Jesse Eisenberg', 'Anne Hathaway', 'Leslie Mann', 'Jane Lynch', 'will.i.am']",Carlos Saldanha,6.764,7156,11.4132,96,/4nJxhUknKV8Gqdhov8pU1YWDYfb.jpg
411088,tt4857264,The Invisible Guest,Contratiempo,"Barcelona, Spain. Adrián Doria, a young and successful businessman accused of murder, meets one night with Virginia Goodman, an expert interrogation lawyer, in order to devise a defense strategy.",2017-01-06,"['Drama', 'Mystery', 'Thriller']","['barcelona, spain', 'businessman', 'falsely accused', 'manipulative lover', 'unreliable narrator', 'hidden truth', 'grieving father', 'accused of murder', 'mountain resort', 'locked room mystery', 'defense lawyer', 'psychological tension', 'hidden motives', 'alibi construction']","['Mario Casas', 'Ana Wagener', 'Jose Coronado', 'Bárbara Lennie', 'Francesc Orella']",Oriol Paulo,8.081,4960,11.4104,107,/fptnZJbLzKUHeNlYrAynbyoL5YJ.jpg
615,tt0335345,The Passion of the Christ,The Passion of the Christ,A graphic portrayal of the last twelve hours of Jesus of Nazareth's life.,2004-02-25,['Drama'],"['mission', 'suffering', 'roman empire', 'christianity', 'jewry', 'roman', 'crucifixion', 'apostle', 'last supper', 'bible', 'satan', 'easter', 'torture', 'brutality', 'shocking', 'jesus christ', 'complex', 'christian film', 'aramaic', 'rosario', 'blood', 'provocative', 'ancient language film', 'bold']","['Jim Caviezel', 'Maia Morgenstern', 'Christo Jivkov', 'Francesco De Vito', 'Monica Bellucci']",Mel Gibson,7.538,5187,11.3935,127,/rBM5o2HpmCfDejuIPybI09tkY3V.jpg
11970,tt0119282,Hercules,Hercules,"Bestowed with superhuman strength, a young mortal named Hercules sets out to prove himself a hero in the eyes of his father, the great god Zeus. Along with his friends Pegasus, a flying horse, and Phil, a personal trainer, Hercules is tricked by the hilarious, hotheaded villain Hades, who's plotting to take over Mount Olympus!",1997-06-13,"['Animation', 'Family', 'Fantasy', 'Adventure', 'Comedy', 'Romance']","['peasant', 'hades', 'cartoon', 'villain', 'musical', 'pegasus', 'zeus', 'coming of age', 'ancient greece', 'aftercreditsstinger', 'olympus', 'hercules', 'worth', 'playful', 'hopeful']","['Tate Donovan', 'Josh Keaton', 'Roger Bart', 'Danny DeVito', 'James Woods']",John Musker,7.491,7908,11.3903,93,/dK9rNoC97tgX3xXg5zdxFisdfcp.jpg
1286014,,Suzume Lovely Tropical Bird・美乃すずめ,Suzume Lovely Tropical Bird・美乃すずめ,"A beautiful girl with a mysterious attraction and softly swaying G-cups! Enjoy the lovely chirping of Suzume and her beautiful body, captured in the south of Japan!",2021-02-18,[],['softcore'],['Mino Suzume'],,0.0,0,11.383,91,/xflgAG6OCwljXx5t7WF11ig03Ch.jpg
109428,tt1288558,Evil Dead,Evil Dead,"Mia, a drug addict, is determined to kick the habit. To that end, she asks her brother, David, his girlfriend, Natalie and their friends Olivia and Eric to accompany her to their family's remote forest cabin to help her through withdrawal. Eric finds a mysterious Book of the Dead at the cabin and reads aloud from it, awakening an ancient demon. All hell breaks loose when the malevolent entity possesses Mia.",2013-04-05,['Horror'],"['evil spirit', 'remake', 'demon', 'survival horror', 'book of the dead', 'necronomicon', 'aftercreditsstinger', 'duringcreditsstinger', 'supernatural power', 'lovecraftian', 'whimsical']","['Jane Levy', 'Shiloh Fernandez', 'Lou Taylor Pucci', 'Jessica Lucas', 'Elizabeth Blackmore']",Fede Álvarez,6.595,5010,11.3646,91,/1gDV0Lm9y8ufIKzyf0h0GBgb9Zj.jpg
8392,tt0096283,My Neighbor Totoro,となりのトトロ,"Two sisters move to the country with their father in order to be closer to their hospitalized mother, and discover the surrounding trees are inhabited by Totoros, magical spirits of the forest. When the youngest runs away from home, the older sister seeks help from the spirits to find her.",1988-04-16,"['Fantasy', 'Animation', 'Family']","['mother', 'sibling relationship', 'village', 'leave', 'rural area', 'hospital', 'new neighbor', 'new home', 'super power', 'magical creature', 'anime']","['Noriko Hidaka', 'Chika Sakamoto', 'Hitoshi Takagi', 'Shigesato Itoi', 'Sumi Shimamoto']",Hayao Miyazaki,8.1,8782,11.3569,86,/rtGDOeG9LzoerkDGZF9dnVeLppL.jpg
381284,tt4846340,Hidden Figures,Hidden Figures,"The untold story of Katherine G. Johnson, Dorothy Vaughan and Mary Jackson – brilliant African-American women working at NASA and serving as the brains behind one of the greatest operations in history – the launch of astronaut John Glenn into orbit. The visionary trio crossed all gender and race lines to inspire generations to dream big.",2016-12-10,"['Drama', 'History']","['nasa', 'mathematics', 'sexism', 'biography', 'racial segregation', 'racism', 'historical fiction', 'scientist', 'space race', 'discrimination', '1960s', 'space program', 'african american history', 'apologetic', 'arrogant', 'authoritarian', 'callous', 'condescending', 'disrespectful', 'frustrated']","['Taraji P. Henson', 'Octavia Spencer', 'Janelle Monáe', 'Kevin Costner', 'Kirsten Dunst']",Theodore Melfi,8.041,10399,11.3538,127,/9lfz2W2uGjyow3am00rsPJ8iOyq.jpg
9820,tt0120783,The Parent Trap,The Parent Trap,"Hallie Parker and Annie James are identical twins who were separated at a young age due to their parents' divorce. Unbeknownst to their parents, the girls are sent to the same summer camp, where they meet, discover the truth about their relationship, and come up with a plan to switch places in an effort to reunite their mother and father.",1998-07-28,"['Comedy', 'Family', 'Romance']","['california', 'summer camp', 'twin sister', 'remake', 'matchmaking', 'family reunion', 'wedding dress', 'gold digger', 'twins separated at birth', 'identity swap', 'father daughter reunion', 'divorced parents', 'woman director', 'mother daughter reunion', 'napa valley', 'sleepaway camp', 'father daughter relationship', 'mother daughter relationship', 'sister sister relationship', 'stop wedding', 'parent child reunion', 'age-gap relationship', 'long lost sibling', 'identical twins', 'cheerful', 'wedding sabotage', 'wine collection']","['Lindsay Lohan', 'Dennis Quaid', 'Natasha Richardson', 'Elaine Hendrix', 'Lisa Ann Walter']",Nancy Meyers,7.213,4509,11.3435,128,/p4dGmi8u9W0HHyVXcgWPoiFfKTF.jpg
91314,tt2109248,Transformers: Age of Extinction,Transformers: Age of Extinction,"As humanity picks up the pieces after the battle of Chicago, a shadowy group reveals itself in an attempt to control the direction of history…while an ancient, powerful new menace sets Earth in its crosshairs. With help from Cade Yeager, Optimus Prime and the Autobots rise to meet their most fearsome challenge yet.",2014-06-25,"['Science Fiction', 'Action', 'Adventure']","['bounty hunter', 'texas', 'sequel', 'alien', 'on the run', 'based on toy', 'giant robot', 'robot', 'metal']","['Mark Wahlberg', 'Peter Cullen', 'Stanley Tucci', 'Kelsey Grammer', 'Nicola Peltz']",Michael Bay,6.0,8722,11.3264,165,/jyzrfx2WaeY60kYZpPYepSjGz4S.jpg
1266990,tt32164798,Kulong,Kulong,"Three friends retreat to a resort to collaborate on a daring screenplay for a contest. Faced with the challenge of writing about passion despite their own dry spells, their journey soon blurs the line between imagination and experience.",2024-05-24,['Drama'],"['lesbian relationship', 'lgbt', 'lesbian', ""girls' love (gl)"", 'lesbian romance', 'sexy']","['Jenn Rosa', 'Aica Veloso', 'Cariz Manzano', 'JD Aguas', 'Ralph Engle']",Sigrid Polon,6.417,18,11.3161,48,/AnzrE2WHg3DtZrtmB9AnEbAh17m.jpg
1007401,tt21477618,Mortal Kombat Legends: Snow Blind,Mortal Kombat Legends: Snow Blind,"The vicious, power-mad Kano is determined to take over Earthrealm, one soul at a time. Assisted by a trio of cold Black Dragon mercenaries, he embarks on a brutal assault from town to defenseless town. The choice is simple: kneel or be annihilated. Kenshi, a rebel warrior, calls on Kuai Liang, the only one powerful enough to challenge the malevolent Kano. But Kuai Liang has given up the ways of the warrior, and Kenshi is too undisciplined to defeat Kano himself. If Kuai Liang cannot break through the glacier of doubt that holds him back, Earthrealm will fall.",2022-10-09,"['Animation', 'Action', 'Fantasy']","['martial arts', 'fighting', 'based on video game', 'adult animation', 'extreme blood']","['Manny Jacinto', 'David Wenham', 'Artt Butler', 'Yuri Lowenthal', 'Sumalee Montano']",Rick Morales,7.8,233,11.3087,82,/8wyOdQRVrpoUb2wMdGHykaD17GM.jpg
1495694,tt36585628,Beauty from Pain,Beauty from Pain,"After a devastating heartbreak, an aspiring musician escapes to Australia. She agrees to a no-strings romance with a billionaire winemaker, but when she falls in love she must choose to walk away or risk her heart on a man afraid to love.",2025-12-18,"['Romance', 'Drama']","['based on novel or book', 'heartbreak', 'romantic drama', 'winemaking']","['Samantha Allsop', 'Jackson Gallagher', 'Arielle Cartwright', 'Callan Colley', 'Brittany Grey']",Christine Luby,7.219,16,11.2694,116,/mJtBKvHQaFzgp0N6JFskSvjbTar.jpg
73,tt0120586,American History X,American History X,"Derek Vineyard is paroled after serving 3 years in prison for killing two African-American men. Through his brother, Danny Vineyard's narration, we learn that before going to prison, Derek was a skinhead and the leader of a violent white supremacist gang that committed acts of racial crime throughout L.A. and his actions greatly influenced Danny. Reformed and fresh out of prison, Derek severs contact with the gang and becomes determined to keep Danny from going down the same violent path as he did.",1998-07-01,['Drama'],"['prison', 'neo-nazism', 'rape', 'skinhead', 'sibling relationship', 'swastika', 'nazi', 'brother', 'fascism', 'tragedy', 'jail', 'school', 'los angeles, california', 'family', 'xenophobia', 'interracial friendship', 'nazism', 'violence', 'crime', 'excited', 'powerful']","['Edward Norton', 'Edward Furlong', ""Beverly D'Angelo"", 'Jennifer Lien', 'Ethan Suplee']",Tony Kaye,8.327,12538,11.2677,119,/x2drgoXYZ8484lqyDj7L1CEVR4T.jpg
105864,tt1979388,The Good Dinosaur,The Good Dinosaur,An epic journey into the world of dinosaurs where an Apatosaurus named Arlo makes an unlikely human friend.,2015-11-14,"['Adventure', 'Animation', 'Family']","['friendship', 'tyrannosaurus rex', 'cartoon', 'friends', 'alternate history', 'dinosaur', 'fear', 'storm', 'nature', 'journey', 'kids']","['Frances McDormand', 'Raymond Ochoa', 'Jeffrey Wright', 'Steve Zahn', 'Sam Elliott']",Peter Sohn,6.74,5973,11.2622,93,/8RSkxOO80btfKjyiC5ZiTaCHIT8.jpg
11216,tt0095765,Cinema Paradiso,Nuovo Cinema Paradiso,"A filmmaker recalls his childhood, when he fell in love with the movies at his village's theater and formed a deep friendship with the theater's projectionist.",1988-11-17,"['Drama', 'Romance']","['parent child relationship', 'sicily, italy', 'movie business', 'kiss', 'coming of age', 'flashback', 'magic realism', 'nostalgic', 'haunted by the past', 'censorship', 'nuovo cinema paradiso', 'movie theater']","['Philippe Noiret', 'Jacques Perrin', 'Marco Leonardi', 'Salvatore Cascio', 'Agnese Nano']",Giuseppe Tornatore,8.4,4813,11.2493,124,/gCI2AeMV4IHSewhJkzsur5MEp6R.jpg
10195,tt0800369,Thor,Thor,"Against his father Odin's will, The Mighty Thor - a powerful but arrogant warrior god - recklessly reignites an ancient war. Thor is cast down to Earth and forced to live among humans as punishment. Once here, Thor learns what it takes to be a true hero when the most dangerous villain of his world sends the darkest forces of Asgard to invade Earth.",2011-04-21,"['Adventure', 'Fantasy', 'Action']","['new mexico', 'superhero', 'redemption', 'banishment', 'based on comic', 'brother against brother', 'norse mythology', 'aftercreditsstinger', 'marvel cinematic universe (mcu)', 'worlds collide', 'god of thunder', 'fantasy', 'egotistical', 'melodramatic']","['Chris Hemsworth', 'Natalie Portman', 'Tom Hiddleston', 'Anthony Hopkins', 'Stellan Skarsgård']",Kenneth Branagh,6.768,22299,11.2339,115,/prSfAi1xGrhLQNxVSUFh61xQ4Qy.jpg
135397,tt0369610,Jurassic World,Jurassic World,"Twenty-two years after the events of Jurassic Park, Isla Nublar now features a fully functioning dinosaur theme park, Jurassic World, as originally envisioned by John Hammond.",2015-06-06,"['Adventure', 'Science Fiction']","['island', 'primal fear', 'escape', 'velociraptor', 'dna', 'tyrannosaurus rex', 'animal attack', 'sequel', 'dinosaur', 'creature', 'park', 'amusement park', 'theme park', 'genetic engineering', 'nostalgic', 'raptor', 'animal horror', 'playful', 'jungle adventure', 'mosasaurus', 'excited', 'exhilarated']","['Chris Pratt', 'Bryce Dallas Howard', 'Irrfan Khan', ""Vincent D'Onofrio"", 'Ty Simpkins']",Colin Trevorrow,6.699,21532,11.2145,124,/rhr4y79GpxQF9IsfJItRXVaoGs4.jpg
57214,tt1636826,Project X,Project X,"Three high school seniors throw a party to make a name for themselves. As the night progresses, things spiral out of control as word of the party spreads.",2012-03-01,['Comedy'],"['high school', 'birthday', 'birthday party', 'mockumentary', 'house party', 'teen movie', 'high school student', 'fake documentary', 'faux documentary']","['Thomas Mann', 'Oliver Cooper', 'Jonathan Daniel Brown', 'Dax Flame', 'Kirby Bliss Blanton']",Nima Nourizadeh,6.889,6793,11.2022,88,/lUPDGT3lyRrq8SvWuNWG2DP64bR.jpg
1022256,tt21819250,Selena Gomez: My Mind & Me,Selena Gomez: My Mind & Me,"After years in the limelight, Selena Gomez achieves unimaginable stardom. But just as she reaches a new peak, an unexpected turn pulls her into darkness. This uniquely raw and intimate documentary spans her six-year journey into a new light.",2022-11-04,"['Documentary', 'Music']","['music documentary', 'admiring']","['Selena Gomez', 'Raquelle Stevens', 'Ashley Cook', 'Liana Blackburn', 'Brent L. Boxberger']",Alek Keshishian,8.497,590,11.1996,95,/oMpsswJv8x4vnOnIKqs4xJs2Kn3.jpg
568124,tt2953050,Encanto,Encanto,"The tale of an extraordinary family, the Madrigals, who live hidden in the mountains of Colombia, in a magical house, in a vibrant town, in a wondrous, charmed place called an Encanto. The magic of the Encanto has blessed every child in the family—every child except one, Mirabel. But when she discovers that the magic surrounding the Encanto is in danger, Mirabel decides that she, the only ordinary Madrigal, might just be her exceptional family's last hope.",2021-10-13,"['Animation', 'Comedy', 'Family', 'Fantasy']","['strong woman', 'magic', 'sadness', 'immigration', 'supernatural', 'beauty', 'musical', 'big family', 'forest', 'family secrets', 'family relationships', 'flamenco', 'joy of life', 'teenage girl', 'female protagonist', 'family conflict', 'helping children', 'matriarch', 'colombia']","['Stephanie Beatriz', 'María Cecilia Botero', 'John Leguizamo', 'Diane Guerrero', 'Jess Darrow']",Byron Howard,7.568,10174,11.1973,102,/4j0PNHkMr5ax3IA8tjtxcmPU3QT.jpg
810693,tt14331144,Jujutsu Kaisen 0,劇場版 呪術廻戦 0,"Yuta Okkotsu is a nervous high school student who is suffering from a serious problem—his childhood friend Rika has turned into a curse and won't leave him alone. Since Rika is no ordinary curse, his plight is noticed by Satoru Gojo, a teacher at Jujutsu High, a school where fledgling exorcists learn how to combat curses. Gojo convinces Yuta to enroll, but can he learn enough in time to confront the curse that haunts him?",2021-12-24,"['Animation', 'Action', 'Fantasy']","['supernatural', 'exorcism', 'paranormal', 'prequel', 'tragedy', 'curse', 'based on manga', 'spirit', 'demon', 'school life', 'shounen', 'anime']","['Megumi Ogata', 'Kana Hanazawa', 'Yuichi Nakamura', 'Takahiro Sakurai', 'Mikako Komatsu']",Sunghoo Park,8.1,1728,11.1956,105,/23oJaeBh0FDk2mQ2P240PU9Xxfh.jpg
1396,tt0072443,Mirror,Зеркало,"A dying man in his forties recalls his childhood, his mother, the war and personal moments that tell of and juxtapose pivotal moments in Soviet history with daily life.",1975-03-07,"['Drama', 'History']","['dreams', 'wind', 'poetry', 'world war ii', 'cigarette', 'field', 'spanish civil war (1936-39)', 'nostalgia', 'forest', 'terminal illness', 'flashback', 'dying man', 'avant-garde', 'illness', 'childhood', 'post world war ii', 'dream sequence', 'newsreel footage', 'reflection', 'poetry recitation', 'russian history', 'historical drama', 'memoirs', '1940s', '1960s', 'non-narrative', 'somber', 'self reflection', '1930s', 'portrait of an artist', 'dreamlike', 'russia', 'soviet union history', 'memories', 'stream of consciousness', 'existentialist', '20th century', 'experimental film', 'pre war soviet union', 'russian poetry', 'nonlinear narrative', 'voice-over', 'nostalgic memory', 'biographical drama', 'the great patriotic war', 'dying poet']","['Margarita Terekhova', 'Ignat Daniltsev', 'Larisa Tarkovskaya', 'Alla Demidova', 'Anatoliy Solonitsyn']",Andrei Tarkovsky,7.953,1088,11.1851,107,/AttDP5OEsMxtHPPN7Z92p2Ntnmd.jpg
1403735,tt32831759,Laila,లైలా,"Sonu Model, a renowned beautician from the old city, is forced to disguise himself as Laila, leading to a series of comedic, romantic, and action-packed events. Chaos ensues in this hilarious laugh riot",2025-02-14,"['Comedy', 'Romance']",[],"['Vishwak Sen', 'Akanksha Sharma', 'Babloo Prithiveeraj', 'Abhimanyu Singh', 'Vineet Kumar']",Ram Narayan,5.25,8,11.1796,134,/aFogllaRGlAhk1nqvVGFpZpl4qU.jpg
9552,tt0070047,The Exorcist,The Exorcist,"When a mysterious entity possesses a young girl, her mother seeks the help of two Catholic priests to save her life.",1973-12-26,"['Horror', 'Drama']","['washington dc, usa', 'religion and supernatural', 'exorcism', 'paranormal phenomena', 'possession', 'satan', 'priest', 'demon', 'roman catholic church', 'psychotic', 'demonic possession', 'macabre', 'crisis of faith', 'religious horror', 'supernatural horror', 'provocative', 'dramatic', 'suspenseful', 'audacious', 'bold', 'frightened', 'horrified', 'possessed child']","['Ellen Burstyn', 'Linda Blair', 'Jason Miller', 'Max von Sydow', 'Lee J. Cobb']",William Friedkin,7.742,8603,11.1771,122,/5x0CeVHJI8tcDx8tUUwYHQSNILq.jpg
1402,tt0454921,The Pursuit of Happyness,The Pursuit of Happyness,A struggling salesman takes custody of his son as he's poised to begin a life-changing professional career.,2006-12-14,['Drama'],"['work', 'worker', 'homeless person', 'single parent', 'san francisco, california', 'bus', 'homelessness', 'church service', 'bad luck', 'biography', 'based on true story', 'salesman', 'stockbroker', 'single father', 'inspiring story', 'poor', 'father son relationship', 'working life', 'happiness']","['Will Smith', 'Jaden Smith', 'Thandiwe Newton', 'Brian Howe', 'James Karen']",Gabriele Muccino,7.885,10563,11.1712,117,/lBYOKAMcxIvuk9s9hMuecB9dPBV.jpg
93456,tt1690953,Despicable Me 2,Despicable Me 2,Gru is recruited by the Anti-Villain League to help deal with a powerful new super criminal.,2013-06-26,"['Animation', 'Comedy', 'Family']","['parent child relationship', 'villain', 'adoptive father', 'secret agent', 'bakery', 'sequel', 'falling in love', 'family', 'single father', 'audition', 'female agent', 'duringcreditsstinger', 'first date', 'supervillain', 'masked supervillain', 'absurd', 'hilarious', 'amused', 'brisk']","['Steve Carell', 'Kristen Wiig', 'Benjamin Bratt', 'Miranda Cosgrove', 'Dana Gaier']",Pierre Coffin,6.945,11980,11.1596,98,/5Fh4NdoEnCjCK9wLjdJ9DJNFl2b.jpg
8363,tt0829482,Superbad,Superbad,Two co-dependent high school seniors are forced to deal with separation anxiety after their plan to stage a booze-soaked party goes awry.,2007-08-17,['Comedy'],"['high school', 'police', 'alcohol', 'chaos', 'nerd', 'coming of age', 'school', 'los angeles, california', 'drugs', 'buddy', 'one night', 'fake id', 'serene']","['Jonah Hill', 'Michael Cera', 'Christopher Mintz-Plasse', 'Bill Hader', 'Seth Rogen']",Greg Mottola,7.262,8058,11.1411,113,/ek8e8txUyUwd2BNqj6lFEerJfbq.jpg
378236,tt4877122,The Emoji Movie,The Emoji Movie,"Gene, a multi-expressional emoji, sets out on a journey to become a normal emoji.",2017-07-23,"['Animation', 'Family', 'Comedy']","['villain', 'parody', '3d animation', 'emoji']","['T.J. Miller', 'James Corden', 'Anna Faris', 'Maya Rudolph', 'Steven Wright']",Tony Leondis,5.4,3314,11.1385,86,/60bTx5z9zL1AqCjZ0gmWoRMJ6Bb.jpg
131631,tt1951265,The Hunger Games: Mockingjay - Part 1,The Hunger Games: Mockingjay - Part 1,"After surviving the Quarter Quell, Katniss finds herself in the hidden stronghold of District 13, where the rebellion against the Capitol is gaining momentum. Struggling with the weight of becoming the symbol of resistance, she must navigate fragile alliances while trying to protect those she loves. As propaganda battles rage and Panem moves closer to full-scale war, Katniss is forced to confront the true cost of revolution.",2014-11-19,"['Science Fiction', 'Adventure', 'Thriller']","['based on novel or book', 'resistance', 'dystopia', 'post-apocalyptic future', 'sequel', 'female protagonist', 'bow and arrow', 'game', 'future war', 'revolt', 'class prejudice', 'human subjugation', 'based on young adult novel']","['Jennifer Lawrence', 'Josh Hutcherson', 'Liam Hemsworth', 'Woody Harrelson', 'Elizabeth Banks']",Francis Lawrence,6.817,16702,11.1308,123,/4FAA18ZIja70d1Tu5hr5cj2q1sB.jpg
585032,tt0396846,Sa Bang-ji,사방지,"Sa Bangji was an intersex person who according to historical records lived during Korea’s Joseon Dynasty. Taken in by a kindly benefactor, Sa Bangji lives in a monastery that is one day visited by a young widow, Lee So-sa, who is in mourning following the death of her husband. The pair’s meeting seems predestined, with the erotic attraction between Sa Bangji and Lee So-sa soon evolving into something far more transcendent – and dangerous.  While aspects of the film – its stylised depiction of female actors and sex – identify it as a product of its time, Sa Bangji is undeniably a milestone in screen representations of intersex people, a film that refuses to shy away from the horrendous stigmatization faced by its titular character.",1988-10-29,"['Drama', 'Romance', 'History']",['softcore'],"['Lee Hye-young', 'Bang Hee', 'Kwak Jeong-Hee', 'Park Am', 'Lee Kyeong-hui']",Song Gyeong-sik,6.6,5,11.1162,94,/uFsTrW5qzU2l3YE0ataLoUgfsjJ.jpg
102651,tt1587310,Maleficent,Maleficent,"A beautiful, pure-hearted young woman, Maleficent has an idyllic life growing up in a peaceable forest kingdom, until one day when an invading army threatens the harmony of the land. She rises to be the land's fiercest protector, but she ultimately suffers a ruthless betrayal – an act that begins to turn her heart into stone. Bent on revenge, Maleficent faces an epic battle with the invading King's successor and, as a result, places a curse upon his newborn infant Aurora. As the child grows, Maleficent realizes that Aurora holds the key to peace in the kingdom – and to Maleficent's true happiness as well.",2014-05-28,"['Fantasy', 'Adventure', 'Action', 'Family', 'Romance']","['friendship', 'magic', 'kingdom', 'fairy tale', 'fairy', 'prince', 'enchantment', 'betrayal', 'curse', 'kindness', 'protector', 'childhood friends', 'good becoming evil', 'raven', 'dark fantasy', 'based on fairy tale', 'retelling', 'literary adaptation', 'true love', 'dark forest', 'live action remake', 'cursed princess', 'fairies', 'antagonistic']","['Angelina Jolie', 'Elle Fanning', 'Imelda Staunton', 'Sharlto Copley', 'Lesley Manville']",Robert Stromberg,7.087,13697,11.1161,97,/bDG3yei6AJlEAK3A5wN7RwFXQ7V.jpg
14537,tt0056058,Harakiri,切腹,"Down-on-his-luck veteran Tsugumo Hanshirō enters the courtyard of the prosperous House of Iyi. Unemployed, and with no family, he hopes to find a place to commit seppuku—and a worthy second to deliver the coup de grâce in his suicide ritual. The senior counselor for the Iyi clan questions the ronin’s resolve and integrity, suspecting Hanshirō of seeking charity rather than an honorable end. What follows is a pair of interlocking stories which lay bare the difference between honor and respect, and promises to examine the legendary foundations of the Samurai code.",1962-09-15,"['Action', 'Drama', 'History']","['suicide', 'japan', 'samurai', 'asia', 'flashback', 'revenge', 'poverty', 'black and white', 'seppuku', 'ronin', 'jidaigeki', 'edo period', '17th century', 'philosophical', 'shogunate', 'complex', 'bushi', 'bakumatsu', 'complicated', 'distressing', 'excited']","['Tatsuya Nakadai', 'Akira Ishihama', 'Shima Iwashita', 'Tetsuro Tamba', 'Masao Mishima']",Masaki Kobayashi,8.43,1204,11.1144,135,/ff9ehcUJ0FUg2EJqgZW9dFfUgYO.jpg
667538,tt5090568,Transformers: Rise of the Beasts,Transformers: Rise of the Beasts,"When a new threat capable of destroying the entire planet emerges, Optimus Prime and the Autobots must team up with a powerful faction known as the Maximals. With the fate of humanity hanging in the balance, humans Noah and Elena will do whatever it takes to help the Transformers as they engage in the ultimate battle to save Earth.",2023-06-06,"['Science Fiction', 'Adventure', 'Action']","['peru', 'alien', 'end of the world', 'based on toy', 'giant robot', 'robot', 'duringcreditsstinger', '1990s', 'brother brother relationship', 'admiring']","['Anthony Ramos', 'Dominique Fishback', 'Peter Cullen', 'Ron Perlman', 'Peter Dinklage']",Steven Caple Jr.,7.172,5250,11.0977,127,/gPbM0MK8CP8A174rmUwGsADNYKD.jpg
153518,tt1985949,The Angry Birds Movie,The Angry Birds Movie,"An island populated entirely by happy, flightless birds or almost entirely. In this paradise, Red, a bird with a temper problem, speedy Chuck, and the volatile Bomb have always been outsiders. But when the island is visited by mysterious green piggies, it’s up to these unlikely outcasts to figure out what the pigs are up to.",2016-05-11,"['Animation', 'Adventure', 'Comedy', 'Family']","['island', 'pig', 'villain', 'eagle', 'rivalry', 'based on video game', 'creature feature', 'duringcreditsstinger', 'anger management', 'animal kingdom', 'talking animal', 'bird', '3d animation', 'creature comedy', 'action']","['Jason Sudeikis', 'Josh Gad', 'Danny McBride', 'Maya Rudolph', 'Bill Hader']",Clay Kaytis,6.265,3981,11.0808,97,/iOH0fEFtV9z9rZp9zmBFGGeWicv.jpg
588228,tt9777666,The Tomorrow War,The Tomorrow War,"The world is stunned when a group of time travelers arrive from the year 2051 to deliver an urgent message: Thirty years in the future, mankind is losing a global war against a deadly alien species. The only hope for survival is for soldiers and civilians from the present to be transported to the future and join the fight. Among those recruited is high school teacher and family man Dan Forester. Determined to save the world for his young daughter, Dan teams up with a brilliant scientist and his estranged father in a desperate quest to rewrite the fate of the planet.",2021-09-03,"['Action', 'Science Fiction', 'Adventure']","['world cup', 'time travel', 'global warming', 'glacier', 'alien', 'alien invasion', 'military', 'future war', 'father son reunion', 'hope for future', 'changing the past or future', 'message from the future', 'father son relationship', 'father daughter relationship', 'world war']","['Chris Pratt', 'Yvonne Strahovski', 'J.K. Simmons', 'Betty Gilpin', 'Sam Richardson']",Chris McKay,7.471,4094,11.0677,138,/34nDCQZwaEvsy4CFO5hkGRFDCVU.jpg
1135873,,GGS - Ganteng-Ganteng Sange,GGS - Ganteng-Ganteng Sange,Kelas Bintang is back with this pack of drama called GGS - Ganteng-Ganteng Sange.,2023-05-28,"['Drama', 'Romance']",[],[],,6.1,7,11.0581,28,/39fFH027tOpTyZwSNOydSAsOCzb.jpg
1366,tt0075148,Rocky,Rocky,"Rocky Balboa is a Philadelphia club fighter who seems to be going nowhere. But when a stroke of fate puts him in the ring with a world heavyweight champion, Rocky knows that it's his one shot at the big time — a once-in-a-lifetime opportunity to go the distance and come out a winner!",1976-12-03,['Drama'],"['underdog', 'philadelphia, pennsylvania', 'transporter', ""love of one's life"", 'italian american', 'sports', 'fight', 'independence', 'publicity', 'boxer', 'training', 'lovers', 'world champion', 'victory', 'surprise', 'boxing', 'empathetic', 'hopeful']","['Sylvester Stallone', 'Talia Shire', 'Burt Young', 'Carl Weathers', 'Burgess Meredith']",John G. Avildsen,7.796,8582,11.0549,120,/hEjK9A9BkNXejFW4tfacVAEHtkn.jpg
619979,tt2180339,Deep Water,Deep Water,A well-to-do husband who allows his wife to have affairs in order to avoid a divorce becomes a prime suspect in the disappearance of her lovers.,2022-03-17,"['Drama', 'Mystery', 'Thriller']","['infidelity', 'jealousy', 'based on novel or book', 'marriage', 'dysfunctional marriage', 'murder', 'cuckold', 'jealous husband', 'erotic thriller', 'unfaithful wife', 'cuckolded husband', 'psychological', 'snails']","['Ben Affleck', 'Ana de Armas', 'Tracy Letts', 'Lil Rel Howery', 'Dash Mihok']",Adrian Lyne,5.818,1631,11.0467,116,/6yRMyWwjuhKg6IU66uiZIGhaSc8.jpg
140300,tt2267968,Kung Fu Panda 3,Kung Fu Panda 3,"While Po and his father are visiting a secret panda village, an evil spirit threatens all of China, forcing Po to form a ragtag army to fight back.",2016-01-23,"['Animation', 'Action', 'Adventure', 'Comedy', 'Family']","['martial arts', 'kung fu', 'china', 'fighter', 'village', 'villain', 'sequel', 'panda', 'anthropomorphism', 'dragon', 'aftercreditsstinger', 'duringcreditsstinger', 'wuxia', 'woman director', 'talking animal', '3d animation', 'enthusiastic']","['Jack Black', 'Bryan Cranston', 'Dustin Hoffman', 'Angelina Jolie', 'J.K. Simmons']",Jennifer Yuh Nelson,6.924,6559,11.0371,95,/oajNi4Su39WAByHI6EONu8G8HYn.jpg
1034541,tt27911000,Terrifier 3,Terrifier 3,"Five years after surviving Art the Clown's Halloween massacre, Sienna and Jonathan are still struggling to rebuild their shattered lives. As the holiday season approaches, they try to embrace the Christmas spirit and leave the horrors of the past behind. But just when they think they're safe, Art returns, determined to turn their holiday cheer into a new nightmare. The festive season quickly unravels as Art unleashes his twisted brand of terror, proving that no holiday is safe.",2024-10-09,['Horror'],"['monster', 'post-traumatic stress disorder (ptsd)', 'angel', 'shower', 'child murder', 'santa claus', 'college', 'clown', 'bartender', 'gore', 'dormitory', 'sequel', 'serial killer', 'teenage girl', 'slasher', 'chainsaw', 'massacre', 'mental illness', 'disfigured face', 'mental asylum', 'cousin relationship', 'mall santa', 'killer clown', 'terrorist bombing', 'christmas horror', 'evil clown', 'christmas spirit', 'christmas', 'murder of parents', 'orphan siblings', 'supernatural power', 'death of a child', 'supernatural horror', 'bar', 'bloody', 'independent film', 'blood', 'low budget', 'megaslasher']","['Lauren LaVera', 'David Howard Thornton', 'Samantha Scaffidi', 'Elliott Fullam', 'Margaret Anne Florence']",Damien Leone,6.788,1935,11.032,125,/ju10W5gl3PPK3b7TjEmVOZap51I.jpg
11688,tt0120917,The Emperor's New Groove,The Emperor's New Groove,"When the self‑absorbed Emperor Kuzco is accidentally transformed into a llama, he must rely on a humble villager to survive the jungle and reclaim his throne.",2000-12-15,"['Adventure', 'Animation', 'Comedy', 'Family', 'Fantasy']","['central and south america', 'emperor', 'cartoon', 'incan empire', 'kids', 'lighthearted', 'animation', 'comedy', 'cartoons', 'amusing', 'llama', '2d animation']","['David Spade', 'John Goodman', 'Eartha Kitt', 'Patrick Warburton', 'Wendie Malick']",Mark Dindal,7.559,7274,11.0304,78,/wwbgkXQBEKtnyIJapk6gUgWkVw8.jpg
1226578,tt23468450,Longlegs,Longlegs,"FBI Agent Lee Harker is a gifted new recruit assigned to the unsolved case of an elusive serial killer. As the case takes complex turns, unearthing evidence of the occult, Harker discovers a personal connection to the merciless killer and must race against time to stop him before he claims the lives of another innocent family.",2024-07-10,"['Crime', 'Horror', 'Mystery']","['homicide', 'fbi', 'religion and supernatural', 'haunting', 'satanism', 'barn', 'satanist', 'code', 'oregon, usa', 'flashback', 'murder', 'serial killer', 'religion', 'female protagonist', 'corpse', 'series of murders', 'violent death', 'killing spree', 'catholic', 'death', 'death in family', 'occult', 'satanic cult', 'clairvoyant', 'crime spree', 'rookie', 'crime investigation', 'manic', 'sadistic psychopath', 'unsettling', 'scary doll', 'accomplice', '1990s', 'dread', 'creepy doll', 'psychological terror', 'singing in a car', 'haunted doll', 'homicide investigation', 'supernatural horror', 'female investigator', 'children in danger', 'psychological horror']","['Maika Monroe', 'Nicolas Cage', 'Blair Underwood', 'Alicia Witt', 'Michelle Choi-Lee']",Osgood Perkins,6.528,2628,11.0241,101,/1EwNyiiNFd863H4e8nWEzutnZD7.jpg
454626,tt3794354,Sonic the Hedgehog,Sonic the Hedgehog,"Powered with incredible speed, Sonic The Hedgehog embraces his new home on Earth. That is, until Sonic sparks the attention of super-uncool evil genius Dr. Robotnik. Now it’s super-villain vs. super-sonic in an all-out race across the globe to stop Robotnik from using Sonic’s unique power for world domination.",2020-02-12,"['Action', 'Science Fiction', 'Comedy', 'Family']","['friendship', 'video game', 'san francisco, california', 'road trip', 'cop', 'based on video game', 'duringcreditsstinger', 'bar fight', 'hedgehog', 'live action and animation', 'live action remake', 'playful', 'joyous', 'adoring', 'joyful']","['Ben Schwartz', 'James Marsden', 'Tika Sumpter', 'Jim Carrey', 'Natasha Rothwell']",Jeff Fowler,7.285,10376,11.0223,99,/aQvJ5WPzZgYVDrxLX4R6cLJCEaQ.jpg
30112,tt0949489,Lost in Beijing,苹果,"A look at modern-day life in China's capital centered on a ménage-a-quatre involving a young woman, her boss, her husband and her boss's wife.",2007-09-26,"['Romance', 'Drama']","['rape', 'extortion', 'illegal prostitution', 'extramarital affair', 'woman director']","['Fan Bingbing', 'Tony Leung Ka-fai', 'Elaine Jin Yan-Ling', 'Tong Dawei', 'Chloe Maayan']",Li Yu,6.6,62,11.0062,112,/8QAKu09quzKd9B8iPSmtBmd5Tru.jpg
10830,tt0117008,Matilda,Matilda,"Matilda Wormwood is an brilliant and intelligent little girl. Unfortunately, her parents, Harry and Zinnia, fail to see that fact. As time passes, she finally starts school and has a kind teacher, loyal friends, and a terrifying, sadistic headmistress. As she becomes fed up with the constant cruelty, she discovers she has a special gift that she just might be able to use to outwit the unruly adults around her.",1996-08-02,"['Comedy', 'Family', 'Fantasy']","['based on novel or book', 'parent child relationship', 'classroom', 'difficult childhood', 'child prodigy', 'childhood trauma', 'dysfunctional family', 'telekinesis', 'school', 'teacher student relationship', 'used car salesman', 'school principal', 'neglected child', 'schoolmarm', 'dysfunctional life', 'female teacher', 'parental abuse', 'crass comedy', 'based on young adult novel', 'abused child', 'tyrannical school principal']","['Mara Wilson', 'Danny DeVito', 'Rhea Perlman', 'Embeth Davidtz', 'Pam Ferris']",Danny DeVito,7.175,4793,10.9892,98,/wYoDpWInsBEVSmWStnRH06ddoyk.jpg
1813,tt0118971,The Devil's Advocate,The Devil's Advocate,"Aspiring Florida defense lawyer Kevin Lomax accepts a job at a New York law firm. With the stakes getting higher every case, Kevin quickly learns that his boss has something far more evil planned.",1997-10-17,"['Horror', 'Drama', 'Mystery']","['child abuse', 'southern usa', 'marriage crisis', 'obsession', 'bible', 'seduction', 'hallucination', ""devil's son"", 'ambition', 'pact with the devil', 'crooked lawyer', 'satan', 'evil spirit', 'lust', 'courtroom', 'temptation', 'law firm', 'manhattan, new york city', 'seven deadly sins', 'ethics', 'anxious', 'legal thriller', 'supernatural horror', 'cautionary', 'callous']","['Keanu Reeves', 'Al Pacino', 'Charlize Theron', 'Jeffrey Jones', 'Judith Ivey']",Taylor Hackford,7.469,6759,10.9767,144,/5ZzBGpxy55OQzHxKVY11IpY6a0o.jpg
426063,tt5040012,Nosferatu,Nosferatu,"A gothic tale of obsession between a haunted young woman and the terrifying vampire infatuated with her, causing untold horror in its wake.",2024-12-25,"['Horror', 'Fantasy']","['cold', 'based on novel or book', 'vampire', 'necrophilia', 'eroticism', 'possession', 'würzburg', 'remake', 'gothic horror', 'desire', 'somnambulism', 'plague', '19th century', 'dread', 'drinking blood', 'supernatural horror', 'period piece', '1830s', 'nightmares', 'incredulous', 'bold']","['Lily-Rose Depp', 'Nicholas Hoult', 'Bill Skarsgård', 'Aaron Taylor-Johnson', 'Willem Dafoe']",Robert Eggers,6.705,3622,10.9493,133,/5qGIxdEO841C0tdY8vOdLoRVrr0.jpg
185373,tt0225547,The Slave Wife,奴隷妻,An arrogant and privileged lady of wealth finds she is in need of a loan. The man who offers to help her was a former chauffeur who she had mistreated and fired. Seeing his chance for revenge he captures her and subjects her to various humiliations and abuse.,1976-06-12,"['Thriller', 'Drama']",['bdsm'],"['Naomi Tani', 'Akira Takahashi', 'Ikunosuke Koizumi', 'Yû Mizushiro', 'Akira Hanagami']",Akira Kato,5.0,7,10.9345,73,/4aZdoxUKMNqApJUad0Atq3tZGRp.jpg
605,tt0242653,The Matrix Revolutions,The Matrix Revolutions,The human city of Zion defends itself against the massive invasion of the machines as Neo fights to end the war at another front while also opposing the rogue Agent Smith.,2003-11-05,"['Adventure', 'Action', 'Thriller', 'Science Fiction']","['dying and death', 'rescue', 'future', 'mission', 'man vs machine', 'underground world', 'machine town', 'martial arts', 'kung fu', 'hero', 'dreams', 'fortune teller', 'artificial intelligence (a.i.)', 'computer', 'saving the world', 'flying', 'temple', 'computer virus', 'virtual reality', 'fight', 'truth', 'philosophy', 'key', 'killer robot', 'subway', 'dystopia', 'allegory', 'sun', 'sunlight', 'precognition', 'super computer', 'ying yang', 'cyberpunk', 'christ allegory', 'philosophical', 'action hero', 'gnosticism', 'excited', 'dystopian']","['Keanu Reeves', 'Laurence Fishburne', 'Carrie-Anne Moss', 'Hugo Weaving', 'Jada Pinkett Smith']",Lana Wachowski,6.8,10777,10.9274,129,/bkkS61w94ZVMNVd8KEyyJl2tnY5.jpg
120467,tt2278388,The Grand Budapest Hotel,The Grand Budapest Hotel,"The Grand Budapest Hotel tells of a legendary concierge at a famous European hotel between the wars and his friendship with a young employee who becomes his trusted protégé. The story involves the theft and recovery of a priceless Renaissance painting, the battle for an enormous family fortune and the slow and then sudden upheavals that transformed Europe during the first half of the 20th century.",2014-02-26,"['Comedy', 'Drama']","['hotel', 'painting', 'wartime', 'eastern europe', 'author', 'gunfight', 'theft', 'period drama', 'bellhop \xa0', 'mentor protégé relationship', 'european', 'hotel lobby', 'renaissance painting', '1960s', '1930s', 'hilarious']","['Ralph Fiennes', 'F. Murray Abraham', 'Mathieu Amalric', 'Adrien Brody', 'Willem Dafoe']",Wes Anderson,8.029,16046,10.9202,100,/eWdyYQreja6JGCzqHWXpWHDrrPo.jpg
140607,tt2488496,Star Wars: The Force Awakens,Star Wars: The Force Awakens,"Thirty years after defeating the Galactic Empire, Han Solo and his allies face a new threat from the evil Kylo Ren and his army of Stormtroopers.",2015-12-15,"['Adventure', 'Action', 'Science Fiction']","['android', 'spacecraft', 'space opera', 'tuwaderalit']","['Daisy Ridley', 'John Boyega', 'Oscar Isaac', 'Adam Driver', 'Carrie Fisher']",J.J. Abrams,7.2,20500,10.9078,136,/wqnLdwVXoBjKibFRR5U3y0aDUhs.jpg
166426,tt1790809,Pirates of the Caribbean: Dead Men Tell No Tales,Pirates of the Caribbean: Dead Men Tell No Tales,"Thrust into an all-new adventure, a down-on-his-luck Capt. Jack Sparrow feels the winds of ill-fortune blowing even more strongly when deadly ghost sailors led by his old nemesis, the evil Capt. Salazar, escape from the Devil's Triangle. Jack's only hope of survival lies in seeking out the legendary Trident of Poseidon, but to find it, he must forge an uneasy alliance with a brilliant and beautiful astronomer and a headstrong young man in the British navy.",2017-05-23,"['Adventure', 'Action', 'Fantasy']","['treasure map', 'royal navy', 'pirate', 'swashbuckler', 'caribbean sea', 'dark fantasy', 'trident', 'treasure hunting', 'caribbean island', 'ghost pirates', 'cursed crew', 'legendary artifact', 'oceanic curse', 'supernatural pursuit', 'naval confrontation', 'dangerous voyage', 'rival captains', 'epic chase']","['Johnny Depp', 'Javier Bardem', 'Geoffrey Rush', 'Brenton Thwaites', 'Kaya Scodelario']",Espen Sandberg,6.7,12773,10.8929,129,/6lAPOAFYFWIO3SQRemEY2wInQMC.jpg
107901,tt0452831,The Land of Many Perfumes,女兒國,"The Monk, Monkey and Pigsy find themselves in the title realm, where women can only give birth to women...unless loved by a man",1968-01-26,"['Fantasy', 'Comedy', 'Adventure', 'Action', 'Music']",[],"['Fang Ying', 'Li Hsiang-Chun', 'Chow Lung-Cheung', 'Pang Pang', 'Tien Shun']",Ho Meng-Hua,7.0,2,10.8909,82,/6fmFKITqfgkfbDYnaq6PExDqmvX.jpg
75656,tt1670345,Now You See Me,Now You See Me,An FBI agent and an Interpol detective track a team of illusionists who pull off bank heists during their performances and reward their audiences with the money.,2013-05-29,"['Thriller', 'Crime']","['new york city', 'paris, france', 'escape', 'magic', 'bank', 'fbi', 'vault', 'new orleans, louisiana', 'investigation', 'heist', 'money', 'conspiracy', 'las vegas', 'shocking', 'magician', 'mischievous', 'suspenseful', 'awestruck', 'excited', 'elaborate deception']","['Jesse Eisenberg', 'Woody Harrelson', 'Isla Fisher', 'Dave Franco', 'Mark Ruffalo']",Louis Leterrier,7.3,16736,10.8892,116,/tWsNYbrqy1p1w6K9zRk0mSchztT.jpg
170,tt0289043,28 Days Later,28 Days Later,"Twenty-eight days after a killer virus was accidentally unleashed from a British research facility, a small group of London survivors are caught in a desperate struggle to protect themselves from the infected. Carried by animals and humans, the virus turns those it infects into homicidal maniacs -- and it's absolutely impossible to contain.",2002-10-31,"['Horror', 'Thriller', 'Science Fiction']","['daughter', 'taxi', 'london, england', 'submachine gun', 'gas station', 'post-apocalyptic future', 'infection', 'outbreak', 'survival', 'laboratory', 'hospital', 'zombie', 'brutality', 'church', 'rage', 'epidemic', 'military', 'virus', 'aggressive', 'waking from coma', 'animal research', 'baffled', 'post-apocalyptic', 'zombies']","['Cillian Murphy', 'Naomie Harris', 'Brendan Gleeson', 'Megan Burns', 'Christopher Eccleston']",Danny Boyle,7.2,8456,10.887,113,/sQckQRt17VaWbo39GIu0TMOiszq.jpg
1242419,tt4627382,Roofman,Roofman,"A former Army Ranger and struggling father turns to robbing McDonald’s restaurants by cutting holes in their roofs, earning him the nickname ""Roofman."" After escaping prison, he secretly lives inside a Toys “R” Us for six months, surviving undetected while planning his next move. But when he falls for a divorced mom drawn to his undeniable charm, his double life begins to unravel, setting off a compelling and suspenseful game of cat and mouse as his past closes in.",2025-10-08,"['Crime', 'Comedy', 'Drama']","['based on true story', 'fugitive', 'toy store', 'escaped prisoner', 'armed robbery', 'hiding out', 'ex-elite soldier', 'former soldier', ""mcdonald's"", 'charlotte, north carolina', 'escape from prison', 'u.s. army ranger']","['Channing Tatum', 'Kirsten Dunst', 'Ben Mendelsohn', 'LaKeith Stanfield', 'Juno Temple']",Derek Cianfrance,7.085,768,10.8837,126,/wXDFtcnYtevleGzCmAD2ReQnJ4l.jpg
11224,tt0042332,Cinderella,Cinderella,"Cinderella has faith her dreams of a better life will come true. With help from her loyal mice friends and a wave of her Fairy Godmother's wand, Cinderella's rags are magically turned into a glorious gown and off she goes to the Royal Ball. But when the clock strikes midnight, the spell is broken, leaving a single glass slipper... the only key to the ultimate fairy-tale ending!",1950-02-22,"['Family', 'Fantasy', 'Animation', 'Romance']","['princess', 'based on novel or book', 'loss of loved one', 'mouse', 'ball', 'fairy', 'cartoon', 'prince', 'villain', 'musical', 'midnight', 'love', 'orphan', 'family', 'female villain', 'evil stepmother', 'stepsister', 'fairy godmother', 'cendrillon', 'whimsical']","['Ilene Woods', 'Eleanor Audley', 'Verna Felton', 'Claire Du Brey', 'Rhoda Williams']",Clyde Geronimi,7.045,7138,10.8805,74,/ug3ndicuPM1V07vhVFGLMsd4AZl.jpg
412117,tt5113040,The Secret Life of Pets 2,The Secret Life of Pets 2,"Max the terrier must cope with some major life changes when his owner gets married and has a baby. When the family takes a trip to the countryside, nervous Max has numerous run-ins with canine-intolerant cows, hostile foxes and a scary turkey. Luckily for Max, he soon catches a break when he meets Rooster, a gruff farm dog who tries to cure the lovable pooch of his neuroses.",2019-05-24,"['Family', 'Comedy', 'Adventure', 'Animation']","['new york city', 'friendship', 'villain', 'sequel', 'dog', 'talking animal', '3d animation']","['Patton Oswalt', 'Kevin Hart', 'Eric Stonestreet', 'Jenny Slate', 'Tiffany Haddish']",Chris Renaud,6.948,3319,10.8759,86,/s9xg4V5EDKiphgIksVJ9gewBM11.jpg
246,tt0363226,Zatoichi,座頭市,"Blind traveler Zatoichi is a master swordsman and a masseur with a fondness for gambling on dice games. When he arrives in a village torn apart by warring gangs, he sets out to protect the townspeople.",2003-09-06,"['Adventure', 'Drama', 'Action']","['martial arts', 'japan', 'samurai', 'sword', 'geisha', 'blackmail', 'revenge', 'blind', 'jidaigeki', 'aggressive']","['Takeshi Kitano', 'Tadanobu Asano', 'Michiyo Yasuda', 'Yui Natsukawa', 'Guadalcanal Taka']",Takeshi Kitano,7.242,958,10.8732,116,/iCIycswWbX1EDS6PYYBcR9ohrC.jpg
284052,tt1211837,Doctor Strange,Doctor Strange,"After his career is destroyed, a brilliant but arrogant surgeon gets a new lease on life when a sorcerer takes him under her wing and trains him to defend the world against evil.",2016-10-25,"['Fantasy', 'Adventure', 'Action']","['magic', 'superhero', 'training', 'based on comic', 'sorcerer', 'doctor', 'neurosurgeon', 'injury', 'wizard', 'aftercreditsstinger', 'duringcreditsstinger', 'marvel cinematic universe (mcu)', 'origin story', 'interdimensional travel', 'ambiguous', 'ambivalent']","['Benedict Cumberbatch', 'Chiwetel Ejiofor', 'Rachel McAdams', 'Benedict Wong', 'Mads Mikkelsen']",Scott Derrickson,7.419,23393,10.8627,115,/xf8PbyQcR5ucXErmZNzdKR0s8ya.jpg
507089,tt4589218,Five Nights at Freddy's,Five Nights at Freddy's,"Recently fired and desperate for work, a troubled young man named Mike agrees to take a position as a night security guard at an abandoned theme restaurant: Freddy Fazbear's Pizzeria. But he soon discovers that nothing at Freddy's is what it seems.",2023-10-25,"['Horror', 'Thriller']","['night shift', 'child murder', 'restaurant', 'custody battle', 'child in peril', 'security guard', 'based on video game', 'evil child', 'duringcreditsstinger', 'troubled past', 'child neglect', 'haunted attractions', 'animatronic', 'abandoned building', 'brother sister relationship', 'supernatural horror', 'child abduction', 'horrified', 'vibrant', 'android horror', 'suspense mystery', 'youtubers']","['Josh Hutcherson', 'Piper Rubio', 'Elizabeth Lail', 'Matthew Lillard', 'Mary Stuart Masterson']",Emma Tammi,7.325,4997,10.8592,110,/7BpNtNfxuocYEVREzVMO75hso1l.jpg
438148,tt5113044,Minions: The Rise of Gru,Minions: The Rise of Gru,"A fanboy of a supervillain supergroup known as the Vicious 6, Gru hatches a plan to become evil enough to join them, with the backup of his followers, the Minions.",2022-06-29,"['Adventure', 'Animation', 'Comedy', 'Crime', 'Family', 'Science Fiction']","['1970s', 'villain', 'sequel', 'spin off', 'duringcreditsstinger', 'supervillain']","['Steve Carell', 'Pierre Coffin', 'Alan Arkin', 'Taraji P. Henson', 'Julie Andrews']",Kyle Balda,7.3,4003,10.8514,87,/wKiOkZTN9lUUUNZLmtnwubZYONg.jpg
1029529,,Powerless King,無力の王,"Set in the neon heartbeat of Yokohama, this film ignites an outrageously erotic 17-hour odyssey of desire that unleashes from a lazy Sunday afternoon to a feverish Monday dawn. A sultry fertile female college student meets a band of insatiable young men, sparking a frenzy of scintillating passion that blurs every sexual boundary. Every moment throbs with wild, uninhibited lust—a dizzying climax of youthful ardor and raw, intense, unfettered ecstasy. This cinematic explosion catapults desire into an endless flight of erotic fantasy, transforming ordinary encounters into a delirious, sensual inferno.",1981-08-29,[],[],"['Mio Takaki', 'Jinpachi Nezu', 'Junko Enjou', 'Namihiko Ohmura', 'Kazumi Sawada']",Kenji Ishiguro,6.5,2,10.8461,95,/1ygQF47pqJzqBkULLh87T6k0Mv9.jpg
72105,tt1637725,Ted,Ted,"John Bennett, a man whose childhood wish of bringing his teddy bear to life came true, now must decide between keeping the relationship with the bear or his girlfriend, Lori.",2012-06-29,"['Comedy', 'Fantasy']","['friendship', 'dreams', 'love', 'buddy', 'teddy bear', 'toy comes to life', 'wishes come true']","['Mark Wahlberg', 'Mila Kunis', 'Seth MacFarlane', 'Joel McHale', 'Giovanni Ribisi']",Seth MacFarlane,6.45,13138,10.8378,107,/1QVZXQQHCEIj8lyUhdBYd2qOYtq.jpg
967941,tt19847976,Wicked: For Good,Wicked: For Good,"As an angry mob rises against the Wicked Witch, Glinda and Elphaba will need to come together one final time. With their singular friendship now the fulcrum of their futures, they will need to truly see each other, with honesty and empathy, if they are to change themselves, and all of Oz, for good.",2025-11-19,"['Fantasy', 'Adventure', 'Romance']","['witch', 'based on novel or book', 'musical', 'female friendship', 'based on play or musical', 'sequel', 'con artist', 'prequel', 'corrupt politician', 'governess', 'fantasy world', 'witch hunt', 'wizard', 'political corruption', 'illegitimate child', 'power struggle', 'woman in wheelchair', 'farm girl', 'munchkins', 'ambiguous', 'appreciative', 'friends to rivals', 'interquel', 'forgiveness and reconciliation']","['Cynthia Erivo', 'Ariana Grande', 'Jeff Goldblum', 'Michelle Yeoh', 'Jonathan Bailey']",Jon M. Chu,6.6,973,10.8303,137,/si9tolnefLSUKaqQEGz1bWArOaL.jpg
481871,,Mother's Job,엄마의 직업,"A young man falls in love with his friend's mother.  Hyun-woo, who returned to the military, starts a part-time job at a bar in a difficult situation, where he meets Yoo-sun, a woman who captures the hearts of customers with her skillful ways. Then one day, Hyun-woo, who was alone with her, finds himself in a shock with his friends Min-seok and Yoo-sun. When Hyun-woo confesses the truth after a hard time, Yoo-sun asks her to keep her relationship secret. Hyun-woo, who failed to reject Min-seok's proposal to live in his own home, begins a breathtaking cohabitation with Yoo-sun.",2017-07-27,['Drama'],['softcore'],"['Lee Chae-dam', 'Jo Wan-jin', 'Do Mo-se', 'Ahn Na-young']",Do Bong-san,6.1,16,10.8282,79,/oIoJrYsyg34fe66BWndCit1ekUD.jpg
9340,tt0089218,The Goonies,The Goonies,"Young teen Mikey Walsh and his friends set off on a quest to find Pirate One-Eyed Willie's treasure in hopes of saving their homes from demolition. However, on their quest to find the treasure, they run into a family of recently escaped criminals, determined to capture the kids and reach the treasure first.",1985-06-07,"['Adventure', 'Comedy', 'Family']","['gang of thieves', 'treasure map', 'oregon, usa', 'gunfight', 'pirate', 'childhood friends', 'booby trap', 'water slide', 'foreclosure', 'walking the plank', 'lost treasure', 'social outcast', 'pirate ship', 'henchmen']","['Sean Astin', 'Josh Brolin', 'Jeff Cohen', 'Corey Feldman', 'Kerri Green']",Richard Donner,7.515,6214,10.823,114,/eBU7gCjTCj9n2LTxvCSIXXOvHkD.jpg
602,tt0116629,Independence Day,Independence Day,"Strange phenomena surface around the globe. The skies ignite. Terror races through the world's major cities. As these extraordinary events unfold, it becomes increasingly clear that a force of incredible magnitude has arrived. Its mission: total annihilation over the Fourth of July weekend. The last hope to stop the destruction is an unlikely group of people united by fate and unimaginable circumstances.",1996-06-25,"['Action', 'Adventure', 'Science Fiction']","['spacecraft', 'showdown', 'independence', 'patriotism', 'countdown', 'invasion', 'alien', 'ufo', 'extraterrestrial', 'creature', 'battle', 'alien invasion', 'world domination', 'area 51', 'human vs alien', 'aggressive', 'good versus evil', 'dramatic', 'audacious', 'celebratory', 'commanding']","['Will Smith', 'Bill Pullman', 'Jeff Goldblum', 'Mary McDonnell', 'Judd Hirsch']",Roland Emmerich,6.907,10391,10.8181,145,/p0BPQGSPoSa8Ml0DAf2mB2kCU0R.jpg
7485,tt0822854,Shooter,Shooter,"A top Marine sniper, Bob Lee Swagger, leaves the military after a mission goes horribly awry and disappears, living in seclusion. He is coaxed back into service after a high-profile government official convinces him to help thwart a plot to kill the President of the United States. Ultimately double-crossed and framed for the attempt, Swagger becomes the target of a nationwide manhunt. He goes on the run to track the real killer and find out who exactly set him up, and why, eventually seeking revenge against some of the most powerful and corrupt leaders in the free world.",2007-03-22,"['Drama', 'Action', 'Thriller']","['philadelphia, pennsylvania', 'assassination', 'usa president', 'based on novel or book', 'widow', 'fbi', 'ethiopia', 'on the run', 'conspiracy', 'dog', 'ex-marine', 'patriot', 'u.s. marine', 'u.s. senator', 'framed for murder', 'government corruption', 'archbishop', 'army colonel', 'manhunt', 'elite sniper', 'death of friend', 'fbi agent', 'pipeline', 'gunnery sergeant', 'fugitive suspect', 'marine sniper', 'spotter', 'marine veteran']","['Mark Wahlberg', 'Michael Peña', 'Danny Glover', 'Kate Mara', 'Elias Koteas']",Antoine Fuqua,7.121,5426,10.8156,124,/2aWGxo1E5polpBjPvtBRkWp7qaS.jpg
335983,tt1270797,Venom,Venom,"Investigative journalist Eddie Brock attempts a comeback following a scandal, but accidentally becomes the host of Venom, a violent, super powerful alien symbiote. Soon, he must rely on his newfound powers to protect the world from a shadowy organization looking for a symbiote of their own.",2018-09-28,"['Science Fiction', 'Action']","['spacecraft', 'san francisco, california', 'superhero', 'anti hero', 'alien life-form', 'based on comic', 'aftercreditsstinger', 'duringcreditsstinger', 'business tycoon', 'symbiote', 'genetic experiment', 'venom']","['Tom Hardy', 'Michelle Williams', 'Riz Ahmed', 'Scott Haze', 'Reid Scott']",Ruben Fleischer,6.8,17196,10.8064,112,/2uNW4WbgBXL25BAbXGLnLqX71Sw.jpg
1213898,tt30387012,Border 2,बॉर्डर २,"Three idealistic soldiers in the Indian army, navy and air force face grueling combat conditions in this film set during the 1971 Indo-Pak war.",2026-01-23,"['Action', 'Drama', 'War']","['1970s', 'based on true story', 'sequel', 'indian army', 'historical drama', 'india pakistan war', 'historical epic', 'war drama', 'indian air force', 'india pakistan conflict', 'epic drama']","['Sunny Deol', 'Varun Dhawan', 'Diljit Dosanjh', 'Ahan Shetty', 'Mona Singh']",Anurag Singh,7.24,25,10.801,201,/wUcttG71zo9deP4m9sDhYPUcvi5.jpg
424694,tt1727824,Bohemian Rhapsody,Bohemian Rhapsody,"Singer Freddie Mercury, guitarist Brian May, drummer Roger Taylor and bass guitarist John Deacon take the music world by storm when they form the rock 'n' roll band Queen in 1970. Hit songs become instant classics. When Mercury's increasingly wild lifestyle starts to spiral out of control, Queen soon faces its greatest challenge yet – finding a way to keep the band together amid the success and excess.",2018-10-24,"['Music', 'Drama']","['london, england', 'aids', 'musician', '1970s', 'biography', 'based on true story', 'singer', 'hiv', 'male homosexuality', 'fame', 'rock band', 'lgbt', '1980s', 'gay theme', 'excited']","['Rami Malek', 'Gwilym Lee', 'Ben Hardy', 'Joseph Mazzello', 'Lucy Boynton']",Bryan Singer,7.958,17745,10.8002,135,/lHu1wtNaczFPGFDTrjCSzeLPTKN.jpg
773543,tt14453030,Fib the Truth,Соври мне правду,"A couple in love spends time away from civilization, but the sudden arrivals of the younger sister and then the girl's ex-boyfriend violate the country idyll.",2021-09-09,"['Drama', 'Thriller']",[],"['Darya Melnikova', 'Evgeny Romantsov', 'Pavel Priluchnyy', 'Elizaveta Kononova', 'Aleksandr Oblasov']",Olga Akatyeva,5.772,90,10.7905,89,/fPUI4KHQKggOdJg9YIBCFEecuU5.jpg
1220564,tt27847051,The Secret Agent,O Agente Secreto,"Brazil, 1977. Marcelo, a technology expert in his early 40s, is on the run. Hoping to reunite with his son, he travels to Recife during Carnival but soon realizes that the city is not the safe haven he was expecting.",2025-07-23,"['Thriller', 'Drama', 'Crime']","['police', 'professor', '1970s', 'secret agent', 'dictatorship', 'on the run', 'recife', 'brazilian politics', 'brazil', 'archives', 'ditadura militar brasileira']","['Wagner Moura', 'Tânia Maria', 'Alice Carvalho', 'Maria Fernanda Cândido', 'Gabriel Leone']",Kleber Mendonça Filho,7.29,651,10.789,161,/rZqolYhxMEe6TZZTjSmFw9crDTD.jpg
854,tt0110475,The Mask,The Mask,"Stanley Ipkiss, an insecure banker who has lost his zest for life stumbles upon an ancient mask, that turns him into a confident suave cartoon-like character who upsets his ordinary life.",1994-07-29,"['Comedy', 'Fantasy', 'Crime', 'Romance']","['dual identity', 'bank', 'superhero', 'mockery', 'transformation', 'villain', 'surrealism', 'based on comic', 'slapstick comedy', 'balloon', 'dog', 'urban setting', 'jail cell', 'super villain', 'norse mythology', 'supernatural power']","['Jim Carrey', 'Peter Riegert', 'Peter Greene', 'Amy Yasbeck', 'Richard Jeni']",Chuck Russell,6.986,11217,10.7844,101,/jPC2eYub74zwf2tPGVtzSlBW6Oy.jpg
47423,tt0101020,Once a Thief,縱橫四海,Three orphans grow up to become art thieves under the tutelage of a crime boss. Romance complicates matters when the trio are double-crossed.,1991-02-02,"['Action', 'Comedy', 'Thriller', 'Crime']",[],"['Chow Yun-Fat', 'Leslie Cheung', 'Cherie Chung Cho-Hung', 'Paul Chu Kong', 'Kenneth Tsang']",John Woo,6.83,179,10.7785,109,/xCm4qIID3oyhBxRNKsYo3TpDivF.jpg
1303055,tt32323148,A Breed Apart,A Breed Apart,"When Violet accepts an invitation to a private island with some of the world's most famous social influencers, she expects a weekend of unrivaled viral opportunity. She soon becomes part of her own horrific reality show when the guests are pitted against each other to capture the island's legendary man-eating dogs before they become victims of the monstrous canines.",2025-05-16,"['Horror', 'Mystery', 'Action']","['sequel', 'dog', 'biting', 'aggressive', 'killer dog', 'absurd', 'the breed']","['Grace Caroline Currey', 'Virginia Gardner', 'Riele Downs', 'Zak Steiner', 'Page Kennedy']",Nathan Furst,5.514,36,10.772,100,/6IiNUUV6H2W1wUc8e1w4GfuQCOE.jpg
335787,tt1464335,Uncharted,Uncharted,"A young street-smart, Nathan Drake and his wisecracking partner Victor “Sully” Sullivan embark on a dangerous pursuit of “the greatest treasure never found” while also tracking clues that may lead to Nathan’s long-lost brother.",2022-02-10,"['Action', 'Adventure']","['lighter', 'treasure hunt', 'treasure map', 'based on video game', 'lost treasure', 'duringcreditsstinger', 'missing relative']","['Tom Holland', 'Mark Wahlberg', 'Sophia Ali', 'Tati Gabrielle', 'Antonio Banderas']",Ruben Fleischer,6.874,6781,10.771,116,/rJHC1RUORuUhtfNb4Npclx0xnOf.jpg
348893,tt3344680,Boyka: Undisputed IV,Boyka: Undisputed IV,"In the fourth installment of the fighting franchise, Boyka is shooting for the big leagues when an accidental death in the ring makes him question everything he stands for. When he finds out the wife of the man he accidentally killed is in trouble, Boyka offers to fight in a series of impossible battles to free her from a life of servitude.",2016-08-01,"['Action', 'Drama', 'Thriller', 'Crime']","['prison', 'martial arts', 'sports', 'wife', 'affectation', 'sequel', 'accidental death', 'fighting', 'hostile', 'critical', 'intense', 'ambivalent', 'antagonistic', 'appreciative', 'assertive', 'authoritarian', 'complicated', 'conceited', 'defiant', 'disheartening', 'earnest', 'empathetic', 'excited', 'gentle']","['Scott Adkins', 'Teodora Duhovnikova', 'Alon Aboutboul', 'Julian Vergov', 'Martyn Ford']",Todor Chapkanov,7.177,1448,10.763,87,/7QGdIJWWTkPhVjpQ0zA6z69khod.jpg
10198,tt0780521,The Princess and the Frog,The Princess and the Frog,"A waitress, desperate to fulfill her dreams as a restaurant owner, is set on a journey to turn a frog prince back into a human being, but she has to face the same problem after she kisses him.",2009-12-08,"['Animation', 'Romance', 'Fantasy', 'Family']","['princess', 'voodoo', 'new orleans, louisiana', 'restaurant', 'villain', 'kiss', 'musical', 'turns into animal', 'cajun', 'firefly', 'based on fairy tale', 'duringcreditsstinger', 'big dreams', 'frog prince', 'charlatan', '1920s', 'magic spell', 'loving', 'cheerful']","['Anika Noni Rose', 'Bruno Campos', 'Jim Cummings', 'Michael-Leon Wooley', 'Keith David']",Ron Clements,7.2,6094,10.758,98,/v6nAUs62OJ4DXmnnmPFeVmMz8H9.jpg
813,tt0080339,Airplane!,Airplane!,An ex-fighter pilot forced to take over the controls of an airliner when the flight crew succumbs to food poisoning.,1980-06-27,['Comedy'],"['chicago, illinois', 'post-traumatic stress disorder (ptsd)', 'airplane', 'cataclysm', 'nun', 'guitar', 'alcohol', 'stewardess', 'taxi driver', 'passenger', 'fear of flying', 'pilot', 'medicine', 'air controller', 'landing', 'saxophone', 'autopilot', 'parody', 'spoof', 'food poisoning', 'los angeles, california', 'alcohol abuse', 'aftercreditsstinger', 'disaster movie', 'inflatable life raft', 'anarchic comedy', 'anxious', 'dignified', 'joyful']","['Robert Hays', 'Julie Hagerty', 'Leslie Nielsen', 'Kareem Abdul-Jabbar', 'Lloyd Bridges']",Jim Abrahams,7.308,5052,10.7574,88,/7Q3efxd3AF1vQjlSxnlerSA7RzN.jpg
621,tt0077631,Grease,Grease,"Australian good girl Sandy and greaser Danny fell in love over the summer. But when they unexpectedly discover they're now in the same high school, will they be able to rekindle their romance despite their eccentric friends?",1978-06-16,"['Romance', 'Comedy']","['australia', 'high school', 'flying car', 'california', 'jealousy', 'street gang', 'cheerleader', 'dance competition', 'carnival', 'musical', 'based on play or musical', 'rivalry', 'high school graduation', 'high school friends', 'tv show in film', 'gossip', 'makeover', 'clique', 'greaser', 'school dance', 'animated credits', 'pep rally', 'wrong side of the tracks', 'mooning', 'opposites attract', 'letterman jacket', 'girl gang', 'track and field', 'summer romance', '1950s', 'sweethearts', 'street racing', 'west side story', 'goody two shoes', 'rival gang', 'going steady', 'two-faced']","['Olivia Newton-John', 'John Travolta', 'Stockard Channing', 'Jeff Conaway', 'Barry Pearl']",Randal Kleiser,7.371,7651,10.7385,110,/2rM7fQKpb7cs1Iq7IBqub9LFDzJ.jpg
76,tt0112471,Before Sunrise,Before Sunrise,"An unexpected meeting on a train leads two travelers to spend an evening wandering through Vienna. As the night unfolds, they share stories and conversations about life and love, exploring new ideas while a quiet intimacy grows between them, knowing it may be their only night together.",1995-01-27,"['Drama', 'Romance']","['talking', 'soulmates', 'walking', 'austria', 'vienna, austria', 'semi autobiographical', 'playful', 'cliché']","['Ethan Hawke', 'Julie Delpy', 'Andrea Eckert', 'Hanno Pöschl', 'Karl Bruckschwaiger']",Richard Linklater,7.975,4667,10.7317,101,/kf1Jb1c2JAOqjuzA3H4oDM263uB.jpg
61979,tt1648216,Three Steps Above Heaven,Tres metros sobre el cielo,"Babi, a sheltered upper-class girl, and Hache, a reckless rebel obsessed with illegal motorcycle races, fall into a forbidden love that pulls them deeper into passion and risk.",2010-12-03,"['Romance', 'Drama']","['friendship', 'based on novel or book', 'rebel', 'forbidden love', 'motorcycle crash', 'motor sport', 'street race', 'love', 'best friend', 'motorcycle', 'teenage love', 'first love', 'young love', 'teen rebel', 'based on young adult novel']","['Mario Casas', 'María Valverde', 'Álvaro Cervantes', 'Marina Salas', 'Luis Fernández']",Fernando González Molina,7.724,3218,10.7295,122,/xeWyY2s13dRlKOLk4E3TkXgM4sS.jpg
588,tt0384537,Silent Hill,Silent Hill,"Rose, a desperate mother, takes her adopted daughter, Sharon, to the town of Silent Hill in an attempt to cure her of her ailment. After a violent car crash, Sharon disappears, and Rose embarks on a horrific journey to get her back and begins to uncover the truth behind the apocalyptic disaster that burned the town 30 years earlier.",2006-04-21,"['Horror', 'Mystery']","['hotel', 'pedophilia', 'child abuse', 'monster', 'suffering', 'nurse', 'nun', 'darkness', 'sadism', 'orphanage', 'classroom', 'moral ambiguity', 'child murder', 'mother role', 'witch burning', 'symbolism', 'supernatural', 'fog', 'possession', 'heroism', 'gore', 'barbed wire', 'surrealism', 'revenge', 'survival', 'religion', 'school', 'hospital', 'another dimension', 'torture', 'creature', 'massacre', 'pedophile', 'brutality', 'demon', 'religious fundamentalism', 'child molester', 'gothic', 'conscience', 'molestation', 'based on video game', 'missing child', 'dismemberment', 'persecution', 'religious cult', 'child molestation', 'ghost town', 'mist', 'immolation', 'evil child', 'sleepwalking', 'nightmare becomes reality', 'limbo', 'bugs', 'sexual predator', 'mother daughter relationship', 'biopunk', 'skinning', 'supernatural power', 'supernatural horror', 'psychotronic film', 'extreme violence', 'child sexual abuse', 'evil little girl', 'religious fanaticism']","['Radha Mitchell', 'Sean Bean', 'Jodelle Ferland', 'Laurie Holden', 'Deborah Kara Unger']",Christophe Gans,6.626,4862,10.7226,125,/r0bEDWO2w4a43K2xTNSF284qOsc.jpg
577922,tt6723592,Tenet,Tenet,"Armed with only one word - Tenet - and fighting for the survival of the entire world, the Protagonist journeys through a twilight world of international espionage on a mission that will unfold in something beyond real time.",2020-08-22,"['Action', 'Thriller', 'Science Fiction']","['assassin', 'espionage', 'spy', 'time travel', 'mumbai (bombay), india', 'arms dealer', 'terrorism', 'terrorist attack', 'nuclear weapons', 'terrorist plot', 'backwards', 'alternate timeline', 'oslo, norway', 'curious', 'time paradox', 'kyiv (kiev), ukraine', 'complex', 'ambivalent', 'complicated']","['John David Washington', 'Robert Pattinson', 'Elizabeth Debicki', 'Kenneth Branagh', 'Dimple Kapadia']",Christopher Nolan,7.175,11068,10.718,150,/aCIFMriQh8rvhxpN1IWGgvH0Tlg.jpg
1620996,tt37897225,The Blue Box,La caja azul,"Pablo is a young, wealthy but solitary man traumatized by a fatal car accident. He meets Lara through a dating app tied to an exchange of the titular blue box. As their relationship grows, Lara draws Pablo out of his shell. But an anonymous warning alerts Pablo that Lara may not be all that she seems. What begins as an intimate connection gradually turns into a tense psychological game of cat and mouse, forcing Pablo to confront both his past and the true nature of the woman he is falling in love with.",2026-04-16,"['Romance', 'Thriller']","['psychological thriller', 'online dating', 'romantic thriller']","['Luisana Lopilato', 'Gustavo Bassani', 'Jean Pierre Noher', 'Pedro Merlo', 'Fabian Novell']",Martín Hodara,8.0,18,10.7128,84,/dkIzjzfv7TbXqjbJKM51CZYORaR.jpg
413846,tt4959750,1992,1992,"In 1992, Mercer is desperately trying to rebuild his life and his relationship with his son amidst the turbulent Los Angeles uprising following the Rodney King verdict. Across town, another father and son put their own strained relationship to the test as they plot a dangerous heist to steal catalytic converters, which contain valuable platinum from the factory where Mercer works. As tensions rise and chaos erupts, both families reach their boiling points when their worlds collide.",2024-08-29,"['Crime', 'Thriller', 'Action']","['looting', 'race politics', 'street riots', 'based on true story', 'racial tension', '1990s', 'los angeles riots', 'racial injustice']","['Tyrese Gibson', 'Scott Eastwood', 'Ray Liotta', 'Dylan Arnold', 'Oleg Taktarov']",Ariel Vromen,6.901,218,10.7108,96,/tPvFmQZM5HMspryyYbrtW02NR0G.jpg
330457,tt4520988,Frozen II,Frozen II,"Elsa, Anna, Kristoff and Olaf head far into the forest to learn the truth about an ancient mystery of their kingdom.",2019-11-20,"['Family', 'Animation', 'Adventure', 'Comedy', 'Fantasy']","['princess', 'magic', 'kingdom', 'winter', 'queen', 'castle', 'musical', 'sequel', 'dam', 'spirit', 'aftercreditsstinger', 'frozen', 'personification', 'thoughtful', 'mother daughter relationship', 'compassionate']","['Idina Menzel', 'Kristen Bell', 'Josh Gad', 'Jonathan Groff', 'Evan Rachel Wood']",Jennifer Lee,7.232,10263,10.7064,103,/mINJaa34MtknCYl5AjtNJzWj8cD.jpg
18491,tt0169858,Neon Genesis Evangelion: The End of Evangelion,新世紀エヴァンゲリオン劇場版 Air／まごころを、君に,"SEELE orders an all-out attack on NERV, aiming to destroy the Evas before Gendo can advance his own plans for the Human Instrumentality Project. Shinji is pushed to the limits of his sanity as he is forced to decide the fate of humanity.",1997-07-19,"['Animation', 'Science Fiction', 'Drama', 'Fantasy']","['philosophy', 'insanity', 'post-apocalyptic future', 'futuristic', 'end of the world', 'mecha', 'avant-garde', 'meaningless existence', 'rebirth', 'anime', 'philosophical', 'psychological terror', 'complex', 'anxious', 'based on tv series', 'introspective', 'existential horror', 'alternate ending', 'experimental surrealism', 'intense', 'distressing', 'sincere', 'sympathetic']","['Megumi Ogata', 'Megumi Hayashibara', 'Kotono Mitsuishi', 'Yuko Miyamura', 'Fumihiko Tachiki']",Kazuya Tsurumaki,8.3,1843,10.6663,87,/j6G24dqI4WgUtChhWjfnI4lnmiK.jpg
940721,tt23289160,Godzilla Minus One,ゴジラ-1.0,"In postwar Japan, Godzilla brings new devastation to an already scorched landscape. With no military intervention or government help in sight, the survivors must join together in the face of despair and fight back against an unrelenting horror.",2023-11-03,"['Science Fiction', 'Horror', 'Action']","['monster', 'loss of loved one', 'giant monster', 'kamikaze', 'duty', 'atomic bomb test', 'radioactivity', 'naval combat', 'reboot', 'kaiju', 'macabre', 'duringcreditsstinger', 'post war japan', '1940s', 'naval battle', 'naval battleship', ""survivor's guilt"", 'found family', 'godzilla', 'war orphan', 'tokusatsu']","['Ryunosuke Kamiki', 'Minami Hamabe', 'Yuki Yamada', 'Munetaka Aoki', 'Hidetaka Yoshioka']",Takashi Yamazaki,7.6,3147,10.65,125,/2E2WTX0TJEflAged6kzErwqX1kt.jpg
688,tt0112579,The Bridges of Madison County,The Bridges of Madison County,Photographer Robert Kincaid wanders into the life of housewife Francesca Johnson for four days in the 1960s.,1995-06-02,"['Drama', 'Romance']","['adultery', 'secret love', 'husband wife relationship', 'based on novel or book', ""love of one's life"", 'unsociability', 'marriage crisis', 'photographer', 'love at first sight', 'photography', 'peasant', 'mother role', 'iowa', 'bridge', 'housewife', 'love letter', 'romantic']","['Meryl Streep', 'Clint Eastwood', 'Annie Corley', 'Victor Slezak', 'Jim Haynie']",Clint Eastwood,7.706,2364,10.6494,135,/aCBrhOQjhG397GLkEZ49zReQEKX.jpg
43947,tt1242432,I Spit on Your Grave,I Spit on Your Grave,"A beautiful woman from the city, Jennifer Hills, rents an isolated cabin in the country to write her latest novel. Soon, a group of local lowlifes subject her to a nightmare of degradation, rape, and violence.",2010-06-17,"['Thriller', 'Crime', 'Horror']","['rape', 'fondling', 'remake', 'revenge', 'writer', 'garden shears', 'rape and revenge', 'emasculation']","['Sarah Butler', 'Jeff Branson', 'Tracey Walter', 'Andrew Howard', 'Chad Lindberg']",Steven R. Monroe,6.508,2550,10.6232,108,/xDbNbIqsdA1D0W2gve2QRTp4z83.jpg
244998,tt3088040,Senario XX,Senario XX,"One alien crashed in a small village in Malaysia, create havoc with the villagers. To make it worst, there is some bad alien who pursue him.",2005-05-19,"['Comedy', 'Adventure', 'Action']",[],"['Wahid Senario', 'Nur Fazura', 'Saiful Apek', 'Yassin Senario', 'Mazlan Pet Pet']",Aziz M. Osman,0.0,0,10.5954,93,/scoQLzyPEsL7pSzN22Af2xKzl35.jpg
1735,tt0859163,The Mummy: Tomb of the Dragon Emperor,The Mummy: Tomb of the Dragon Emperor,"Archaeologist Rick O'Connell travels to China, pitting him against an emperor from the 2,000-year-old Han dynasty who's returned from the dead to pursue a quest for world domination. This time, O'Connell enlists the help of his wife and son to quash the so-called 'Dragon Emperor' and his abuse of supernatural power.",2008-07-01,"['Adventure', 'Action', 'Fantasy']","['china', 'sword', 'pyramid', 'mummy', 'yeti', 'chinese emperor', 'tomb', 'great wall of china', 'terracotta army', '1940s', '3rd century bc']","['Brendan Fraser', 'Maria Bello', 'John Hannah', 'Luke Ford', 'Isabella Leong Lok-Sze']",Rob Cohen,5.517,4798,10.5818,112,/A3acM1lX5PNWQa6r5qeMAJOxbnT.jpg
1212763,tt31170389,Evil Dead Burn,Evil Dead Burn,"After the loss of her husband, a woman seeks solace with her in-laws in their secluded family home. As one by one they are transformed into Deadites—turning the gathering into a family reunion from hell—she comes to discover that the vows she took in life... live on even in death.",2026-07-08,"['Horror', 'Fantasy']","['possession', 'sequel', 'spirit', 'demon', 'family', 'book of the dead', 'evil dead', 'demonic possession', 'supernatural horror']","['Souheila Yacoub', 'Tandi Wright', 'Hunter Doohan', 'Luciane Buchanan', 'Erroll Shand']",Sébastien Vaniček,0.0,0,10.5807,0,/ztadKzIIR0ERYqpHteaPFtk7inP.jpg
19173,tt1111890,Diary of a Nymphomaniac,Diario de una ninfómana,"A chronicle of the life of a middle-class French girl's sexual adventures, her then fall into prostitution, and her ultimate redemption.",2008-10-17,"['Drama', 'Romance']","['eroticism', 'nymphomaniac', 'prostitution', 'softcore', 'red dress', 'promiscuous past', 'nymphomania']","['Belén Fabra', 'Leonardo Sbaraglia', 'Llum Barrera', 'Geraldine Chaplin', 'Ángela Molina']",Christian Molina,5.637,361,10.5774,102,/yVYTeiFv7oQsSQF9OBRngg7ZqLg.jpg
1305781,tt32649961,Blades of the Guardians: Wind Rises in the Desert,镖人：风起大漠,"Dao Ma, the ""second most wanted fugitive,"" is entrusted by his benefactor, the chief of Mo family clan, to take on a mysterious escort mission-escorting the ""most wanted fugitive"" to Chang'an.",2026-02-17,"['Action', 'Drama', 'History']","['martial arts', 'bounty hunter', 'wuxia', 'historical drama', 'historical epic', 'a.d. anno domini', 'based on manhua', 'admiring']","['Wu Jing', 'Nicholas Tse Ting-Fung', 'Yu Shi', 'Chen Lijun', 'Sun Yizhou']",Yuen Woo-Ping,7.1,36,10.5737,126,/AbunjMKX4P1sDNlKfhYrWkIoRD9.jpg
1588846,tt39018730,Ekis,Ekis,"Erik Matti’s classic Ekis gets a bold reboot with an all-girls ensemble led by Angela Morena, Cheena Dizon, and Aliya Raymundo. A crew of female thugs launches a kidnap-for-ransom plot, but when things go wrong, escaping the chaos becomes impossible.",2025-12-19,['Drama'],['sexy'],"['Angela Morena', 'Cheena Dizon', 'Aliya Raymundo', 'Astrid Lee', 'Arnold Reyes']",Christian Paolo Lat,6.2,4,10.5733,107,/vuUvGqqGabV422qzjGWPlhRuvN0.jpg
1241470,tt31179712,Osiris,Osiris,"Special Forces commandos on a mission are abducted mid-operation by a mysterious spacecraft. Upon waking aboard, they find themselves prey to a relentless alien race in a fight for survival.",2025-07-25,"['Science Fiction', 'Action', 'Horror']","['spacecraft', 'special forces', 'absurd']","['Max Martini', 'Brianna Hildebrand', 'LaMonica Garrett', 'Michael Irby', 'Linda Hamilton']",William Kaufman,6.021,236,10.5622,108,/3YtZHtXPNG5AleisgEatEfZOT2w.jpg
1146506,tt28761147,CatBoy,CatBoy,"Marc, after receiving several racist and plumophobic comments on a gay dating app, receives a message from his friend Cacao inviting him to a Ballroom. Marc decides to go, there he is surprised by the freedom and diversity of the environment. Arriving at the bar, he exchanges glances with Leo, an attractive guy. After watching her friend walk, the two have an intimate conversation where Cacao encourages Marc to walk that night. Once the Catboy Sex Siren category arrives, Leo goes for a walk while Marc observes the situation with a mixture of desire and doubt.",2023-07-01,['Drama'],"['gay theme', '同性']","['Javier des León', 'Cacao Díaz', 'Gorgeous Jayce Gucci', 'Chap Rodríguez Rosell', 'Panterino']",Cristian Sitjas,0.0,0,10.555,31,/pmQu4abmp3qE3A18DDT0olHUSb4.jpg
9757,tt0477051,Norbit,Norbit,"A mild-mannered guy who is engaged to a monstrous woman meets the woman of his dreams, and schemes to find a way to be with her.",2007-02-08,['Comedy'],"['orphanage', 'overweight woman']","['Eddie Murphy', 'Thandiwe Newton', 'Terry Crews', 'Clifton Powell', 'Lester Speight']",Brian Robbins,5.668,2587,10.5491,102,/XcZ5NzygPp54csxCnzvQKuxFL2.jpg
1227421,,近親相姦×真正中出し,近親相姦×真正中出し,,2013-01-13,[],[],['Ai Uehara'],,0.0,0,10.5377,126,/ixWj92vmxXQjwxWeF2BNS1NAgmk.jpg
1585,tt0038650,It's a Wonderful Life,It's a Wonderful Life,"George Bailey has spent his entire life giving to the people of Bedford Falls.  All that prevents rich skinflint Mr. Potter from taking over the entire town is George's modest building and loan company.  But on Christmas Eve the business's $8,000 is lost and George's troubles begin.",1946-12-20,"['Drama', 'Family', 'Fantasy']","['small town', 'angel', 'suicide attempt', 'holiday', 'christianity', 'bank', 'great depression', 'family business ', 'black and white', 'nervous breakdown', 'old house', 'newlywed', 'magic realism', 'told in flashback', 'guardian angel', 'high school dance', 'christmas', 'candid', 'what if', 'christian film', 'christmas eve', 'christian faith', 'adoring', 'amused']","['James Stewart', 'Donna Reed', 'Lionel Barrymore', 'Thomas Mitchell', 'Henry Travers']",Frank Capra,8.28,4886,10.5367,131,/bSqt9rhDZx1Q7UZ86dBPKdNomp2.jpg
53851,tt0029899,The Baroness and the Butler,The Baroness and the Butler,A Butler gets elected to the Hungarian parliament where he opposes his master's government.,1938-02-18,"['Comedy', 'Drama', 'Romance']","['butler', 'parliament']","['William Powell', 'Annabella', 'Helen Westley', 'Henry Stephenson', 'Joseph Schildkraut']",Walter Lang,5.281,16,10.5341,80,/806prpx0S14TH2wuyxvOffrqJgZ.jpg
607,tt0119654,Men in Black,Men in Black,"After a police chase with an otherworldly being, a New York City cop is recruited as an agent in a top-secret organization established to monitor and police alien activity on Earth: the Men in Black. Agent K and new recruit Agent J find themselves in the middle of a deadly plot by an intergalactic terrorist who has arrived on Earth to assassinate two ambassadors from opposing galaxies.",1997-07-02,"['Action', 'Adventure', 'Comedy', 'Science Fiction']","['new york city', 'cannon', 'space marine', 'flying saucer', 'undercover', 'secret identity', 'superhero', 'deportation', 'illegal immigration', 'new identity', 'stay permit', 'giant cockroach', 'based on comic', 'alien', 'buddy cop', 'fictional government agency', 'hilarious', 'intense']","['Tommy Lee Jones', 'Will Smith', 'Linda Fiorentino', ""Vincent D'Onofrio"", 'Rip Torn']",Barry Sonnenfeld,7.221,14793,10.5234,98,/uLOmOF5IzWoyrgIF5MfUnh5pa1X.jpg
631318,,Female Teacher Diary 3: Hidden Sex,女教師日記3 秘められた性,"When she takes off her teacher clothes, her womanhood breaks...  Satoko, a new teacher, is frightened by the hungry gazes of frustrated male students, and is bullied every day by delinquent students such as Hinata Masaaki. Unable to resist, she just lets things happen, and her only emotional solace is through computer communications. As she becomes addicted to lewd sex with the people she is communicating with, a shocking event befalls her...",1997-06-11,[],"['softcore', 'pink film', 'female teacher']","['Hitoe Ootake', 'Yoichiro Saito', 'Rie Shibata']",Hiroaki Ito,4.0,3,10.5204,74,/iG2OcU7azeRrtD2xoZznvQaDiTb.jpg
11836,tt0345950,The SpongeBob SquarePants Movie,The SpongeBob SquarePants Movie,"There's trouble brewing in Bikini Bottom. Someone has stolen King Neptune's crown, and it looks like Mr. Krab, SpongeBob's boss, is the culprit. Though he's just been passed over for the promotion of his dreams, SpongeBob stands by his boss, and along with his best pal Patrick, sets out on a treacherous mission to Shell City to reclaim the crown and save Mr. Krab's life.",2004-11-19,"['Adventure', 'Animation', 'Comedy', 'Family', 'Fantasy']","['sea', 'ocean', 'falsely accused', 'mermaid', 'villain', 'crown', 'squid', 'crab', 'underwater', 'aftercreditsstinger', 'duringcreditsstinger', 'starfish', 'live action and animation', 'based on tv series', 'admiring', 'adoring', 'approving', 'spongebob']","['Tom Kenny', 'Clancy Brown', 'Rodger Bumpass', 'Bill Fagerbakke', 'Mr. Lawrence']",Stephen Hillenburg,7.081,3183,10.5096,87,/1rvzKV1d18EbDVaEd4VDzK3cgnY.jpg
207703,tt2802144,Kingsman: The Secret Service,Kingsman: The Secret Service,The story of a super-secret spy organization that recruits an unrefined but promising street kid into the agency's ultra-competitive training program just as a global threat emerges from a twisted tech genius.,2015-01-24,"['Crime', 'Comedy', 'Action', 'Adventure']","['great britain', 'spy', 'secret organization', 'microchip', 'secret agent', 'training', 'based on comic', 'implant', 'united kingdom', 'duringcreditsstinger', 'global threat', 'abusive stepfather']","['Taron Egerton', 'Colin Firth', 'Samuel L. Jackson', 'Mark Strong', 'Sophie Cookson']",Matthew Vaughn,7.62,17780,10.5036,129,/r6q9wZK5a2K51KFj4LWVID6Ja1r.jpg
1239198,tt31116965,My Dearest Señorita,Mi querida señorita,"A young woman from a traditional family learns she's intersex, sparking a journey of self-discovery, gender identity and love found in unexpected places.",2026-04-17,"['Drama', 'Romance']","['spain', 'madrid, spain', 'self-discovery', 'intersexuality', 'remake', 'pamplona', 'gender identity', 'intersex']","['Elisabeth Martínez', 'Anna Castillo', 'Nagore Aranburu', 'Eneko Sagardoy', 'Manu Ríos']",Fernando González Molina,6.109,23,10.4993,116,/cTcJs2bEsJDhQEpeYSOZD3yayZI.jpg
49444,tt1302011,Kung Fu Panda 2,Kung Fu Panda 2,"Po is finally living the dream as the Dragon Warrior—until a shadow from his past comes roaring back. When the ruthless peacock Lord Shen unleashes a devastating new weapon used to wipe out kung fu masters across the land, Po and the Furious Five race across China to put an end to his plans. But if Po is to have any hope of stopping him, he must first confront the truth of his origins—and find inner peace before his past tears him apart.",2011-05-25,"['Animation', 'Family', 'Comedy', 'Action']","['mission', 'martial arts', 'kung fu', 'fortune teller', 'post-traumatic stress disorder (ptsd)', 'prophecy', 'hope', 'villain', 'chosen one', 'fleet', 'sequel', 'panda', 'friends', 'genocide', 'woman director', 'henchmen', 'traumatic past', 'awestruck', 'post traumatic growth']","['Jack Black', 'Angelina Jolie', 'Dustin Hoffman', 'Gary Oldman', 'Jackie Chan']",Jennifer Yuh Nelson,7.059,7852,10.4948,91,/mtqqD00vB4PGRt20gWtGqFhrkd0.jpg
562,tt0095016,Die Hard,Die Hard,"NYPD cop John McClane's plan to reconcile with his estranged wife is thrown for a serious loop when, minutes after he arrives at her office's Christmas Party, the entire building is overtaken by a group of terrorists. With little help from the LAPD, wisecracking McClane sets out to single-handedly rescue the hostages and bring the bad guys down.",1988-07-15,"['Action', 'Thriller']","['husband wife relationship', 'based on novel or book', 's.w.a.t.', 'fbi', 'christmas party', 'vault', 'heist', 'murder', 'shootout', 'los angeles, california', 'terrorism', 'one man army', 'explosion', 'police officer', 'hostage negotiator', 'one night', 'lapd', 'christmas', '1980s', 'action hero', 'hostages', 'patrol officer', 'absurd', 'high octane', 'suspenseful', 'amused', 'excited']","['Bruce Willis', 'Alan Rickman', 'Alexander Godunov', 'Bonnie Bedelia', 'Reginald VelJohnson']",John McTiernan,7.81,12246,10.4942,132,/7Bjd8kfmDSOzpmhySpEhkUyK2oH.jpg
87101,tt1340138,Terminator Genisys,Terminator Genisys,"The year is 2029. John Connor, leader of the resistance continues the war against the machines. At the Los Angeles offensive, John's fears of the unknown future begin to emerge when TECOM spies reveal a new plot by SkyNet that will attack him from both fronts; past and future, and will ultimately change warfare forever.",2015-06-23,"['Science Fiction', 'Action', 'Thriller']","['future', 'artificial intelligence (a.i.)', 'saving the world', 'cyborg', 'killer robot', 'dystopia', 'time travel', 'sequel', 'robot', 'duringcreditsstinger', 'aggressive', 'intense', 'amused']","['Emilia Clarke', 'Jai Courtney', 'Arnold Schwarzenegger', 'Jason Clarke', 'Matt Smith']",Alan Taylor,5.952,8946,10.4884,126,/oZRVDpNtmHk8M1VYy1aeOWUXgbC.jpg
10591,tt0265208,The Girl Next Door,The Girl Next Door,"Exceptionally ambitious high schooler Matthew has aspirations for a career in politics when he falls in love with his gorgeous 19-year-old neighbor, Danielle. But Matthew's bright future is jeopardized when he finds Danielle was once a porn star. As Danielle's past catches up with her, Matthew's love for her forces him to re-evaluate his goals.",2004-04-09,"['Comedy', 'Romance']","['high school', 'porn actor', 'pornographic video', 'school party', 'blonde', 'prom', 'sexual attraction', 'teenage boy', 'porn industry', 'sex comedy', 'girl next door', 'sex video', 'loving']","['Emile Hirsch', 'Elisha Cuthbert', 'Timothy Olyphant', 'Christopher Rodriguez Marquette', 'Paul Dano']",Luke Greenfield,6.739,3984,10.4792,110,/5mVyFHSY2rSsNgD4NfEwV82HigU.jpg
36647,tt0120611,Blade,Blade,"The Daywalker known as ""Blade"" - a half-vampire, half-mortal man - becomes the protector of humanity against an underground army of vampires.",1998-08-21,"['Horror', 'Action']","['martial arts', 'hero', 'vampire', 'superhero', 'supernatural', 'based on comic', 'rivalry', 'vampire hunter (slayer)', 'sword fight', 'revenge', 'tragic hero', 'one man army', 'martial arts master', 'scientist', 'super power', 'blade', 'secret headquarters', 'escapade', 'deadly', 'master warrior', 'urban gothic', 'good versus evil']","['Wesley Snipes', 'Stephen Dorff', 'Kris Kristofferson', ""N'Bushe Wright"", 'Donal Logue']",Stephen Norrington,6.8,6677,10.4777,121,/oWT70TvbsmQaqyphCZpsnQR7R32.jpg
770,tt0031381,Gone with the Wind,Gone with the Wind,The spoiled daughter of a Georgia plantation owner conducts a tumultuous romance with a cynical profiteer during the American Civil War and Reconstruction Era.,1939-12-15,"['Drama', 'War', 'Romance']","['civil war', 'based on novel or book', 'marriage crisis', 'loss of loved one', 'widow', 'atlanta', 'slavery', 'plantation', 'typhus', 'romance', 'casualty of war', 'second marriage', 'revisionist history', 'american civil war', 'candid', 'racist stereotype', 'reconstruction era', 'businesswoman', '1860s', '1870s', 'antebellum south', 'amused', 'powerful', 'pro slavery', 'lost cause']","['Vivien Leigh', 'Clark Gable', 'Olivia de Havilland', 'Leslie Howard', 'Hattie McDaniel']",Victor Fleming,7.9,4366,10.469,233,/lNz2Ow0wGCAvzckW7EOjE03KcYv.jpg
76492,tt0837562,Hotel Transylvania,Hotel Transylvania,"Welcome to Hotel Transylvania, Dracula's lavish five-stake resort, where monsters and their families can live it up and no humans are allowed. One special weekend, Dracula has invited all his best friends to celebrate his beloved daughter Mavis's 118th birthday. For Dracula catering to all of these legendary monsters is no problem but the party really starts when one ordinary guy stumbles into the hotel and changes everything!",2012-09-20,"['Animation', 'Comedy', 'Family', 'Fantasy']","['hotel', 'witch', 'vampire', 'romance', 'love', 'zombie', 'invisible person', 'duringcreditsstinger', 'nosferatu', 'protective father', 'magical creature', 'philosophical', 'father daughter relationship', '3d animation']","['Adam Sandler', 'Andy Samberg', 'Selena Gomez', 'Kevin James', 'Fran Drescher']",Genndy Tartakovsky,6.963,9160,10.4662,91,/eJGvzGrsfe2sqTUPv5IwLWXjVuR.jpg
49519,tt0481499,The Croods,The Croods,"The prehistoric Croods family live in a particularly dangerous moment in time. Patriarch Grug, his mate Ugga, teenage daughter Eep, son Thunk, and feisty Gran gather food by day and huddle together in a cave at night. When a more evolved caveman named Guy arrives on the scene, Grug is distrustful, but it soon becomes apparent that Guy is correct about the impending destruction of their world.",2013-03-15,"['Animation', 'Adventure', 'Family', 'Comedy']","['daughter', 'parent child relationship', 'stone age', 'father', 'prehistory', 'ancient world', 'family', 'cavemen', 'aftercreditsstinger', 'duringcreditsstinger', 'pets']","['Nicolas Cage', 'Emma Stone', 'Ryan Reynolds', 'Catherine Keener', 'Cloris Leachman']",Kirk DeMicco,6.937,7515,10.4588,99,/27zvjVOtOi5ped1HSlJKNsKXkFH.jpg
9769,tt0119558,Lolita,Lolita,"Humbert Humbert is a middle-aged British novelist who is both appalled by and attracted to the vulgarity of American culture. When he comes to stay at the boarding house run by Charlotte Haze, he soon becomes obsessed with Lolita, the woman's teenaged daughter.",1997-09-27,['Drama'],"['jealousy', 'based on novel or book', 'police', 'obsession', 'professor', 'blackmail', 'seduction', 'road trip', 'teacher', 'love', 'murder', 'older man younger woman relationship', 'lust', 'desire', 'illness', 'underage', 'voyeurism', 'flirtation', 'virginity', 'sex with a minor']","['Jeremy Irons', 'Dominique Swain', 'Melanie Griffith', 'Frank Langella', 'Suzanne Shepherd']",Adrian Lyne,7.1,1956,10.4541,137,/9INcC14WZjCMKGE360VXmklCLdZ.jpg
11423,tt0353969,Memories of Murder,살인의 추억,"A sadistic serial rapist and murderer of young women terrorizes a small province in 1980s South Korea. To prevent further crimes, three increasingly desperate detectives with conflicting methods race against time to unravel the violent mind of the killer in a futile effort to solve the case.",2003-04-25,"['Crime', 'Drama', 'Thriller']","['assassin', 'police brutality', 'rape', 'corruption', 'police', 'detective', 'investigation', 'victim', 'based on true story', 'based on play or musical', 'murder', 'serial killer', 'torture', 'brutality', 'killer', 'neo-noir', 'frantic', '1980s', 'anxious', 'south korea', 'dramatic']","['Song Kang-ho', 'Kim Sang-kyung', 'Kim Roi-ha', 'Song Jae-ho', 'Byun Hee-bong']",Bong Joon Ho,8.057,4561,10.4518,131,/dsEoTJKM1s5OVDkS2P2JdoTxo4K.jpg
257344,tt2120120,Pixels,Pixels,Video game experts are recruited by the military to fight 1980s-era video game characters who've attacked New York.,2015-07-16,"['Action', 'Comedy', 'Science Fiction']","['new york city', 'london, england', 'usa president', 'washington dc, usa', 'video game', 'nerd', 'alien', 'gamer', 'single mother', 'alien invasion', 'divorcee', 'centipede', 'childhood friends', 'military', 'gaming', 'aftercreditsstinger', 'duringcreditsstinger', 'divorced man', 'alien attack', '1980s', 'cable guy', 'live action and animation', 'donkey kong', 'darpa', 'taj mahal, india', 'guam', 'arcade game', 'world war', 'alternative world', 'old school', 'based on short film', 'pattern', 'best friends', 'pixelation', 'video arcade', 'space invaders', 'galaga', 'pac-man']","['Adam Sandler', 'Kevin James', 'Michelle Monaghan', 'Peter Dinklage', 'Josh Gad']",Chris Columbus,5.776,8023,10.441,106,/d26S5EfVXLNxRXqyFy1yyl3qRq3.jpg
497698,tt3480822,Black Widow,Black Widow,"Natasha Romanoff, also known as Black Widow, confronts the darker parts of her ledger when a dangerous conspiracy with ties to her past arises. Pursued by a force that will stop at nothing to bring her down, Natasha must deal with her history as a spy and the broken relationships left in her wake long before she became an Avenger.",2021-07-07,"['Action', 'Adventure', 'Science Fiction']","['assassin', 'hero', 'spy', 'kgb', 'based on comic', 'female assassin', 'female spy', 'female hero', 'aftercreditsstinger', 'marvel cinematic universe (mcu)', 'woman director']","['Scarlett Johansson', 'Florence Pugh', 'Rachel Weisz', 'David Harbour', 'Ray Winstone']",Cate Shortland,7.2,11208,10.4346,134,/7JPpIjhD2V0sKyFvhB9khUMa30d.jpg
646380,tt11286314,Don't Look Up,Don't Look Up,Two astronomers go on a media tour to warn humankind of a planet-killing comet hurtling toward Earth. The response from a distracted world: Meh.,2021-12-08,"['Comedy', 'Science Fiction', 'Drama']","['artificial intelligence (a.i.)', 'the white house', 'asteroid', 'climate change', 'satire', 'global warming', 'comet', 'end of the world', 'social commentary', 'social satire', 'meteorite', 'astronomer', 'disaster', 'teacher student relationship', 'denial', 'mass hysteria', 'aftercreditsstinger', 'duringcreditsstinger', 'reflective', 'tragic']","['Leonardo DiCaprio', 'Jennifer Lawrence', 'Meryl Streep', 'Cate Blanchett', 'Rob Morgan']",Adam McKay,7.065,9311,10.429,138,/th4E1yqsE8DGpAseLiUrI60Hf8V.jpg
950,tt0438097,Ice Age: The Meltdown,Ice Age: The Meltdown,"Diego, Manny and Sid return in this sequel to the hit animated movie Ice Age. This time around, the deep freeze is over, and the ice-covered earth is starting to melt, which will destroy the trio's cherished valley. The impending disaster prompts them to reunite and warn all the other beasts about the desperate situation.",2006-03-29,"['Animation', 'Family', 'Comedy', 'Adventure']","['mammoth', 'sloth', 'ice age', 'barrier ice', 'ice melting', 'iceberg', 'villain', 'flooding', 'deluge', 'lovers', 'sequel', 'saber-toothed tiger']","['Ray Romano', 'John Leguizamo', 'Denis Leary', 'Queen Latifah', 'Seann William Scott']",Carlos Saldanha,6.718,10320,10.4215,91,/e23bfKyjOiKJ5uOufFgfO7JO5ug.jpg
746036,tt1684562,The Fall Guy,The Fall Guy,"Fresh off an almost career-ending accident, stuntman Colt Seavers has to track down a missing movie star, solve a conspiracy and try to win back the love of his life while still doing his day job.",2024-04-24,"['Action', 'Comedy', 'Romance']","['sydney, australia', 'movie business', 'stuntman', 'missing person', 'aftercreditsstinger', 'duringcreditsstinger', 'action comedy', 'based on tv series', 'stunt industry', 'dangerous stunts', 'cover‑up conspiracy', 'spectacular set pieces', 'studio executives', 'film studio backlots', 'explosive stunts']","['Ryan Gosling', 'Emily Blunt', 'Aaron Taylor-Johnson', 'Hannah Waddingham', 'Teresa Palmer']",David Leitch,7.0,3722,10.3939,127,/e7olqFmzcIX5c23kX4zSmLPJi8c.jpg
1337395,tt33269451,Kiskisan,Kiskisan,"A steamy tale of love, lust, and betrayal. When Adele's sister Bea returns with her girlfriend Cheska, a secret affair begins between Cheska and Adele's boyfriend, Rener, leading to a climactic ending when they're caught.",2024-09-27,['Drama'],"['softcore', 'lgbt', 'lesbian', ""girls' love (gl)"", 'sexy', 'adoring']","['Robb Guinto', 'Apple Dy', 'Juan Calma', 'Skye Gonzaga', 'Tabs Sumulong']",Bobby Bonifacio,6.1,7,10.3843,60,/2gavNjAvERUxLUEHDn8XJKFkRvy.jpg
299054,tt3291150,Expend4bles,Expend4bles,"Armed with every weapon they can get their hands on and the skills to use them, The Expendables are the world’s last line of defense and the team that gets called when all other options are off the table. But new team members with new styles and tactics are going to give “new blood” a whole new meaning.",2023-09-15,"['Action', 'Adventure', 'Thriller']","['sequel', 'nuclear bomb', 'cargo ship', 'ring']","['Jason Statham', '50 Cent', 'Megan Fox', 'Dolph Lundgren', 'Tony Jaa']",Scott Waugh,6.1,1874,10.3828,103,/iwsMu0ehRPbtaSxqiaUDQB9qMWT.jpg
1071585,tt26342662,M3GAN 2.0,M3GAN 2.0,"After the underlying tech for M3GAN is stolen and misused by a powerful defense contractor to create a military-grade weapon known as Amelia, M3GAN's creator Gemma realizes that the only option is to resurrect M3GAN and give her a few upgrades, making her faster, stronger, and more lethal.",2025-06-25,"['Action', 'Science Fiction', 'Thriller']","['android', 'artificial intelligence (a.i.)', 'fight', 'killer robot', 'beheading', 'electromagnetic pulse', 'sequel', 'evil doll', 'wingsuit', 'robot', 'doll', 'spear throwing', 'synthetic human', 'robot fighting', 'exoskeleton', 'creepy doll', 'smart home', 'possessed doll', 'action', 'fbi operation', 'neural chip', 'android horror']","['Allison Williams', 'Amie Donald', 'Violet McGraw', 'Jenna Davis', 'Brian Jordan Alvarez']",Gerard Johnstone,7.202,1300,10.3823,120,/oekamLQrwlJjRNmfaBE4llIvkir.jpg
2493,tt0093779,The Princess Bride,The Princess Bride,"In this enchantingly cracked fairy tale, the beautiful Princess Buttercup and the dashing Westley must overcome staggering odds to find happiness amid six-fingered swordsmen, murderous princes, Sicilians and rodents of unusual size. But even death can't stop these true lovebirds from triumphing.",1987-09-25,"['Adventure', 'Comedy', 'Family', 'Fantasy', 'Romance']","['dreams', 'based on novel or book', 'narration', 'wrestling', 'miracle', 'sword fight', 'revenge', 'boat chase', 'pirate', 'wedding', 'swashbuckler', 'evil prince', 'screwball', 'impersonation', 'giant man', 'story within the story', 'hidden identity', 'fictitious country', 'grandfather grandson relationship', 'battle of wits', 'dramatic', 'romantic', 'adoring', 'enchant', 'fairytale']","['Cary Elwes', 'Robin Wright', 'Mandy Patinkin', 'Chris Sarandon', 'Christopher Guest']",Rob Reiner,7.7,5078,10.3767,99,/2FC9L9MrjBoGHYjYZjdWQdopVYb.jpg
1087891,tt0899043,The Amateur,The Amateur,"After his life is turned upside down when his wife is killed in a London terrorist attack, a brilliant but introverted CIA decoder takes matters into his own hands when his supervisors refuse to take action.",2025-04-09,"['Thriller', 'Action']","['central intelligence agency (cia)', 'based on novel or book', 'escape', 'blackmail', 'revenge', 'agent', 'government assassin', 'government cover-up', 'government conspiracy', 'death of wife', 'spy thriller', 'computer hacker', 'suspenseful', 'enthusiastic']","['Rami Malek', 'Holt McCallany', 'Danny Sapani', 'Rachel Brosnahan', 'Michael Stuhlbarg']",James Hawes,6.948,1587,10.3757,123,/SNEoUInCa5fAgwuEBMIMBGvkkh.jpg
438695,tt6467266,Sing 2,Sing 2,"Buster and his new cast now have their sights set on debuting a new show at the Crystal Tower Theater in glamorous Redshore City. But with no connections, he and his singers must sneak into the Crystal Entertainment offices, run by the ruthless wolf mogul Jimmy Crystal, where the gang pitches the ridiculous idea of casting the lion rock legend Clay Calloway in their show. Buster must embark on a quest to find the now-isolated Clay and persuade him to return to the stage.",2021-12-01,"['Animation', 'Music', 'Comedy', 'Family']","['wolf', 'stage', 'villain', 'sequel', 'anthropomorphism', 'singing', 'thug', 'animals', 'villain arrested', 'talking animal', '3d animation', 'suspenseful']","['Matthew McConaughey', 'Reese Witherspoon', 'Scarlett Johansson', 'Taron Egerton', 'Bobby Cannavale']",Garth Jennings,7.832,4753,10.3724,110,/aWeKITRFbbwY8txG5uCj4rMCfSP.jpg
563,tt0120201,Starship Troopers,Starship Troopers,"Set in the future, the story follows a young soldier named Johnny Rico and his exploits in the Mobile Infantry. Rico's military career progresses from recruit to non-commissioned officer and finally to officer against the backdrop of an interstellar war between mankind and an arachnoid species known as ""the Bugs.""",1997-11-07,"['Adventure', 'Action', 'Thriller', 'Science Fiction']","['spacecraft', 'space marine', 'army', 'moon', 'based on novel or book', 'asteroid', 'intelligence', 'dystopia', 'buenos aires, argentina', 'space battle', 'satire', 'giant insect', 'creature', 'soldier', 'alien invasion', 'drill instructor', 'military', 'bugs', 'dystopian']","['Casper Van Dien', 'Dina Meyer', 'Denise Richards', 'Jake Busey', 'Neil Patrick Harris']",Paul Verhoeven,7.104,5469,10.37,129,/cxCmv23O7p3hyHwqoktHYkZcGsY.jpg
181812,tt2527338,Star Wars: The Rise of Skywalker,Star Wars: The Rise of Skywalker,"The surviving Resistance faces the First Order once again as the journey of Rey, Finn and Poe Dameron continues. With the power and knowledge of generations behind them, the final battle begins.",2019-12-18,"['Adventure', 'Action', 'Science Fiction']",['space opera'],"['Carrie Fisher', 'Mark Hamill', 'Daisy Ridley', 'Adam Driver', 'John Boyega']",J.J. Abrams,6.3,10807,10.3699,142,/db32LaOibwEliAmSL2jjDF6oDdj.jpg
399579,tt0437086,Alita: Battle Angel,Alita: Battle Angel,"When Alita awakens with no memory of who she is in a future world she does not recognize, she is taken in by Ido, a compassionate doctor who realizes that somewhere in this abandoned cyborg shell is the heart and soul of a young woman with an extraordinary past.",2019-01-31,"['Action', 'Science Fiction', 'Adventure']","['martial arts', 'bounty hunter', 'strong woman', 'dystopia', 'extreme sports', 'superhero', 'cyberpunk', 'transhumanism', 'based on manga', 'female cyborg', 'live action remake', 'floating city', 'straightforward', '26th century']","['Rosa Salazar', 'Christoph Waltz', 'Jennifer Connelly', 'Mahershala Ali', 'Ed Skrein']",Robert Rodriguez,7.248,9960,10.3469,122,/xRWht48C2V8XNfzvPehyClOvDni.jpg
399905,tt6892018,Female War: A Nasty Deal,여자전쟁: 비열한 거래,Painter Ha-rim became blind due to an unfortunate accident. His wife Sun-yeong searches far and low for a cornea donor until she meets terminal cancer patient Dae-geun. These two make a startling and dangerous deal for Ha-rim's cornea.,2015-09-27,"['Drama', 'Romance']",[],"['Kim Sun-young', 'Dong Bang-woo', 'Lee Se-chang', 'Jung Seo-yoon', 'Lee Sung-jae']",No Zin-soo,5.7,33,10.3466,110,/2xUNRZwprvVwfx12WR1rRXoohSi.jpg
89,tt0097576,Indiana Jones and the Last Crusade,Indiana Jones and the Last Crusade,"In 1938, an art collector appeals to eminent archaeologist Dr. Indiana Jones to embark on a search for the Holy Grail. Indy learns that a medieval historian has vanished while searching for it, and the missing man is his own father, Dr. Henry Jones Sr.. He sets out to rescue his father by following clues in the old man's notebook, which his father had mailed to him before he went missing. Indy arrives in Venice, where he enlists the help of a beautiful academic, Dr. Elsa Schneider, along with Marcus Brody and Sallah. Together they must stop the Nazis from recovering the power of eternal life and taking over the world!",1989-05-24,"['Adventure', 'Action']","['saving the world', 'nazi', 'holy grail', 'venice, italy', 'entrapment', 'crusader', 'germany', 'riddle', 'brotherhood', 'zeppelin', 'tank', 'book burning', 'nazi officer', 'boat chase', 'gestapo', 'single father', 'traveling circus', 'archaeologist', 'bible quote', 'medieval', 'boy scouts', 'german soldier', 'motorcycle chase', 'hindenburg', 'german agent', '1930s', 'biblical archaeology', 'father son relationship', 'adolf hitler', 'knights templar', 'nazi germany', 'the crusades', 'joyous', 'excited']","['Harrison Ford', 'Sean Connery', 'Denholm Elliott', 'Alison Doody', 'John Rhys-Davies']",Steven Spielberg,7.851,11031,10.3421,127,/sizg1AU8f8JDZX4QIgE4pjUMBvx.jpg
500,tt0105236,Reservoir Dogs,Reservoir Dogs,"A botched robbery indicates a police informant, and the pressure mounts in the aftermath at a warehouse. Crime begets violence as the survivors -- veteran Mr. White, newcomer Mr. Orange, psychopathic parolee Mr. Blonde, bickering weasel Mr. Pink and Nice Guy Eddie -- unravel.",1992-09-02,"['Crime', 'Thriller']","['escape', 'jewelry', 'psychopath', 'traitor', 'ear', 'heist', 'thief', 'betrayal', 'plan gone wrong', 'gang', 'nonlinear timeline', 'warehouse', 'told in flashback', 'heist gone wrong', 'botched robbery', 'angry', 'desperate', 'based on short film', 'suspenseful', 'antagonistic']","['Harvey Keitel', 'Tim Roth', 'Michael Madsen', 'Chris Penn', 'Steve Buscemi']",Quentin Tarantino,8.114,15417,10.3375,99,/xi8Iu6qyTfyZVDVy60raIOYJJmk.jpg
539972,tt8790086,Kraven the Hunter,Kraven the Hunter,"Kraven Kravinoff's complex relationship with his ruthless gangster father, Nikolai, starts him down a path of vengeance with brutal consequences, motivating him to become not only the greatest hunter in the world, but also one of its most feared.",2024-12-11,"['Action', 'Adventure', 'Thriller']","['hunter', 'superhero', 'villain', 'based on comic', 'supervillain', 'antihero', 'intense', 'admiring', 'ominous']","['Aaron Taylor-Johnson', 'Ariana DeBose', 'Fred Hechinger', 'Alessandro Nivola', 'Christopher Abbott']",J.C. Chandor,6.439,2318,10.3353,127,/1GvBhRxY6MELDfxFrete6BNhBB5.jpg
323260,tt4539508,The Gigolo,鴨王,"Fung looks like a super-heartthrob and was born with a special endowment, making him the high school idol. He was expelled from school when he was caught fighting on campus. When his mom, the sole provider of his family with her poultry business, had to stop working due to her back problems, Fung decides to support his family financially. And from that moment, his life takes on a tumultuous change…",2015-01-29,"['Romance', 'Drama', 'Comedy']","['male prostitution', 'erotic movie']","['Dominic Ho Hou-Man', 'Candy Yuen', 'Jeana Ho Pui-Yu', 'Hazel Tong Chi-Yui', 'Winnie Leung Man-Yee']",Amen Au Cheuk-Man,5.411,45,10.3302,97,/v0YIyJc5EtAGciCZsvqsW2QPRAr.jpg
286687,tt3985604,Love Lesson,화려한 외출,"Korea's most popular song writer Hee-soo runs into a nineteen-year-old boy in the elevator. Hee-soo is inspired by a new song watching him shake at her figure. She starts to tell him about women under the excuse that she's teaching him music. They fall for each other but things get complicated when her life teacher, Joon-ho who taught her about life and music comes back.",2013-12-05,"['Romance', 'Drama', 'Comedy']","['softcore', 'intimate']","['Kim Sun-young', 'Byun Jun-suk', 'Oh Cho-hee', 'Kim Ji-hoon', 'Heo Jung-min']",Ko Kyeong-Ah,6.8,42,10.3278,80,/yUQg6yvZIRQUSyQ36TQo0Tp1gzr.jpg
84308,tt1760980,"Madrid, 1987","Madrid, 1987","In 1987 Madrid, the unexpected encounter between a seasoned journalist and a young student leads to a profound exploration of love, desire, politics, power, and discovery of each other.",2012-04-13,['Drama'],"['journalist', 'madrid, spain', 'older man younger woman relationship', '1980s', 'age-gap relationship']","['José Sacristán', 'María Valverde', 'Ramon Fontserè', 'Alberto Ferreiro', 'Bárbara de Lemus']",David Trueba,6.5,71,10.3251,104,/iWKT0kFQKyptvjIrB2RTkNUHDdu.jpg
387824,,Mom's Friend,엄마친구,"Seong Soo, a twenty years old boy, decided to move to Seoul after being accepted into Seoul University. However, he was a victim of real estate scam. He then moves into his mother's friend's house. Moreover, it turns out that his mother's friend is a sexy self-employed mother and Seong Soo is attracted to her.",2015-08-20,['Drama'],['softcore'],"['Heo Ye-chang', 'Hee-jeong', 'Yeong Ah', 'Kim Woon', 'Jeon Ji-hak']",Myeong Seok Hwan,7.0,24,10.3235,91,/eLEqhVjleFUgxYWtgIgZ0gHdi3o.jpg
377,tt0087800,A Nightmare on Elm Street,A Nightmare on Elm Street,"Teenagers in a small town are dropping like flies, apparently in the grip of mass hysteria causing their suicides. A cop's daughter, Nancy Thompson, traces the cause to child molester Fred Krueger, who was burned alive by angry parents many years before. Krueger has now come back in the dreams of his killers' children, claiming their lives as his revenge. Nancy and her boyfriend, Glen, must devise a plan to lure the monster out of the realm of nightmares and into the real world...",1984-11-09,['Horror'],"['dreams', 'nightmare', 'psychopath', 'sleep', 'child murder', 'supernatural', 'ohio', 'murder', 'slasher', 'trapped', 'alcoholic', 'boiler room', 'booby trap', 'disfigurement', 'medical test', 'nightmare becomes reality', 'caffeine', 'shocking', 'vexed', 'frantic', 'grim', 'desperate', 'anxious', 'supernatural horror', 'suspenseful', 'frightened', 'b-horror', 'suburban gothic']","['John Saxon', 'Ronee Blakley', 'Heather Langenkamp', 'Amanda Wyss', 'Jsu Garcia']",Wes Craven,7.345,5704,10.3137,91,/wGTpGGRMZmyFCcrY2YoxVTIBlli.jpg
1316427,tt35512499,7 Dogs,7 كلاب,Interpol agent Khalid Al-Azzazi joins forces with Ghali Abu Dawood from the 7 Dogs crime syndicate to fight drug trafficking.,2026-05-27,"['Action', 'Comedy']",[],"['Ahmed Ezz', 'Karim Abdel Aziz', 'Monica Bellucci', 'Tara Emad', 'Martin Lawrence']",Adil El Arbi,0.0,0,10.2795,123,/66n5bB6iYTWsWMz0mh3Qv7qmzIJ.jpg
1575337,tt38872297,Cosmic Princess Kaguya!,超かぐや姫！,"Iroha's life gets knocked off its orbit when Kaguya, a carefree runaway from the Moon, moves in and convinces her to perform in a virtual world together.",2026-01-22,"['Animation', 'Fantasy', 'Music', 'Science Fiction']","['time travel', 'anime', 'virtual world', 'idol', 'science fantasy']","['Yuko Natsuyoshi', 'Anna Nagase', 'Saori Hayami', 'Miyu Irino', 'Yuma Uchida']",Shingo Yamashita,8.3,77,10.2527,141,/9I9cM38gecZcwJ0C6r0cwfvtPJP.jpg
1097549,tt30057084,Babygirl,Babygirl,A high-powered CEO puts her career and family on the line when she begins a torrid affair with her much younger intern.,2024-12-25,"['Romance', 'Thriller']","['infidelity', 'new york city', 'husband wife relationship', 'sexual frustration', 'sexuality', 'eroticism', 'seduction', 'workplace', 'female protagonist', 'married woman', 'ceo', 'intern', 'woman director', 'submission', 'taboo sex', 'masculinity', 'female sexuality', 'innuendo', 'erotic thriller', 'workplace romance', 'unfaithful wife', 'sex', 'young man seduces old lady', 'age-gap relationship', 'kink', 'power dynamics', 'employee boss relationship', 'workplace drama']","['Nicole Kidman', 'Harris Dickinson', 'Antonio Banderas', 'Esther-Rose McGregor', 'Sophie Wilde']",Halina Reijn,5.701,1187,10.2379,115,/ilwO6elz3mLV9CToT7C8pjVeKX0.jpg
447277,tt5971474,The Little Mermaid,The Little Mermaid,"The youngest of King Triton’s daughters, and the most defiant, Ariel longs to find out more about the world beyond the sea, and while visiting the surface, falls for the dashing Prince Eric. With mermaids forbidden to interact with humans, Ariel makes a deal with the evil sea witch, Ursula, which gives her a chance to experience life on land, but ultimately places her life – and her father’s crown – in jeopardy.",2023-05-18,"['Adventure', 'Family', 'Fantasy', 'Romance']","['witch', 'mermaid', 'musical', 'based on fairy tale', 'live action remake']","['Halle Bailey', 'Jonah Hauer-King', 'Melissa McCarthy', 'Javier Bardem', 'Noma Dumezweni']",Rob Marshall,6.276,3303,10.2318,135,/ym1dxyOk4jFcSl4Q2zmRrA5BEEN.jpg
1315772,tt32890033,Minions & Monsters,Minions & Monsters,"This is the rambunctious, ridiculous and totally true story of how the Minions conquered Hollywood, became movie stars, lost everything, unleashed monsters onto the world and then banded together to try and save the planet from the mayhem they had just created.",2026-06-24,"['Adventure', 'Animation', 'Comedy', 'Family', 'Fantasy']","['sequel', 'hollywood', 'monsters']","['Pierre Coffin', 'Trey Parker', 'Allison Janney', 'Christoph Waltz', 'Jeff Bridges']",Pierre Coffin,0.0,0,10.2244,90,/nz7i42yhLIJ4ve9JKgM6NthoLHO.jpg
14574,tt0914798,The Boy in the Striped Pyjamas,The Boy in the Striped Pyjamas,"When his family moves from their home in Berlin to a strange new house in Poland, young Bruno befriends Shmuel, a boy who lives on the other side of the fence where everyone seems to be wearing striped pajamas. Unaware of Shmuel's fate as a Jewish prisoner or the role his own Nazi father plays in his imprisonment, Bruno embarks on a dangerous journey inside the camp's walls.",2008-05-07,"['Drama', 'War', 'History']","['based on novel or book', 'nazi', 'nationalism', 'concentration camp', 'world war ii', 'gas chamber', 'concentration camp prisoner', 'children in wartime', 'anxious']","['Asa Butterfield', 'Vera Farmiga', 'David Thewlis', 'Jack Scanlon', 'Amber Beattie']",Mark Herman,7.817,7643,10.2182,94,/2C8QCXdMlojTxZjfBlINr4FWcb6.jpg
1610418,tt38353877,The House on Haunted Grounds,The House on Haunted Grounds,"What begins as a routine investigation into a house slated for demolition turns into a nightmare when the team faces an evil force, leaving behind only the recovered footage.",2026-01-09,['Horror'],"['haunted house', 'possession', 'paranormal', 'found footage', 'clowns']","['Logan Wallace', 'Andrew Thomas', 'Stuart Maxheimer', 'Cashmere Moniqué', 'Dylan DeVane']",Brendan Rudnicki,5.8,7,10.2133,69,/750RNSHr25GQcCr2Ws8iSGrHJA9.jpg
101299,tt1951264,The Hunger Games: Catching Fire,The Hunger Games: Catching Fire,"After surviving the Hunger Games, Katniss and Peeta struggle with the consequences of their victory as unrest spreads across Panem. Forced back into the spotlight, they become symbols of hope and resistance while the Capitol prepares a new and deadly challenge that will change the future of the nation forever.",2013-11-15,"['Adventure', 'Action', 'Science Fiction']","['rebellion', 'based on novel or book', 'propaganda', 'dystopia', 'uprising', 'sequel', 'president', 'survival', 'murder', 'conspiracy', 'female protagonist', 'tournament', 'game', 'survival competition', 'based on young adult novel']","['Jennifer Lawrence', 'Josh Hutcherson', 'Liam Hemsworth', 'Woody Harrelson', 'Elizabeth Banks']",Francis Lawrence,7.4,18407,10.2022,146,/vrQHDXjVmbYzadOXQ0UaObunoy2.jpg
8467,tt0109686,Dumb and Dumber,Dumb and Dumber,"Lloyd and Harry are two men whose stupidity is really indescribable. When Mary, a beautiful woman, loses an important suitcase with money before she leaves for Aspen, the two friends (who have found the suitcase) decide to return it to her. After some ""adventures"" they finally get to Aspen where, using the lost money they live it up and fight for Mary's heart.",1994-12-16,['Comedy'],"['gas station', 'utah', 'motel', 'stupidity', 'cigar smoking', 'road trip', 'pill', 'prank', 'criminal', 'buddy', 'fired from the job', 'clumsiness', 'stepparent stepchild relationship', 'aspen colorado', 'parakeet', 'defecation', 'scooter', 'endangered species', 'foolish', 'laxative']","['Jim Carrey', 'Jeff Daniels', 'Lauren Holly', 'Teri Garr', 'Charles Rocket']",Peter Farrelly,6.657,6702,10.1911,107,/4LdpBXiCyGKkR8FGHgjKlphrfUc.jpg
13009,tt0960890,Zombie Strippers!,Zombie Strippers!,"In the not too distant future a secret government re-animation chemo-virus gets released into conservative Sartre, Nebraska and lands in an underground strip club. As the virus begins to spread, turning the strippers into ""Super Zombie Strippers"" the girls struggle with whether or not to conform to the new ""fad"" even if it means there's no turning back.",2008-04-18,"['Comedy', 'Horror', 'Science Fiction']","['striptease', 'strip club', 'zombie', 'lap dance', 'strip tease', 'head crushing', 'small town girl']","['Jenna Jameson', 'Robert Englund', 'Roxy Saint', 'John T. Woods', 'Penny Drake']",Jay Lee,4.858,424,10.1891,94,/iQcOzXCpewM9pbEwLoIrHLjpMvB.jpg
9453,tt0080491,Caligula,Caligola,"After the death of the paranoid emperor Tiberius, Caligula, his heir, seizes power and plunges the empire into a bloody spiral of madness and depravity.",1979-08-14,"['Drama', 'History']","['rome, italy', 'roman empire', 'historical figure', 'ancient rome', 'family relationships', 'incest', 'madness', 'political corruption', 'peplum', 'erotic movie', 'italian history', '1st century', 'oral sex', 'brother sister sex', 'caligula', 'capri, italy', 'roman emperor', 'unsimulated sex', 'moral corruption', 'brother sister incest', 'double blowjob']","['Malcolm McDowell', 'Teresa Ann Savoy', 'Helen Mirren', ""Peter O'Toole"", 'John Steiner']",Tinto Brass,5.976,978,10.1863,156,/vNXAY6r9Pb6WkMCGmNeW2PlznLQ.jpg
10192,tt0892791,Shrek Forever After,Shrek Forever After,"A midlife-crisis burdened Shrek, longing for the days when he felt like a real ogre, makes a pact with magic deal-maker Rumpelstiltskin. But when he's duped and sent to a twisted version of Far Far Away—where Rumpelstiltskin is king, ogres are hunted, and he and Fiona have never met—he sets out to restore his world and reclaim his true love.",2010-05-20,"['Comedy', 'Adventure', 'Fantasy', 'Animation', 'Family']","['witch', 'villain', 'sequel', 'aftercreditsstinger', 'ogre']","['Mike Myers', 'Eddie Murphy', 'Cameron Diaz', 'Antonio Banderas', 'Walt Dohrn']",Mike Mitchell,6.395,7927,10.1842,93,/6HrfPZtKcGmX2tUWW3cnciZTaSD.jpg
527774,tt5109280,Raya and the Last Dragon,Raya and the Last Dragon,"Long ago, in the fantasy world of Kumandra, humans and dragons lived together in harmony. But when an evil force threatened the land, the dragons sacrificed themselves to save humanity. Now, 500 years later, that same evil has returned and it’s up to a lone warrior, Raya, to track down the legendary last dragon to restore the fractured land and its divided people.",2021-03-03,"['Animation', 'Action', 'Adventure', 'Fantasy', 'Family']","['kung fu', 'sword', 'warrior woman', 'female protagonist', 'dragon', 'vietnamese', 'south asian', 'warrior']","['Kelly Marie Tran', 'Awkwafina', 'Gemma Chan', 'Alan Tudyk', 'Izaac Wang']",Don Hall,7.802,7271,10.1826,107,/5nVhgCzxKbK47OLIKxCR1syulOn.jpg
1634301,,Vanaveera,Vanaveera,A descendant of the Vanara clan is pushed into conflict when a modern-day Ravana seizes his only bike for an election rally. What starts as a petty injustice soon erupts into a fierce fight for self-respect and dignity.,2026-02-13,"['Action', 'Drama']",[],"['Chammak Chandra', 'Simran Choudhary', 'Nandu Vijay Krishna']",,7.5,6,10.1733,0,/oBYExKI8E3bTzQjPkofhpV2EJon.jpg
351286,tt4881806,Jurassic World: Fallen Kingdom,Jurassic World: Fallen Kingdom,"Three years after Jurassic World was destroyed, Isla Nublar now sits abandoned. When the island's dormant volcano begins roaring to life, Owen and Claire mount a campaign to rescue the remaining dinosaurs from this extinction-level event.",2018-06-06,"['Adventure', 'Science Fiction', 'Thriller']","['tyrannosaurus rex', 'volcano', 'rescue mission', 'sequel', 'wild animal', 'prehistoric creature', 'dinosaur', 'genetic engineering', 'aftercreditsstinger', 'monster island']","['Chris Pratt', 'Bryce Dallas Howard', 'Rafe Spall', 'Justice Smith', 'Daniella Pineda']",J. A. Bayona,6.5,12727,10.1531,129,/x2Us3jR6ToMJjbcPbLimYoxf6xr.jpg
68735,tt0803096,Warcraft,Warcraft,"The peaceful realm of Azeroth stands on the brink of war as its civilization faces a fearsome race of invaders: orc warriors fleeing their dying home to colonize another. As a portal opens to connect the two worlds, one army faces destruction and the other faces extinction. From opposing sides, two heroes are set on a collision course that will decide the fate of their family, their people, and their home.",2016-05-25,"['Action', 'Adventure', 'Fantasy']","['elves', 'dwarf', 'magic', 'betrayal', 'king', 'guardian', 'based on video game', 'wizard', 'chieftain', 'fictional language', 'warrior', 'clans', 'horde', 'sword and sorcery', 'mage', 'evil sorcerer', 'draining souls']","['Travis Fimmel', 'Paula Patton', 'Ben Foster', 'Dominic Cooper', 'Ben Schnetzer']",Duncan Jones,6.402,7238,10.1515,123,/eGi5aoxaZveqNLtE7BZJCuWwR3G.jpg
737057,tt8669092,Suspicious Practice Room: Special Treatment of Mother's Friend,수상한 진료실: 엄마친구의 특별한 치료,"A sick hospitalization life in a hospital run by a mother's friend. Shin, who injured her leg in an accident, is admitted to the hospital of her mother's friend Ayumi. Unable to bear the cravings accumulated in the increasingly prolonged hospital life, God secretly masturbates and gets caught by nurse Koharu. Rather than being surprised, Koharu covets God's secret place as an excuse for massage. Moreover, it turns out that Ayumi also has a secret secret.",2018-03-06,"['Drama', 'Romance']",['softcore'],"['Yurina Aizawa', 'Makiko Ichinose', 'Shin Fuji', 'Take Makimura']",Kang Jeong-Hoon,3.75,4,10.1446,63,/sP1s76Er7RlV9FyfMkrEowE1wk6.jpg
408,tt0029583,Snow White and the Seven Dwarfs,Snow White and the Seven Dwarfs,"A beautiful girl, Snow White, takes refuge in the forest in the house of seven dwarfs to hide from her stepmother, the wicked Queen. The Queen is jealous because she wants to be known as ""the fairest in the land,"" and Snow White's beauty surpasses her own.",1938-01-22,"['Fantasy', 'Animation', 'Family']","['witch', 'dying and death', 'princess', 'becoming an adult', 'dwarf', 'poison', 'sadness', 'queen', 'attempted murder', 'cartoon', 'villain', 'kiss', 'miner', 'surrogate mother', 'love', 'apple', 'candlelight vigil', 'evil queen', 'based on fairy tale', 'magic mirror', 'good versus evil', 'seven dwarfs', 'whimsical', 'awestruck', 'straightforward']","['Adriana Caselotti', 'Lucille La Verne', 'Harry Stockwell', 'Roy Atwell', 'Pinto Colvig']",David Hand,7.122,7973,10.1372,83,/3VAHfuNb6Z7UiW12iYKANSPBl8m.jpg
508883,tt6587046,The Boy and the Heron,君たちはどう生きるか,"While the Second World War rages, the teenage Mahito, haunted by his mother's tragic death, is relocated from Tokyo to the serene rural home of his new stepmother Natsuko, a woman who bears a striking resemblance to the boy's mother.  As he tries to adjust, this strange new world grows even stranger following the appearance of a persistent gray heron, who perplexes and bedevils Mahito, dubbing him the ""long-awaited one.""",2023-07-14,"['Animation', 'Fantasy', 'Drama']","['loss of loved one', 'world war ii', 'supernatural', 'education', 'coming of age', 'spirituality', 'poverty', 'teenage boy', 'parallel world', 'troubled childhood', 'semi autobiographical', 'based on myths, legends or folklore', 'moving to a city', '1940s', 'anime', 'imaginative', 'hand drawn animation', 'magic world', 'animation', 'courage', 'suspenseful', 'magical realism']","['Soma Santoki', 'Masaki Suda', 'Ko Shibasaki', 'Aimyon', 'Yoshino Kimura']",Hayao Miyazaki,7.4,2620,10.1345,124,/f4oZTcfGrVTXKTWg157AwikXqmP.jpg
810,tt0413267,Shrek the Third,Shrek the Third,"The King of Far Far Away has died and Shrek and Fiona are to become King & Queen. However, Shrek wants to return to his cozy swamp and live in peace and quiet, so when he finds out there is another heir to the throne, they set off to bring him back to rule the kingdom.",2007-05-17,"['Fantasy', 'Adventure', 'Animation', 'Comedy', 'Family']","['ship', 'island', 'ambush', 'kingdom', 'boarding school', 'liberation of prisoners', 'pregnancy', 'traitor', 'shipwreck', 'stage', 'sadness', 'transformation', 'assault', 'prince', 'villain', 'theater play', 'tricks', 'heir to the throne', 'conciliation', 'sequel', 'teacher', 'best friend', 'dragon', 'cowardliness', 'capture', 'wizard', 'aftercreditsstinger', 'duringcreditsstinger', 'ogre', 'cartoon donkey', 'villains']","['Mike Myers', 'Eddie Murphy', 'Cameron Diaz', 'Antonio Banderas', 'Julie Andrews']",Chris Miller,6.308,9753,10.1278,93,/n4SexGGQzI26E269tfpa80MZaGV.jpg
184315,tt1267297,Hercules,Hercules,"When a new enemy threatens the innocent, Hercules must lead his fearless team of warriors in a battle against overwhelming odds.",2014-07-23,"['Action', 'Adventure']","['killing', 'mercenary', 'past', 'based on comic', 'battle', 'ancient greece', 'hercules', 'peplum', 'warrior', 'sagen', '4th century bc']","['Dwayne Johnson', 'Ian McShane', 'John Hurt', 'Rufus Sewell', 'Aksel Hennie']",Brett Ratner,5.799,4333,10.1105,98,/sKNIwY6UENCJ36FvYvnBW3Vdzt7.jpg
1401778,tt33009027,Turbulence,Turbulence,"Young married couple Zach and Emmy decide to take a hot air balloon trip across the Italian Dolomites to rekindle their relationship. When they and pilot Harry are joined by a third passenger, Julia, events unfold in ways they could never imagine five thousand meters in the air.",2025-11-26,"['Thriller', 'Action', 'Adventure', 'Drama', 'Fantasy']","['italy', 'married couple', 'pilot', 'hot air balloon', 'couple', 'dolomites', 'survival thriller']","['Jeremy Irvine', 'Olga Kurylenko', 'Kelsey Grammer', 'Hera Hilmar', 'Lionel Robert Blanc']",Claudio Fäh,6.676,125,10.1069,91,/jRuiKL4S9UpLma2ZlM47xIu2gbe.jpg
429212,tt0226253,Female Teacher,女教師,"A female teacher is raped by a gang of students in her school. The repercussions of this lead to scandal, blackmail and murder.",1977-10-29,['Drama'],"['softcore', 'pink film', 'female teacher', 'roman porno']","['Eiko Nagashima', 'Goichi Yamada', 'Erina Miyai', 'Moeko Ezawa', 'Kirin Kiki']",Noboru Tanaka,3.0,4,10.0979,100,/ohpcc9O4XCsdVZrpnpIHdwQcvSp.jpg
792307,tt14230458,Poor Things,Poor Things,"Brought back to life by an unorthodox scientist, a young woman runs off with a lawyer on a whirlwind adventure across the continents. Free from the prejudices of her times, she grows steadfast in her purpose to stand for equality and liberation.",2023-12-07,"['Science Fiction', 'Romance', 'Comedy']","['ship', 'london, england', 'experiment', 'paris, france', 'based on novel or book', 'obsession', 'lisbon, portugal', 'crooked lawyer', 'love', 'domestic abuse', 'female protagonist', 'doctor', 'prostitution', 'cruelty', 'scientist', 'masturbation', 'disfigured face', 'sexual awakening', 'exploring sexuality', 'sex worker', 'female empowerment', 'curious', 'female sexuality', 'brain transplant', 'absurdism', 'spousal abuse', ""women's liberation"", 'alexandria egypt', 'victorian era', 'quest for identity', 'frankenstein', 'body horror', 'amused', 'melodramatic', 'wry']","['Emma Stone', 'Mark Ruffalo', 'Willem Dafoe', 'Ramy Youssef', 'Christopher Abbott']",Yorgos Lanthimos,7.643,5461,10.0866,141,/kCGlIMHnOm8JPXq3rXM6c5wMxcT.jpg
423108,tt7069210,The Conjuring: The Devil Made Me Do It,The Conjuring: The Devil Made Me Do It,"Paranormal investigators Ed and Lorraine Warren encounter what would become one of the most sensational cases from their files. The fight for the soul of a young boy takes them beyond anything they'd ever seen before, to mark the first time in U.S. history that a murder suspect would claim demonic possession as a defense.",2021-05-25,"['Horror', 'Mystery', 'Thriller']","['supernatural', 'exorcism', 'connecticut', 'sequel', 'paranormal investigation', '1980s', 'religious horror', 'intense']","['Vera Farmiga', 'Patrick Wilson', 'Sterling Jerins', 'Sarah Catherine Hook', ""Ruairí O'Connor""]",Michael Chaves,7.355,6517,10.0718,111,/xbSuFiJbbBWCkyCCKIMfuDCA4yV.jpg
1325678,tt31727267,Sarah's Oil,Sarah's Oil,"Sarah Rector, a Black girl born in early 20th-century Oklahoma Indian Territory, believes there is oil beneath the barren land she’s allotted, and her faith proves right. As greedy oil sharks close in, Sarah turns to family, friends, and some Texas wildcatters to maintain control of her oil-rich land, eventually becoming among the nation's first Black female millionaires—at eleven years old.",2025-11-06,['Drama'],"['based on novel or book', 'based on true story', 'oil', 'pre-teen', '1900s', 'adult child friendship', 'christian faith', 'independent film', '20th century']","['Naya Desir-Johnson', 'Sonequa Martin-Green', 'Zachary Levi', 'Garret Dillahunt', 'Bridget Regan']",Cyrus Nowrasteh,7.8,89,10.0578,103,/Av1CK61z33v2OBFLD1yF5rdRxQ1.jpg
142,tt0388795,Brokeback Mountain,Brokeback Mountain,"In 1960s Wyoming, two men develop a strong emotional and sexual relationship that endures as a lifelong connection complicating their lives as they get married and start families of their own.",2005-10-22,"['Drama', 'Romance']","['secret love', 'wyoming, usa', 'countryside', 'homophobia', 'marriage crisis', 'intolerance', 'in the closet', 'summer', 'cowboy', 'lgbt', 'star crossed lovers', '1960s', 'thoughtful', 'closeted homosexual', 'gay romance', 'gay theme', 'gay relationship', 'matter of fact']","['Heath Ledger', 'Jake Gyllenhaal', 'Michelle Williams', 'Anne Hathaway', 'Randy Quaid']",Ang Lee,7.784,7531,10.0563,134,/aByfQOQBNa4CMFwIgq3QrqY2ZHh.jpg
957119,tt19704542,Sidelined: The QB and Me,Sidelined: The QB and Me,"Dallas, a burdened but headstrong dancer, is determined to get into the best dance school in the country—her late mother’s alma mater. However, that dream is suddenly derailed when the cheeky yet secretly grieving football star, Drayton, crashes into her life with a unique story of his own. Will the two of them be able to grow into their dreams together, or will their dreams be sidelined?",2025-02-06,"['Comedy', 'Romance']","['high school', 'based on novel or book', 'american football player', 'based on web novel', 'audacious', 'enchant']","['Siena Agudong', 'Noah Beck', 'Drew Ray Tanner', 'James Van Der Beek', 'Deborah Cox']",Justin Wu,6.143,220,10.0557,99,/mSL6truNrWP1Bn9ng1rN0SkMI4f.jpg
299537,tt4154664,Captain Marvel,Captain Marvel,"The story follows Carol Danvers as she becomes one of the universe’s most powerful heroes when Earth is caught in the middle of a galactic war between two alien races. Set in the 1990s, Captain Marvel is an all-new adventure from a previously unseen period in the history of the Marvel Cinematic Universe.",2019-03-06,"['Action', 'Adventure', 'Science Fiction']","['superhero', 'based on comic', 'alien', 'alien invasion', 'super power', 'female hero', 'aftercreditsstinger', 'duringcreditsstinger', 'marvel cinematic universe (mcu)', 'woman director', '1990s', 'alien technology', 'intense', 'joyful']","['Brie Larson', 'Samuel L. Jackson', 'Ben Mendelsohn', 'Jude Law', 'Annette Bening']",Ryan Fleck,6.783,16713,10.0548,124,/AtsgWhDnHTq68L0lLsUrCnM7TjG.jpg
384018,tt6806448,Fast & Furious Presents: Hobbs & Shaw,Fast & Furious Presents: Hobbs & Shaw,"Ever since US Diplomatic Security Service Agent Hobbs and lawless outcast Shaw first faced off, they just have traded smack talk and body blows. But when cyber-genetically enhanced anarchist Brixton's ruthless actions threaten the future of humanity, they join forces to defeat him.",2019-07-31,"['Action', 'Adventure', 'Comedy']","['london, england', 'biological weapon', 'secret organization', 'family clan', 'friends', 'spin off', 'family reunion', 'buddy comedy', 'aftercreditsstinger', 'duringcreditsstinger', 'mother son relationship', 'father daughter relationship', 'brother sister relationship']","['Dwayne Johnson', 'Jason Statham', 'Idris Elba', 'Vanessa Kirby', 'Helen Mirren']",David Leitch,6.832,7733,10.0454,137,/qRyy2UmjC5ur9bDi3kpNNRCc5nc.jpg
174341,tt2231138,Some Velvet Morning,Some Velvet Morning,"Fred arrives at the doorstep of his beautiful young mistress Velvet after four years apart, claiming to have finally left his wife. But when she rejects his attempts to rekindle their romance, his persistence evolves into obsession — and a dark history between the former lovers comes into focus.",2013-12-13,['Drama'],"['infidelity', 'prostitute']","['Stanley Tucci', 'Alice Eve']",Neil LaBute,5.836,61,10.0369,84,/136WOppljPobT4M5RiaAkMjWuCn.jpg
1034062,tt22698070,Mortal Kombat Legends: Cage Match,Mortal Kombat Legends: Cage Match,"In 1980s Hollywood, action star Johnny Cage is looking to become an A-list actor. But when his costar, Jennifer, goes missing from set, Johnny finds himself thrust into a world filled with shadows, danger, and deceit. As he embarks on a bloody journey, Johnny quickly discovers the City of Angels has more than a few devils in its midst. He faces off against a sinister secret society plotting a nefarious scheme, but the brutal fight against the bloodthirsty warriors of the Netherrealm is just beginning.",2023-10-17,"['Animation', 'Action', 'Fantasy']","['martial arts', 'fighting', 'based on video game', 'adult animation', 'extreme blood']","['Joel McHale', 'Jennifer Grey', 'Dusan Brown', 'Grey DeLisle', 'Robin Atkin Downes']",Ethan Spaulding,6.8,148,10.0313,80,/1eKWqTHp4OgKdx1QX1O9LxKHr1M.jpg
1491902,tt29538620,Bang,ปัง,"Follows a ruthless hitman who, after narrowly escaping a fatal attempt on his life, betrays his gang in an effort to find forgiveness but ends up becoming a target himself.",2025-07-11,"['Action', 'Thriller']",['hitman'],"['Jack Kesy', 'Peter Weller', 'Tristin Mays', 'Kane Kosugi', 'Steve Bastoni']",Wych Kaosayananda,6.6,78,10.0217,88,/8SUzKOqe2ectvhYdSnR7Vq2F3n1.jpg
16859,tt0097814,Kiki's Delivery Service,魔女の宅急便,"A young witch, on her mandatory year of independent life, finds fitting into a new community difficult while she supports herself by running an air courier service.",1989-07-29,"['Animation', 'Family', 'Fantasy']","['witch', 'clock tower', 'bicycle accident', 'female friendship', 'bakery', 'coming of age', ""based on children's book"", 'cartoon cat', 'cartoon dog', 'baking', 'seaside town', 'talking cat', 'courier service', 'delivery service', 'anime', 'relaxed', 'lighthearted', 'adventure', 'empathetic', 'gentle']","['Minami Takayama', 'Rei Sakuma', 'Kappei Yamaguchi', 'Keiko Toda', 'Mieko Nobusawa']",Hayao Miyazaki,7.8,4551,10.0204,103,/Aufa4YdZIv4AXpR9rznwVA5SEfd.jpg
508642,tt8119752,Gonjiam: Haunted Asylum,곤지암,"The crew of a horror web series travels to an abandoned asylum for a live broadcast, but they encounter much more than expected as they move deeper inside the nightmarish old building.",2018-03-28,"['Horror', 'Mystery']","['asylum', 'camera', 'insane asylum', 'crew', 'paranormal', 'psychiatric hospital', 'paranormal investigation', 'ghost', 'found footage', 'horror filmmaking', 'paranormal activity', 'haunted attractions', 'haunted hospital', 'terror', 'livestream', 'pseudo-documentary', 'frightened']","['Wi Ha-jun', 'Park Ji-hyun', 'Oh Ah-yeon', 'Moon Ye-won', 'Park Sung-hoon']",Jung Bum-shik,7.273,914,10.0193,95,/fNqlsmu2tiI1bXcpU31yjHPkiJz.jpg
1022787,tt4900148,Elio,Elio,"Elio, a space fanatic with an active imagination, finds himself on a cosmic misadventure where he must form new bonds with eccentric alien lifeforms, navigate a crisis of intergalactic proportions and somehow discover who he is truly meant to be.",2025-06-18,"['Adventure', 'Animation', 'Comedy', 'Family', 'Science Fiction']","['villain', 'alien', 'coming of age', 'computer animation', 'eye patch', 'social outcast', 'aftercreditsstinger', 'beforecreditsstinger', 'space adventure', 'sattelite', 'pre-teen', 'amateur radio', 'mother son relationship', 'good versus evil', '3d animation', 'interspecies friendship', 'clones', 'adoring', 'comforting', 'powerful', 'pixar']","['Yonas Kibreab', 'Remy Edgerly', 'Zoe Saldaña', 'Brad Garrett', 'Brandon Moon']",Madeline Sharafian,6.9,967,9.998,98,/7z8jDiTZZco9moIKpTUImFtTy7o.jpg
254,tt0360717,King Kong,King Kong,"In 1933 New York, an overly ambitious movie producer coerces his cast and hired ship crew to travel to mysterious Skull Island, where they encounter Kong, a giant ape who is immediately smitten with the leading lady.",2005-12-12,"['Adventure', 'Drama', 'Action']","['new york city', 'exotic island', 'movie business', 'show business', 'human animal relationship', 'great depression', 'giant insect', 'remake', 'prehistoric creature', 'dinosaur', 'creature', 'kaiju', 'empire state building', 'giant ape', 'woman in peril', '1930s', 'giant gorilla', 'grand', 'king kong']","['Naomi Watts', 'Adrien Brody', 'Jack Black', 'Andy Serkis', 'Colin Hanks']",Peter Jackson,6.889,8477,9.9905,188,/6a2HY6UmD7XiDD3NokgaBAXEsD2.jpg
1127227,tt28016501,Tayuan,Tayuan,"Ella, an events project manager, usually takes a private transportation service. However, she is forced to take a bus, where bus conductor Rico becomes aroused when her body gets pressed into him due to the thick crowd.  This encounter deeply affects Ella, and from that night on, she starts pursuing Rico. Even after discovering that Rico already has a live-in partner and a daughter, Ella doesn’t care at all and she’ll do anything to make him want her just as much.",2023-06-23,"['Drama', 'Romance']",['softcore'],"['Angeli Khang', 'Stephanie Raz', 'Chester Grecia', 'Francine Garcia', 'Rash Flores']",Topel Lee,6.0,15,9.9903,101,/5eX2JxR8djmoPBQhU0327uehqBf.jpg
10882,tt0053285,Sleeping Beauty,Sleeping Beauty,"Cursed to die by the evil fairy Maleficent when she was a baby, Princess Aurora is sent into hiding under protection from three good fairies. As she grows up far away, Maleficent becomes increasingly determined to seal the princess's fate.",1959-02-17,"['Fantasy', 'Animation', 'Romance', 'Family']","['witch', 'princess', 'magic', 'kingdom', 'fairy tale', 'sleep', 'fairy', 'cartoon', 'prince', 'castle', 'villain', 'kiss', 'knight', 'dragon', 'dungeon', 'female villain', 'based on fairy tale', 'comforting', 'sleeping beauty', 'technirama']","['Mary Costa', 'Bill Shirley', 'Eleanor Audley', 'Verna Felton', 'Barbara Luddy']",Clyde Geronimi,6.9,5461,9.9879,75,/n3pxoMDDxp10c1smgbDzW4bwlzq.jpg
274857,tt1972591,King Arthur: Legend of the Sword,King Arthur: Legend of the Sword,"When the child Arthur’s father is murdered, Vortigern, Arthur’s uncle, seizes the crown. Robbed of his birthright and with no idea who he truly is, Arthur comes up the hard way in the back alleys of the city. But once he pulls the sword Excalibur from the stone, his life is turned upside down and he is forced to acknowledge his true legacy... whether he likes it or not.",2017-05-10,"['Action', 'Drama', 'Fantasy']","['sword', 'legend', 'camelot', 'knight', 'king arthur', 'king', 'excalibur', 'sword and sorcery', 'arthur']","['Charlie Hunnam', 'Jude Law', 'Àstrid Bergès-Frisbey', 'Djimon Hounsou', 'Eric Bana']",Guy Ritchie,6.557,6039,9.9859,126,/9kKXH6eJpzoFGhCbTN3FVwSQK3n.jpg
11690,tt0092675,Bloodsport,Bloodsport,An American Army Major goes AWOL to Hong Kong for an outlawed martial arts contest called the Kumite.,1988-02-26,"['Action', 'Thriller', 'Drama']","['martial arts', 'sports', 'biography', 'fistfight', 'sensei', 'mixed martial arts (mma)', 'hong kong', 'tournament', 'underground fighting', 'walled city', 'bloodsport', 'kowloon', 'action hero', 'casual', 'amused', 'assertive', 'cliché', 'enthusiastic', 'farcical', 'optimistic']","['Jean-Claude Van Damme', 'Donald Gibb', 'Leah Ayres', 'Norman Burton', 'Forest Whitaker']",Newt Arnold,7.0,2136,9.9849,92,/kndxR9TRK0kJ5hxzDprRSS80F2W.jpg
64690,tt0780504,Drive,Drive,"Driver is a skilled Hollywood stuntman who moonlights as a getaway driver for criminals. Though he projects an icy exterior, lately he's been warming up to a pretty neighbor named Irene and her young son, Benicio. When Irene's husband gets out of jail, he enlists Driver's help in a million-dollar heist. The job goes horribly wrong, and Driver must risk his life to protect Irene and Benicio from the vengeful masterminds behind the robbery.",2011-09-15,"['Drama', 'Thriller', 'Crime']","['robbery', 'car mechanic', 'stuntman', 'beaten to death', 'revenge', 'organized crime', 'neighbor', 'police chase', 'los angeles, california', 'brutality', 'jacket', 'scorpion', 'toothpick', 'getaway driver', 'crime lord', 'stunt driver', 'existentialism', 'neo-noir', 'vindictive', 'hammer', 'bold']","['Ryan Gosling', 'Carey Mulligan', 'Bryan Cranston', 'Albert Brooks', 'Oscar Isaac']",Nicolas Winding Refn,7.583,13583,9.9837,100,/602vevIURmpDfzbnv5Ubi6wIkQm.jpg
44896,tt1192628,Rango,Rango,"When Rango, a lost family pet, accidentally winds up in the gritty, gun-slinging Western town of Dirt, the theater-loving lizard suddenly finds himself the newly appointed sheriff. Welcomed as the last hope the town has been waiting for, Rango is forced to play his new role to the hilt and uncover the truth behind a looming water crisis—before his act catches up with him.",2011-03-02,"['Animation', 'Comedy', 'Family', 'Western', 'Adventure']","['hero', 'gunslinger', 'sheriff', 'nevada', 'mayor', 'pet', 'native american', 'water supply', 'outlaw', 'water shortage', 'spirit', 'chameleon', 'mariachi', 'disillusionment', 'desert', 'construction', 'frontier town', 'small western town', 'animal life', 'animal protagonist', 'old west', 'high noon']","['Johnny Depp', 'Isla Fisher', 'Ned Beatty', 'Bill Nighy', 'Abigail Breslin']",Gore Verbinski,6.892,7068,9.9801,107,/A5MP1guV8pbruieG0tnpPIbaJtt.jpg
251,tt0099653,Ghost,Ghost,"After a young man is murdered, his spirit stays behind to warn his lover of impending danger, with the help of a reluctant psychic.",1990-07-13,"['Fantasy', 'Romance', 'Thriller']","['fortune teller', 'corruption', 'soulmates', 'afterlife', 'money transfer', 'money laundering', 'pottery', 'hell', 'dark comedy', 'heaven', 'love', 'murder', 'death', 'ghost', 'burlesque', 'power of love', 'spiritism', 'dignified', 'joyful', 'everlasting love']","['Demi Moore', 'Patrick Swayze', 'Whoopi Goldberg', 'Tony Goldwyn', 'Vincent Schiavelli']",Jerry Zucker,7.233,5999,9.9741,127,/w9RaPHov8oM5cnzeE27isnFMsvS.jpg
124905,tt0831387,Godzilla,Godzilla,"Ford Brody, a Navy bomb expert, has just reunited with his family in San Francisco when he is forced to go to Japan to help his estranged father, Joe. Soon, both men are swept up in an escalating crisis when an ancient alpha predator arises from the sea to combat malevolent adversaries that threaten the survival of humanity. The creatures leave colossal destruction in their wake, as they make their way toward their final battleground: San Francisco.",2014-05-14,"['Action', 'Drama', 'Science Fiction']","['japan', 'monster', 'san francisco, california', 'hawaii', 'giant monster', 'tsunami', 'remake', 'prehistoric creature', 'golden gate bridge', 'dinosaur', 'kaiju', 'honolulu, hawaii', 'disaster movie', 'global threat', 'animal horror', 'godzilla']","['Aaron Taylor-Johnson', 'Elizabeth Olsen', 'Juliette Binoche', 'Bryan Cranston', 'Ken Watanabe']",Gareth Edwards,6.358,9751,9.9666,123,/tphkjmQq8WebuVwNXelmjLUXuPJ.jpg
3933,tt0121164,Corpse Bride,Corpse Bride,"In a 19th-century European village, a young man about to be married is whisked away to the underworld and wed to a mysterious corpse bride, while his real bride waits bereft in the land of the living.",2005-09-12,"['Romance', 'Fantasy', 'Animation']","['skeleton', 'love triangle', 'cheating', 'wedding vows', 'shyness', 'arranged marriage', 'marriage', 'grave', 'villain', 'bride', 'musical', 'wedding ring', 'money', 'stop motion', 'wedding', 'corpse', 'wedding ceremony', 'playing piano', 'parents', 'macabre', 'dark fantasy', 'bride and groom', 'ring', 'scoundrel', '19th century', 'underworld', 'romantic', 'ghoulish']","['Johnny Depp', 'Helena Bonham Carter', 'Emily Watson', 'Tracey Ullman', 'Paul Whitehouse']",Tim Burton,7.587,10148,9.9527,77,/3RAoVTxUk1OzZClscAsynuu670p.jpg
675353,tt12412888,Sonic the Hedgehog 2,Sonic the Hedgehog 2,"After settling in Green Hills, Sonic is eager to prove he has what it takes to be a true hero. His test comes when Dr. Robotnik returns, this time with a new partner, Knuckles, in search for an emerald that has the power to destroy civilizations. Sonic teams up with his own sidekick, Tails, and together they embark on a globe-trotting journey to find the emerald before it falls into the wrong hands.",2022-03-30,"['Action', 'Adventure', 'Family', 'Comedy']","['mad scientist', 'sequel', 'revenge', 'based on video game', 'duringcreditsstinger', 'hedgehog', 'live action and animation', 'relaxed', 'joyous', 'cheerful']","['Ben Schwartz', 'James Marsden', 'Tika Sumpter', ""Colleen O'Shaughnessey"", 'Idris Elba']",Jeff Fowler,7.43,5856,9.9506,123,/6DrHO1jr3qVrViUO6s6kFiAGM7.jpg
1018,tt0166924,Mulholland Drive,Mulholland Drive,"Blonde Betty Elms has only just arrived in Hollywood to become a movie star when she meets an enigmatic brunette with amnesia. Meanwhile, as the two set off to solve the second woman's identity, filmmaker Adam Kesher runs into ominous trouble while casting his latest project.",2001-06-06,"['Thriller', 'Drama', 'Mystery']","['amnesia', 'loss of sense of reality', 'schizophrenia', 'nightmare', 'hitman', 'suppressed past', 'identity', 'key', 'detective', 'job interview', 'bisexuality', 'trauma', 'hallucination', 'surreal', 'surrealism', 'casting', 'hollywood', 'los angeles, california', 'car accident', 'audition', 'doppelgänger', 'neo-noir', 'audacious', 'awestruck']","['Naomi Watts', 'Laura Harring', 'Justin Theroux', 'Ann Miller', 'Mark Pellegrino']",David Lynch,7.8,7004,9.9495,147,/x7A59t6ySylr1L7aubOQEA480vM.jpg
1271,tt0416449,300,300,"A story very loosely based the 480 B.C. Battle of Thermopylae, where the King of Sparta led his army against the advancing Persians.",2007-03-07,"['Action', 'Adventure', 'War']","['army', 'narration', 'gore', 'based on true story', 'based on comic', 'sword fight', 'massacre', 'ancient world', 'based on graphic novel', 'ancient greece', 'warrior', 'ancient warfare', 'sparta greece', '5th century bc', 'war', 'bloody death', 'sparta', 'spartans', 'battle of thermopylae', 'god king', 'battle axe']","['Gerard Butler', 'Lena Headey', 'Dominic West', 'David Wenham', 'Vincent Regan']",Zack Snyder,7.198,14681,9.948,117,/h7Lcio0c9ohxPhSZg42eTlKIVVY.jpg
381288,tt4972582,Split,Split,"Though Kevin has evidenced 23 personalities to his trusted psychiatrist, Dr. Fletcher, there remains one still submerged who is set to materialize and dominate all the others. Compelled to abduct three teenage girls led by the willful, observant Casey, Kevin reaches a war for survival among all of those contained within him — as well as everyone around him — as the walls between his compartments shatter apart.",2017-01-19,"['Horror', 'Thriller']","['child abuse', 'philadelphia, pennsylvania', 'kidnapping', 'gore', 'sequel', 'stalking', 'teenage girl', 'super power', 'mental illness', 'split personality', 'multiple personality', 'traumatic childhood', 'dissociative identity disorder', 'psychological horror', 'bitter', 'defiant', 'frightened']","['James McAvoy', 'Anya Taylor-Joy', 'Haley Lu Richardson', 'Jessica Sula', 'Betty Buckley']",M. Night Shyamalan,7.341,18296,9.9467,117,/lli31lYTFpvxVBeFHWoe5PMfW5s.jpg
1421155,tt38221401,Ikatan Darah,Ikatan Darah,"A former martial arts athlete must face a network of loan sharks to save her younger brother, who is trapped in online gambling debt and risking their family’s safety.",2026-04-30,"['Action', 'Crime', 'Thriller']","['martial arts', 'gambling', 'fight', 'gangster', 'revenge', 'gang', 'debt', 'female protagonist', 'loan shark', 'silat', 'online gambling', 'intense', 'crime', 'indonesian action', 'younger brother']","['Livi Ciananta', 'Derby Romero', 'Ismi Melinda', 'Lydia Kandou', 'Teuku Rifnu Wikana']",Sidharta Tata,6.3,3,9.9311,119,/lF9amilOGIudUIq6NgDnz2YrPPa.jpg
329505,tt0089790,Lola's Secret,Il peccato di Lola,Young man has his dreams come true when the sexy new maid seduces him. But she also has a secret that leads to trouble.,1984-05-04,"['Drama', 'Comedy', 'Horror']","['sexploitation', 'maid', 'seductress', 'voyeur', 'sexual exploration', 'erotic movie']","['Donatella Damiani', 'Scott Coffey', 'Gabriele Tinti', 'Peter Boom', 'Jacques Stany']",Bruno Gaburro,7.0,71,9.9277,88,/qaJ4iQngrLbyz9OgaQkJLppDN6m.jpg
420817,tt6139732,Aladdin,Aladdin,A kindhearted street urchin named Aladdin embarks on a magical adventure after finding a lamp that releases a wisecracking genie while a power-hungry Grand Vizier vies for the same lamp that has the power to make their deepest wishes come true.,2019-05-22,"['Adventure', 'Fantasy', 'Romance', 'Family']","['princess', 'hero', 'hustler', 'palace', 'sultan', 'flying carpet', 'musical', 'rags to riches', 'romance', 'monkey', 'family', 'first love', 'based on myths, legends or folklore', 'genie', 'arabian nights', 'live action and animation', 'live action remake', 'hilarious', 'adoring', 'brisk', 'familiar']","['Will Smith', 'Mena Massoud', 'Naomi Scott', 'Marwan Kenzari', 'Navid Negahban']",Guy Ritchie,7.085,10592,9.9249,127,/ykUEbfpkf8d0w49pHh0AD2KrT52.jpg
298618,tt0439572,The Flash,The Flash,"When his attempt to save his family inadvertently alters the future, Barry Allen becomes trapped in a reality in which General Zod has returned and there are no Super Heroes to turn to. In order to save the world that he is in and return to the future that he knows, Barry's only hope is to race for his life. But will making the ultimate sacrifice be enough to reset the universe?",2023-06-13,"['Action', 'Science Fiction', 'Adventure']","['secret identity', 'superhero', 'time travel', 'based on comic', 'superhuman', 'super power', 'aftercreditsstinger', 'time paradox', 'butterfly effect', 'dc extended universe (dceu)', 'superhuman abilities', 'loss of mother', 'alternate universe', 'admiring']","['Ezra Miller', 'Sasha Calle', 'Michael Keaton', 'Michael Shannon', 'Ron Livingston']",Andy Muschietti,6.615,4971,9.922,144,/rktDFPbfHfUbArZ6OOOKsXcv0Bm.jpg
1327862,tt33088452,Regretting You,Regretting You,"Morgan Grant and her daughter Clara explore what's left behind after a devastating accident reveals a shocking betrayal and forces them to confront family secrets, redefine love, and rediscover each other.",2025-10-22,"['Romance', 'Drama']","['high school', 'based on novel or book', 'aunt niece relationship', 'north carolina', 'death of father', 'car crash', 'underage drinking', 'tragedy', 'family drama', 'death of husband', 'underage smoking', 'insecure', 'death of wife', 'complex relationship', 'mother daughter relationship', 'sister sister relationship', 'grandfather grandson relationship', '2000s', 'high school romance', 'loss of husband', 'cinephile', 'sentimental', 'romantic', 'admiring', 'adoring', 'amused', 'bold', 'cheerful', 'melodramatic', 'marijuana use', 'loss of father']","['Mckenna Grace', 'Mason Thames', 'Allison Williams', 'Dave Franco', 'Sam Morelos']",Josh Boone,7.015,393,9.9201,116,/z4gVnxTaks3anTycwKjDmvQSuWt.jpg
1231695,tt35821598,A Few Feet Away,A metros de distancia,"Santiago, a 20 year-old twink shaped by the anonymity of the virtual world, becomes frustrated with gay dating apps and starts obsessively looking for a real experience in the Buenos Aires nightlife.",2025-03-20,"['Comedy', 'Adventure', 'Drama']","['coming of age', 'argentina', 'lgbt', 'gay theme', 'night', 'app']","['Max Suen', 'Jazmín Carballo', 'Esteban Kukuriczka', 'Martín Shanly', 'Felipe Romeo']",Tadeo Pestaña Caro,7.3,3,9.9198,89,/19QllNLkhssxz2ow5coWV6nOPZM.jpg
882569,tt4873118,Guy Ritchie's The Covenant,Guy Ritchie's The Covenant,"During the war in Afghanistan, a local interpreter risks his own life to carry an injured sergeant across miles of grueling terrain.",2023-04-19,"['War', 'Action', 'Thriller']","['ambush', 'interpreter', 'afghanistan', 'rescue mission', 'afghanistan war (2001-2021)', 'taliban', 'behind enemy lines', 'wounded soldier', 'war trauma', 'enemy pursuit', 'war thriller', 'moral debt', 'survival escape', 'military brotherhood', 'family at risk', 'military convoy']","['Jake Gyllenhaal', 'Dar Salim', 'Sean Sagar', 'Jason Wong', 'Rhys Yates']",Guy Ritchie,7.721,3155,9.9175,123,/kVG8zFFYrpyYLoHChuEeOGAd6Ru.jpg
24021,tt1325004,The Twilight Saga: Eclipse,The Twilight Saga: Eclipse,"Bella once again finds herself surrounded by danger as Seattle is ravaged by a string of mysterious killings and a malicious vampire continues her quest for revenge. In the midst of it all, she is forced to choose between her love for Edward and her friendship with Jacob, knowing that her decision has the potential to ignite the ageless struggle between vampire and werewolf. With her graduation quickly approaching, Bella is confronted with the most important decision of her life.",2010-06-23,"['Adventure', 'Fantasy', 'Drama', 'Romance']","['based on novel or book', 'immortality', 'vampire', 'bite', 'graduation', 'teen movie', 'werewolf', 'based on young adult novel', 'supernatural power', 'vampire human love']","['Kristen Stewart', 'Robert Pattinson', 'Taylor Lautner', 'Bryce Dallas Howard', 'Dakota Fanning']",David Slade,6.194,9232,9.9137,124,/dK4Gi1UdMiHzHc7r7CZQG4IQ9Sr.jpg
458423,tt6911608,Mamma Mia! Here We Go Again,Mamma Mia! Here We Go Again,"Five years after meeting her three fathers, Sophie Sheridan prepares to open her mother’s hotel. In 1979, young Donna Sheridan meets the men who each could be Sophie’s biological father.",2018-07-18,"['Comedy', 'Romance']","['greece', 'musical', 'sequel', 'greek island', 'aftercreditsstinger', 'estranged mother', 'long lost love', 'jukebox musical', 'estranged grandparent', 'abba', 'celebratory', 'joyful', 'vibrant']","['Lily James', 'Amanda Seyfried', 'Pierce Brosnan', 'Colin Firth', 'Stellan Skarsgård']",Ol Parker,7.1,3566,9.911,114,/aWicerX4Y7n7tUwRAVHsVcBBpj2.jpg
1375646,tt34385135,Colony,군체,"Professor Se-jeong is thrust into a bloody nightmare when a rapidly mutating virus is released during a biotech conference causing authorities to seal the facility. Trapped inside with no escape, Se-jeong along with a small group of survivors must fight to stay alive while the infected undergo horrific transformations.",2026-05-21,"['Action', 'Thriller', 'Horror']",['zombie'],"['Gianna Jun', 'Koo Kyo-hwan', 'Ji Chang-wook', 'Shin Hyun-been', 'Kim Shin-rock']",Yeon Sang-ho,0.0,0,9.9044,123,/tN799oUR0f1gUKDYdMNrDaY7I51.jpg
538751,tt7331908,The Day of Swapping,스와핑 하던 날,"Min-ho and Jeong-il end up working with each other's wives one day. As time passes, the men feel attracted physically to their friend's wives. In the end, Jeong-il suggests to Min-ho, ""Let's not take sides and just be happy as the four of us!"" They start swapping each other.",2017-07-10,['Romance'],"['softcore', '交换的一天']","['Joo Ye-bin', 'Baek Se-ri', 'Min Do-yoon', 'Suh Zi-eun', 'Jang Seok-min']",Myeong Seok Hwan,5.8,16,9.9009,81,/bakeCMpKkoBZeHwVDjPT3sMolMo.jpg
240832,tt2872732,Lucy,Lucy,"A woman, accidentally caught in a dark deal, turns the tables on her captors and transforms into a merciless warrior evolved beyond human logic.",2014-07-25,"['Action', 'Science Fiction']","['artificial intelligence (a.i.)', 'telepathy', 'intelligence', 'drug mule', 'time travel', 'telekinesis', 'futuristic', 'drugs', 'super power', 'tough girl', 'surgery', 'brain capacity', 'synthetic drug', 'human brain', 'absurd', 'suspenseful', 'cliché', 'melodramatic', 'pretentious']","['Scarlett Johansson', 'Morgan Freeman', 'Choi Min-sik', 'Amr Waked', 'Julian Rhind-Tutt']",Luc Besson,6.5,17026,9.8892,89,/kRbpUTRNm6QbLQFPFWUcNC4czEm.jpg
748783,tt5779228,The Garfield Movie,The Garfield Movie,"Garfield, the world-famous, Monday-hating, lasagna-loving indoor cat, is about to have a wild outdoor adventure! After an unexpected reunion with his long-lost father – scruffy street cat Vic – Garfield and his canine friend Odie are forced from their perfectly pampered life into joining Vic in a hilarious, high-stakes heist.",2024-04-30,"['Family', 'Comedy', 'Adventure', 'Animation']","['friendship', 'cat', 'villain', 'based on comic', 'lasagna', 'computer animation', 'based on cartoon', 'food', 'dog', 'female villain', 'aftercreditsstinger', 'father son relationship', 'adaptation']","['Chris Pratt', 'Samuel L. Jackson', 'Hannah Waddingham', 'Ving Rhames', 'Nicholas Hoult']",Mark Dindal,7.0,1431,9.8835,101,/xYduFGuch9OwbCOEUiamml18ZoB.jpg
616037,tt10648342,Thor: Love and Thunder,Thor: Love and Thunder,"After his retirement is interrupted by Gorr the God Butcher, a galactic killer who seeks the extinction of the gods, Thor Odinson enlists the help of King Valkyrie, Korg, and ex-girlfriend Jane Foster, who now wields Mjolnir as the Mighty Thor. Together they embark upon a harrowing cosmic adventure to uncover the mystery of the God Butcher’s vengeance and stop him before it’s too late.",2022-07-06,"['Fantasy', 'Action', 'Comedy']","['hero', 'ex-girlfriend', 'superhero', 'greek mythology', 'based on comic', 'sequel', 'shadow', 'norse mythology', 'aftercreditsstinger', 'duringcreditsstinger', 'marvel cinematic universe (mcu)', 'norse god', 'god of thunder', 'colorless', 'child abduction']","['Chris Hemsworth', 'Natalie Portman', 'Christian Bale', 'Tessa Thompson', 'Taika Waititi']",Taika Waititi,6.37,8533,9.8762,119,/pIkRyD18kl4FhoCNQuWxWu5cBLM.jpg
27578,tt1320253,The Expendables,The Expendables,"Barney Ross leads a band of highly skilled mercenaries including knife enthusiast Lee Christmas, a martial arts expert Yin Yang, heavy weapons specialist Hale Caesar, demolitionist Toll Road, and a loose-cannon sniper Gunner Jensen. When the group is commissioned by the mysterious Mr. Church to assassinate the dictator of a small South American island, Barney and Lee visit the remote locale to scout out their opposition and discover the true nature of the conflict engulfing the city.",2010-08-07,"['Thriller', 'Adventure', 'Action']","['rescue', 'sniper', 'island', 'martial arts', 'tattoo', 'escape', 'mercenary', 'bridge', 'church', 'drugs', 'blade', 'duringcreditsstinger']","['Sylvester Stallone', 'Jason Statham', 'Jet Li', 'Dolph Lundgren', 'Eric Roberts']",Sylvester Stallone,6.25,8264,9.8618,103,/j09ZkH6R4JWVylBcDai1laCmGw7.jpg
1497970,tt37185884,Tom and Jerry: Forbidden Compass,猫和老鼠：星盘奇缘,"During a chase inside a museum, Tom and Jerry find an ancient magical compass and end up being transported through time. Lost in a distant era, they will need to work together to find a way back home.",2025-08-02,"['Animation', 'Comedy', 'Family', 'Fantasy', 'Adventure']","['museum', 'time travel', 'cat and mouse', 'foreign language adaptation', 'anthropomorphic animal']","['Jiang Wen', 'Shun Zi', 'Lan Long', 'Tu Xiongfei', 'Li Baixin']",Zhang Gang,6.641,39,9.8583,99,/5qttWFjsO62k88civZaDMHiBTvy.jpg
20453,tt1187043,3 Idiots,3 Idiots,"Rascal. Joker. Dreamer. Genius... You've never met a college student quite like ""Rancho."" From the moment he arrives at India's most prestigious university, Rancho's outlandish schemes turn the campus upside down—along with the lives of his two newfound best friends. Together, they make life miserable for ""Virus,"" the school’s uptight and heartless dean. But when Rancho catches the eye of the dean's daughter, Virus sets his sights on flunking out the ""3 idiots"" once and for all.",2009-12-23,"['Drama', 'Comedy']","['challenge', 'middle class', 'slapstick comedy', 'coming of age', 'flashback', 'teacher', 'friends', 'engineering', 'university', 'subjective camera', 'smart kid', 'poor kid', 'looking for friend', 'plot twist', 'inspirational', 'student', 'life advice', 'amused', 'delhi']","['Aamir Khan', 'R. Madhavan', 'Sharman Joshi', 'Kareena Kapoor Khan', 'Boman Irani']",Rajkumar Hirani,7.998,2693,9.855,171,/66A9MqXOyVFCssoloscw79z8Tew.jpg
49529,tt0401729,John Carter,John Carter,"John Carter is a war-weary, former military captain who's inexplicably transported to the mysterious and exotic planet of Barsoom (Mars) and reluctantly becomes embroiled in an epic conflict. It's a world on the brink of collapse, and Carter rediscovers his humanity when he realizes the survival of Barsoom and its people rests in his hands.",2012-03-07,"['Action', 'Adventure', 'Science Fiction']","['princess', 'medallion', 'planet mars', 'based on novel or book', 'escape', 'space travel', 'alien', 'martian', 'steampunk', 'alien race', 'superhuman strength', 'martian civilization', 'sword and planet', '19th century']","['Taylor Kitsch', 'Lynn Collins', 'Samantha Morton', 'Mark Strong', 'Ciarán Hinds']",Andrew Stanton,6.363,6080,9.8416,132,/lCxz1Yus07QCQQCb6I0Dr3Lmqpx.jpg
1291335,tt32306991,Solo Mio,Solo Mio,"After Matt's dreams of a picturesque Italian wedding are shattered when his fiancée leaves him at the altar, he embarks on his planned honeymoon across Italy alone, immersing himself in the country's vibrant culture, food, and beauty, meeting Gia along the way.",2026-02-05,"['Romance', 'Comedy']","['rome, italy', 'italy', 'sadness', 'honeymoon', 'romcom', 'loneliness', 'abandonment', 'relaxed', 'left at the altar', 'romantic']","['Kevin James', 'Nicole Grimaudo', 'Kim Coates', 'Jonathan Roumie', 'Alyson Hannigan']",Daniel Kinnane,7.055,136,9.8401,96,/efSsZJaddeq0LOABZqpCXdMxv9P.jpg
639720,tt11152168,IF,IF,"After discovering she can see everyone's imaginary friends, a girl embarks on a magical adventure to reconnect forgotten imaginary friends with their kids.",2024-05-08,"['Comedy', 'Fantasy', 'Family']","['friendship', 'imaginary friend', 'aftercreditsstinger', 'imaginary', 'live action and animation', 'imagination']","['Cailey Fleming', 'Ryan Reynolds', 'John Krasinski', 'Fiona Shaw', 'Steve Carell']",John Krasinski,6.966,1596,9.8383,104,/xbKFv4KF3sVYuWKllLlwWDmuZP7.jpg
370172,tt2382320,No Time to Die,No Time to Die,"Bond has left active service and is enjoying a tranquil life in Jamaica. His peace is short-lived when his old friend Felix Leiter from the CIA turns up asking for help. The mission to rescue a kidnapped scientist turns out to be far more treacherous than expected, leading Bond onto the trail of a mysterious villain armed with dangerous new technology.",2021-09-29,"['Action', 'Thriller', 'Adventure']","['biological weapon', 'based on novel or book', 'parent child relationship', 'forgiveness', 'poison', 'spy', 'mi6', 'family', 'british secret service', 'parents', 'global threat', 'somber', 'nanobots', 'james bond', 'bold', 'car chases']","['Daniel Craig', 'Léa Seydoux', 'Rami Malek', 'Lashana Lynch', 'Ralph Fiennes']",Cary Joji Fukunaga,7.341,7075,9.8375,163,/iUgygt3fscRoKWCV1d0C7FbM9TP.jpg
12244,tt0472033,9,9,"When 9 first comes to life, he finds himself in a post-apocalyptic world. All humans are gone, and it is only by chance that he discovers a small community of others like him taking refuge from fearsome machines that roam the earth intent on their extinction. Despite being the neophyte of the group, 9 convinces the others that hiding will do them no good.",2009-08-19,"['Action', 'Adventure', 'Animation', 'Science Fiction', 'Thriller']","['friendship', 'man vs machine', 'hope', 'dystopia', 'post-apocalyptic future', 'steampunk', 'coward', 'end of world', 'rag doll']","['Elijah Wood', 'Christopher Plummer', 'Martin Landau', 'John C. Reilly', 'Crispin Glover']",Shane Acker,6.952,3868,9.8269,79,/3uqXGOH4BQ2CLJWkDJZ0PzbUzOn.jpg
854670,,Invited Delivery Man,초대받은 배달부,"Sexually lustful pizza delivery woman, Seung-ha VS customer who wants to swap, Yoon-yool. The Hye-jin couple, who advocate free sex, point to the pizza delivery man Ji-yeong and Dal-soo as partners to enjoy with them, and execute an erotic operation. When Ji-yeong arrives, Hye-jin's husband shows off his erection, and when Dal-soo arrives, he seduces her with his chest and erotic poses. During the delivery, Ji-yeong witnesses Hye-jin and Jeong-woo, a Chinese restaurant delivery man, having a love affair at the entrance of an apartment.",2020-12-25,"['Romance', 'Drama']",['softcore'],"['Seung Ha', 'Yoon Yool', 'Min Do-yoon', 'Gil Dong', 'Im Tae-mok']",Lee Sang-soo,8.4,8,9.8099,86,/arRlboIzWHDkOLn6nWR42KqI4qL.jpg
162,tt0099487,Edward Scissorhands,Edward Scissorhands,A small suburban town receives a visit from a castaway unfinished science experiment named Edward.,1990-12-07,"['Fantasy', 'Drama', 'Romance']","['underdog', 'small town', 'unsociability', 'inventor', 'hairdresser', 'isolation', 'scissors', 'burglar', 'love at first sight', 'fairy tale', 'sadness', 'symbolism', 'castle', 'alone', 'flashback', 'tragic love', 'snow', 'gothic', 'told in flashback', 'christmas horror', 'christmas', 'artificial', 'hair salon', 'signs & wonders', 'love story', 'goth', 'frankenstein', 'topiary', 'tragic', 'suburban gothic']","['Johnny Depp', 'Winona Ryder', 'Dianne Wiest', 'Anthony Michael Hall', 'Kathy Baker']",Tim Burton,7.7,13741,9.8056,105,/e0FqKFvGPdQNWG8tF9cZBtev9Em.jpg
1011477,tt1674782,Karate Kid: Legends,Karate Kid: Legends,"After a family tragedy, kung fu prodigy Li Fong is uprooted from his home in Beijing and forced to move to New York City with his mother. When a new friend needs his help, Li enters a karate competition – but his skills alone aren't enough. Li's kung fu teacher Mr. Han enlists original Karate Kid Daniel LaRusso for help, and Li learns a new way to fight, merging their two styles into one for the ultimate martial arts showdown.",2025-05-08,"['Action', 'Adventure', 'Drama']","['new york city', 'martial arts', 'kung fu', 'mentor', 'ex-boyfriend', 'karate', 'beijing, china', 'martial arts tournament', 'martial arts training', 'living abroad', 'overprotective mother', 'boxing ring', 'cultural identity', 'family pressure', 'martial discipline']","['Jackie Chan', 'Ben Wang', 'Joshua Jackson', 'Sadie Stanley', 'Ming-Na Wen']",Jonathan Entwistle,6.993,1181,9.8015,94,/c90Lt7OQGsOmhv6x4JoFdoHzw5l.jpg
1029575,tt16431870,The Family Plan,The Family Plan,"Dan Morgan is many things: a devoted husband, a loving father, a celebrated car salesman. He's also a former assassin. And when his past catches up to his present, he's forced to take his unsuspecting family on a road trip unlike any other.",2023-12-14,"['Action', 'Comedy', 'Family']","['road trip', 'on the run', 'gamer', 'car salesman', 'las vegas', 'duringcreditsstinger', 'hidden identity', 'family trip', 'ex army', 'family bonding', 'buffalo, new york', 'secret', 'teenager', 'former assassin', 'physical therapist', 'covert assassin']","['Mark Wahlberg', 'Michelle Monaghan', 'Maggie Q', 'Zoe Colletti', 'Van Crosby']",Simon Cellan Jones,7.217,1866,9.7939,118,/jLLtx3nTRSLGPAKl4RoIv1FbEBr.jpg
1258151,tt28364592,Kraken,Кракен,"A Russian missile submarine disappears without trace during a secret mission in the Greenland Sea. A vessel is deployed to search for it, captained by the brother of the missing submarine’s commander. The search crew is tasked with locating the submarine and preventing a top-secret weapon from falling into enemy hands. Meanwhile, a geological research operation at the North Pole awakens the Kraken, a giant deep-water monster with an incredible ability to camouflage and an uncanny intelligence. As the search party narrows in on the missing submarine, they will encounter the legendary creature of the deep.",2025-04-17,"['Science Fiction', 'Adventure', 'Drama']","['sea monster', 'kraken']","['Alexander Petrov', 'Aleksey Guskov', 'Victor Dobronravov', 'Sergey Garmash', 'Diana Pozharskaya']",Nikolay Lebedev,6.226,53,9.793,134,/c97Xlokfn4M6ZOQmt7OfXfLDwd5.jpg
32657,tt0814255,Percy Jackson & the Olympians: The Lightning Thief,Percy Jackson & the Olympians: The Lightning Thief,"Accident prone teenager, Percy discovers he's actually a demi-God, the son of Poseidon, and he is needed when Zeus' lightning is stolen. Percy must master his new found skills in order to prevent a war between the Gods that could devastate the entire world.",2010-02-01,"['Adventure', 'Fantasy', 'Family']","['monster', 'based on novel or book', 'greek mythology', 'dyslexia', 'god', 'poseidon', 'lightning bolt', 'fantasy world', 'demigod', 'based on young adult novel', 'derisive', 'percy jackson and the olympians']","['Logan Lerman', 'Brandon T. Jackson', 'Alexandra Daddario', 'Jake Abel', 'Pierce Brosnan']",Chris Columbus,6.213,7805,9.7922,118,/brzpTyZ5bnM7s53C1KSk1TmrMO6.jpg
1417,tt0457430,Pan's Labyrinth,El laberinto del fauno,"In post–civil war Spain, 10-year-old Ofelia moves with her pregnant mother to live under the control of her cruel stepfather. Drawn into a mysterious labyrinth, she meets a faun who reveals that she may be a lost princess from an underground kingdom. To return to her true father, she must complete a series of surreal and perilous tasks that blur the line between reality and fantasy.",2006-10-11,"['Fantasy', 'Drama', 'War']","['princess', 'army', 'fairy tale', 'resistance', 'servant', 'anti hero', 'franco regime (francoism)', 'woods', 'cruelty', 'hiding', 'labyrinth', 'magic realism', 'dark fairy tale', 'children in wartime', 'post spanish civil war', 'faun', 'horror', 'enchant', 'gloomy', 'labirinto']","['Ivana Baquero', 'Sergi López', 'Maribel Verdú', 'Doug Jones', 'Ariadna Gil']",Guillermo del Toro,7.762,11427,9.7774,118,/z7xXihu5wHuSMWymq5VAulPVuvg.jpg
1081003,tt8814476,Supergirl,Supergirl,"When an unexpected and ruthless adversary strikes too close to home, Kara Zor-El, aka Supergirl, reluctantly joins forces with an unlikely companion on an epic, interstellar journey of vengeance and justice.",2026-06-24,"['Action', 'Adventure', 'Science Fiction']","['hero', 'superhero', 'villain', 'based on comic', 'female protagonist', 'heroine', 'aftercreditsstinger', 'solitude', 'supervillain', 'dc universe (dcu)']","['Milly Alcock', 'Matthias Schoenaerts', 'Eve Ridley', 'David Krumholtz', 'Emily Beecham']",Craig Gillespie,0.0,0,9.774,110,/lV8Yuhz36hds5dvEIwB7DThixH.jpg
11544,tt0275847,Lilo & Stitch,Lilo & Stitch,"As Stitch, a runaway genetic experiment from a faraway planet, wreaks havoc on the Hawaiian Islands, he becomes the mischievous adopted alien ""puppy"" of an independent little girl named Lilo and learns about loyalty, friendship, and ʻohana, the Hawaiian tradition of family.",2002-06-21,"['Animation', 'Family', 'Comedy', 'Science Fiction']","['sibling relationship', 'mutation', 'extraterrestrial technology', 'hawaii', 'adoption', 'villain', 'alien life-form', 'alien', 'dog', 'dead parents', 'duringcreditsstinger', 'fitting in', 'native hawaiian']","['Daveigh Chase', 'Chris Sanders', 'Tia Carrere', 'David Ogden Stiers', 'Kevin McDonald']",Dean DeBlois,7.6,7072,9.7643,85,/cFuLvQJPoZpuruAtN3rVnMmLIH8.jpg
36557,tt0381061,Casino Royale,Casino Royale,"Le Chiffre, a banker to the world's terrorists, is scheduled to participate in a high-stakes poker game in Montenegro, where he intends to use his winnings to establish his financial grip on the terrorist market. M sends Bond—on his maiden mission as a 00 Agent—to attend this game and prevent Le Chiffre from winning. With the help of Vesper Lynd and Felix Leiter, Bond enters the most important poker game in his already dangerous career.",2006-11-14,"['Adventure', 'Action', 'Thriller']","['banker', 'casino', 'based on novel or book', 'poker', 'italy', 'spy', 'money', 'torture', 'terrorism', 'mi6', 'british secret service', 'montenegro', 'james bond', 'dramatic', 'suspenseful', 'thriller', 'action', 'adventure', 'earnest']","['Daniel Craig', 'Eva Green', 'Mads Mikkelsen', 'Judi Dench', 'Jeffrey Wright']",Martin Campbell,7.569,11652,9.7622,144,/lMrxYKKhd4lqRzwUHAy5gcx9PSO.jpg
398818,tt5726616,Call Me by Your Name,Call Me by Your Name,"In the summer of 1983, a 17-year-old Elio spends his days in his family's villa in Italy. One day Oliver, a graduate student, arrives to assist Elio's father, a professor of Greco-Roman culture. Soon, Elio and Oliver discover a summer that will alter their lives forever.",2017-10-01,"['Romance', 'Drama']","['based on novel or book', 'upper class', 'italy', 'swimming pool', 'coming of age', 'love', 'breaking the fourth wall', 'summer', 'teenage boy', 'masturbation', 'first love', 'lgbt', 'jewish family', '1980s', 'gay theme']","['Armie Hammer', 'Timothée Chalamet', 'Michael Stuhlbarg', 'Amira Casar', 'Esther Garrel']",Luca Guadagnino,8.091,12728,9.7543,132,/mZ4gBdfkhP9tvLH1DO4m4HYtiyi.jpg
13483,tt0211933,Awake,Awake,"While undergoing heart surgery, a man experiences a phenomenon called ‘anesthetic awareness’, which leaves him awake but paralyzed throughout the operation. As various obstacles present themselves, his wife must make life-altering decisions while wrestling with her own personal drama.",2007-11-28,"['Thriller', 'Crime', 'Mystery']",[],"['Hayden Christensen', 'Jessica Alba', 'Terrence Howard', 'Lena Olin', 'Christopher McDonald']",Joby Harold,6.549,1522,9.754,84,/jIPIxaBcppLLkygko7tV5yuTIs1.jpg
70345,tt0070622,Sssssss,Sssssss,"David, a college student, is looking for a job. He is hired by Dr. Stoner as a lab assistant for his research and experiments on snakes. David also begins to fall for Stoner's young daughter, Kristina. However, the good doctor has secretly brewed up a serum that can transform any man into a King Cobra snake-and he plans to use it on David.",1973-07-06,"['Horror', 'Science Fiction']","['experiment', 'snake', 'transformation', 'mad scientist', 'turns into animal', 'cobra', 'college student']","['Strother Martin', 'Dirk Benedict', 'Heather Menzies', 'Richard B. Shull', ""Tim O'Connor""]",Bernard L. Kowalski,5.153,111,9.7469,99,/fIKiHta0LrDpb2f80u7ybPFesoy.jpg
9072,tt0430304,Little Man,Little Man,"After leaving prison, dwarf criminal Calvin Sims joins his moron brother Percy in stealing an expensive huge diamond from a jewelry store for the mobster Walken. They are chased by the police, and Calvin hides the stone in the purse of executive Vanessa Edwards, whose husband Darryl Edwards wants to have a baby. Percy convinces Calvin to dress like a baby and be left in front of the Edwards' house to get inside the house and retrieve the diamond. Darryl and Vanessa keep Calvin for the weekend and decide to adopt him, while Walken threatens Darryl to get the stone back.",2006-08-31,"['Comedy', 'Crime']","['baby', 'small person', 'married couple', 'adoption', 'criminal', 'comforting']","['Marlon Wayans', 'Shawn Wayans', 'Kerry Washington', 'John Witherspoon', 'Tracy Morgan']",Keenen Ivory Wayans,5.936,1889,9.7468,98,/9KzPw1VN0pMBnq1KIqBaLI8LAB7.jpg
396371,tt4209788,Molly's Game,Molly's Game,"Molly Bloom, a young skier and former Olympic hopeful becomes a successful entrepreneur (and a target of an FBI investigation) when she establishes a high-stakes, international poker game.",2017-12-07,"['Drama', 'Crime']","['new york city', 'court', 'poker', 'gambling', 'bratva (russian mafia)', 'olympic games', 'fbi', 'biography', 'arrest', 'based on true story', 'celebrity', 'trial', 'beating', 'lawyer', 'female protagonist', 'los angeles, california', 'courtroom', 'ice skating', 'snow skiing', 'card playing', 'employer employee relationship', 'courtroom drama', 'high stakes', 'mob', 'father daughter relationship', 'admiring']","['Jessica Chastain', 'Idris Elba', 'Kevin Costner', 'Michael Cera', 'Jeremy Strong']",Aaron Sorkin,7.148,4011,9.7407,141,/zrGQwKNmAz5awZI2V1k5M4eTTTN.jpg
1949,tt0443706,Zodiac,Zodiac,"Over the course of a decade, editors of the San Francisco Chronicle entice themselves in the murders of the Zodiac Killer. However, as time runs its course, interest in the case dwindles in the eyes of the professionals. The Killer stops interacting with the public. However, believing he has the answers, an amateur cartoonist from the initial sightings races against time to prevent what he believes is another murder.",2007-03-02,"['Crime', 'Mystery', 'Thriller']","['newspaper', 'journalist', 'california', 'based on novel or book', 'police', 'san francisco, california', 'killing', 'detective', '1970s', 'investigation', 'victim', 'code', 'murder', 'serial killer', 'crime scene', 'reporter', 'whodunit', 'alcoholic', 'young man', 'fourth of july', 'newspaper article', 'curious', 'cartoonist', '1960s', 'zodiac killer', 'malicious', 'clinical', 'bar', 'ambiguous', 'awestruck', 'foreboding', 'frightened', 'ominous']","['Jake Gyllenhaal', 'Mark Ruffalo', 'Anthony Edwards', 'Robert Downey Jr.', 'Chloë Sevigny']",David Fincher,7.529,11518,9.7312,157,/6YmeO4pB7XTh8P8F960O1uA14JO.jpg
59440,tt1291584,Warrior,Warrior,"The youngest son of an alcoholic former boxer returns home, where he's trained by his father for competition in a mixed martial arts tournament – a path that puts the fighter on a collision course with his estranged, older brother.",2011-09-09,"['Drama', 'Action']","['bank', 'training', 'beating', 'mixed martial arts (mma)', 'teacher', 'muscleman', 'combat', 'alcoholic', 'gym', 'exercise', 'pittsburgh, pennsylvania', 'intense', 'complicated', 'familiar']","['Joel Edgerton', 'Tom Hardy', 'Nick Nolte', 'Jennifer Morrison', 'Frank Grillo']",Gavin O'Connor,7.844,4999,9.725,140,/iM8n4nZJPR2abpnyZ36FUgHiRjr.jpg
263472,tt3605418,Knock Knock,Knock Knock,"When a devoted husband and father is left home alone for the weekend, two stranded young women unexpectedly knock on his door for help. What starts out as a kind gesture results in a dangerous seduction and a deadly game of cat and mouse.",2015-06-26,"['Horror', 'Thriller', 'Crime']","['adultery', 'infidelity', 'sadism', 'cake', 'disc jockey', 'eroticism', 'rain', 'architect', 'seduction', 'torture', 'art', 'home invasion', 'extramarital affair', 'threesome', 'seductress', 'erotic thriller', 'married man']","['Keanu Reeves', 'Lorenza Izzo', 'Ana de Armas', 'Aaron Burns', 'Colleen Camp']",Eli Roth,5.387,3469,9.7123,99,/cUC4rUb1Cs2KMaZ6RD4uYUEEwls.jpg
987573,tt21627390,Believers,ビリーバーズ,"On a small island somewhere near Japan, three cult members have devoted themselves to the ""Deserted Island Program"". Calling each other by rank, these people-two men and one women-have been chosen by their superiors to throw off the corrupt influence of modern society and ""purify"" themselves. But as time passes two of the members begin to give into human desire.",2022-07-08,['Drama'],"['island', 'cult']","['Hayato Isomura', 'Shohei Uno', 'Yui Kitamura', 'Katsuya Maiguma', 'Naoki Yamamoto']",Hideo Jojo,5.5,10,9.7076,118,/o6gF3tCiMwGKM5M9DvgH8sEPXFu.jpg
291805,tt3110958,Now You See Me 2,Now You See Me 2,"One year after outwitting the FBI and winning the public’s adulation with their mind-bending spectacles, the Four Horsemen resurface only to find themselves face to face with a new enemy who enlists them to pull off their most dangerous heist yet.",2016-06-02,"['Crime', 'Thriller']","['prison', 'new york city', 'magic', 'kidnapping', 'fbi', 'card trick', 'secret society', 'hypnosis', 'illusion', 'twin brother', 'sequel', 'heist', 'revenge', 'vigilante', 'on the run', 'fake death', 'macau', 'perception', 'illusionist', 'secrecy', 'illusionism', 'debunker', 'sleight of hand', 'fbi agent', 'intense', 'cheerful']","['Jesse Eisenberg', 'Mark Ruffalo', 'Woody Harrelson', 'Dave Franco', 'Daniel Radcliffe']",Jon M. Chu,6.827,11547,9.699,129,/A81kDB6a1K86YLlcOtZB27jriJh.jpg
49530,tt1637688,In Time,In Time,"In the not-too-distant future, the aging gene has been switched off. To avoid overpopulation, time has become the currency and the way people pay for luxuries and necessities. The rich can live forever, while the rest struggle to negotiate for their immortality. A poor young man who suddenly comes into a fortune of time finds himself on the run from a corrupt police force known as the ""time keepers"".",2011-10-27,"['Action', 'Thriller', 'Science Fiction']","['future', 'race against time', 'immortality', 'bank', 'dystopia', 'time', 'love', 'on the run', 'class differences', 'biting', 'cops and robbers\xa0', 'aggressive', 'rich vs poor', 'in time', 'antagonistic', 'defiant', 'urgent']","['Amanda Seyfried', 'Justin Timberlake', 'Cillian Murphy', 'Vincent Kartheiser', 'Olivia Wilde']",Andrew Niccol,6.97,12123,9.6976,109,/3Mwj2sIONQckOZP3YwsUXF7U5I4.jpg
259316,tt3183660,Fantastic Beasts and Where to Find Them,Fantastic Beasts and Where to Find Them,"In 1926, Newt Scamander arrives at the Magical Congress of the United States of America with a magically expanded briefcase, which houses a number of dangerous creatures and their habitats. When the creatures escape from the briefcase, it sends the American wizarding authorities after Newt, and threatens to strain even further the state of magical and non-magical relations.",2016-11-16,"['Fantasy', 'Adventure']","['witch', 'new york city', 'robbery', 'escape', 'teleportation', 'magic', 'suitcase', 'mistake', 'spin off', 'subway station', 'wizard', 'goblin', 'magical creature', '1920s', 'based on young adult novel', 'جانوران شگفت\u200cانگیز و زیستگاه آنها', 'fantastic beasts and where to find them']","['Eddie Redmayne', 'Katherine Waterston', 'Dan Fogler', 'Alison Sudol', 'Colin Farrell']",David Yates,7.308,19665,9.6863,133,/fLsaFKExQt05yqjoAvKsmOMYvJR.jpg
37799,tt1285016,The Social Network,The Social Network,"In 2003, Harvard undergrad and computer programmer Mark Zuckerberg begins work on a new concept that eventually turns into the global social network known as Facebook. Six years later, Mark is one of the youngest billionaires ever, but his unprecedented success leads to both personal and legal complications when he ends up on the receiving end of two lawsuits, one involving his former friend.",2010-10-01,['Drama'],"['hacker', 'based on novel or book', 'boston, massachusetts', 'ex-girlfriend', 'harvard university', 'narcissism', 'based on true story', 'hacking', 'historical fiction', 'twins', 'double cross', 'creator', 'frat party', 'social network', 'deposition', 'intellectual property', 'entrepreneur', 'arrogance', 'social media', 'questioning', 'meditative', 'young entrepreneur', 'facebook', 'legal drama', 'antagonistic', 'callous', 'defiant', 'frustrated', 'wry']","['Jesse Eisenberg', 'Andrew Garfield', 'Armie Hammer', 'Josh Pence', 'Justin Timberlake']",David Fincher,7.373,13118,9.6834,121,/n0ybibhJtQ5icDqTp8eRytcIHJx.jpg
339403,tt3890160,Baby Driver,Baby Driver,"After being coerced into working for a crime boss, a young getaway driver finds himself taking part in a heist doomed to fail.",2017-06-28,"['Action', 'Crime']","['robbery', 'waitress', 'atlanta', 'crime boss', 'romance', 'heist', 'getaway car', 'on the run', 'shootout', 'bank robbery', 'getaway driver', 'sign languages', 'armed robbery', 'hearing impaired', 'music']","['Ansel Elgort', 'Kevin Spacey', 'Lily James', 'Jon Hamm', 'Jamie Foxx']",Edgar Wright,7.443,16799,9.6772,113,/tYzFuYXmT8LOYASlFCkaPiAFAl0.jpg
1406657,tt35114460,Scarlet,果てしなきスカーレット,"After failing to avenge her father's murder, Princess Scarlet, wakes up in the ""Land of the Dead."" In this world filled with madness, if she does not achieve her revenge against her nemesis and reach the ""No End Place,"" she will become ""Void"" and cease to exist. Can Scarlet find a way to live at the end of her endless journey?",2025-11-21,"['Animation', 'Action', 'Drama', 'Science Fiction']","['princess', 'time travel', 'revenge', 'anime']","['Mana Ashida', 'Masaki Okada', 'Yutaka Matsushige', 'Kotaro Yoshida', 'Koji Yakusho']",Mamoru Hosoda,7.3,88,9.6747,112,/2O2tOyS4kvO9GtFPHpWmbXvfRQv.jpg
402,tt0103772,Basic Instinct,Basic Instinct,"Catherine, a novelist with an insatiable sexual appetite, becomes a prime suspect when her boyfriend is brutally murdered -- a crime she had described in her latest story.",1992-03-20,"['Thriller', 'Mystery']","['dying and death', 'california', 'jealousy', 'sexual obsession', 'police', 'san francisco, california', 'sadism', 'psychopath', 'detective', 'eroticism', 'bisexuality', 'suspicion of murder', 'lover', 'striptease', 'celebrity', 'femme fatale', 'sociopath', 'dead', 'neo-noir', 'erotic thriller', 'manipulative woman', 'book writing', 'killed during sex', 'american giallo']","['Michael Douglas', 'Sharon Stone', 'George Dzundza', 'Jeanne Tripplehorn', 'Denis Arndt']",Paul Verhoeven,6.944,4354,9.6707,128,/76Ts0yoHk8kVQj9MMnoMixhRWoh.jpg
50646,tt1570728,"Crazy, Stupid, Love.","Crazy, Stupid, Love.","Cal Weaver is living the American dream. He has a good job, a beautiful house, great children and a beautiful wife, named Emily. Cal's seemingly perfect life unravels, however, when he learns that Emily has been unfaithful and wants a divorce. Over 40 and suddenly single, Cal is adrift in the fickle world of dating. Enter, Jacob Palmer, a self-styled player who takes Cal under his wing and teaches him how to be a hit with the ladies.",2011-07-29,"['Comedy', 'Drama', 'Romance']","['friendship', 'soulmates', 'marriage crisis', 'midlife crisis', 'babysitter', 'womanizer', 'law school', 'los angeles, california', 'middle school', 'relationship', 'love affair', 'divorcee', 'teenage love', 'playful', 'hilarious']","['Steve Carell', 'Ryan Gosling', 'Julianne Moore', 'Emma Stone', 'Lio Tipton']",Glenn Ficarra,7.273,9256,9.6624,118,/p4RafgAPk558muOjnBMHhMArjS2.jpg
400535,tt5052474,Sicario: Day of the Soldado,Sicario: Day of the Soldado,Agent Matt Graver teams up with operative Alejandro Gillick to prevent Mexican drug cartels from smuggling terrorists across the United States border.,2018-06-27,"['Action', 'Crime', 'Thriller']","['rescue', 'central intelligence agency (cia)', 'corruption', 'usa–mexico border', 'sequel', 'shootout', 'explosion', 'brutality', 'black ops', 'sign languages', 'neo-noir', 'drug war', 'mexican cartel', 'covert operations', 'cartel warfare']","['Benicio del Toro', 'Josh Brolin', 'Isabela Merced', 'Jeffrey Donovan', 'Catherine Keener']",Stefano Sollima,6.941,4020,9.6602,122,/qcLYofEhNh51Sk1jUWjmKHLzkqw.jpg
1380291,tt34378301,Tom Clancy's Jack Ryan: Ghost War,Tom Clancy's Jack Ryan: Ghost War,"When an international covert mission unravels a deadly conspiracy, Ryan is forced back into the world of espionage to confront a rogue black-ops unit.",2026-05-20,"['Action', 'Thriller', 'Drama']","['based on tv series', 'suspense']","['John Krasinski', 'Sienna Miller', 'Wendell Pierce', 'Michael Kelly', 'Max Beesley']",Andrew Bernstein,0.0,0,9.6545,105,/vjUWJXdd275UYJDzblaNPZp9319.jpg
5559,tt0389790,Bee Movie,Bee Movie,"Barry B. Benson, a recent college graduate who wants more out of his life than making honey, decides to sue the human race after learning about the exploitation of bees at the hands of mankind. What will happen next?",2007-10-28,"['Family', 'Animation', 'Adventure', 'Comedy']","['factory worker', 'airplane', 'court', 'tennis', 'florist', 'flower shop', 'college', 'pilot', 'beehive', 'lawsuit', 'bee sting', 'aftercreditsstinger', 'implied bestiality', 'cartoon bee']","['Jerry Seinfeld', 'Renée Zellweger', 'Matthew Broderick', 'Patrick Warburton', 'John Goodman']",Simon J. Smith,6.041,5253,9.6419,91,/aWe27GmvfVYAd7p0KEtJZWwLWk5.jpg
107,tt0208092,Snatch,Snatch,"Unscrupulous boxing promoters, violent bookies, a Russian gangster, incompetent amateur robbers, and supposedly Jewish jewellers fight to track down a priceless stolen diamond.",2000-09-01,"['Crime', 'Comedy']","['robbery', 'trailer park', 'england', 'gypsy', 'gambling', 'bare knuckle boxing', 'slang', 'diamond', 'antwerp', 'pig', 'gangster', 'boxer', 'underground fighting', 'diamond heist', 'pikey', 'excited']","['Jason Statham', 'Alan Ford', 'Stephen Graham', 'Brad Pitt', 'Dennis Farina']",Guy Ritchie,7.822,9946,9.6419,103,/kJZoAHq1SLDdWjeNGtlHAnGpmFV.jpg
1125899,tt27812086,Cleaner,Cleaner,"When a group of radical activists take over an energy company's annual gala, seizing 300 hostages, an ex-soldier turned window cleaner suspended 50 storeys up on the outside of the building must save those trapped inside, including her older brother.",2025-02-19,"['Action', 'Thriller']","['cover-up', 'survival', 'betrayal', 'window cleaner', 'dangerous mission', 'moral dilemma', 'autistic brother', 'high‑risk operation', 'underworld conflict', 'unexpected hero', 'spiral of violence', 'forced involvement', 'threat escalation', 'targeted pursuit', 'industrial districts']","['Daisy Ridley', 'Taz Skylar', 'Matthew Tuck', 'Flavia Watson', 'Ruth Gemmell']",Martin Campbell,6.351,473,9.6404,97,/mwzDApMZAGeYCEVjhegKvCzDX0W.jpg
49018,tt1591095,Insidious,Insidious,"A family discovers that dark spirits have invaded their home after their son inexplicably falls into an endless sleep. When they reach out to a professional for help, they learn things are a lot more personal than they thought.",2011-03-31,"['Horror', 'Thriller']","['supernatural', 'medium', 'haunted house', 'evil spirit', 'house warming', 'demon', 'new home', 'aftercreditsstinger', 'other dimension', 'insidious', 'supernatural power', 'supernatural horror', 'horror', 'distressing', 'horrified', 'possessed child']","['Patrick Wilson', 'Rose Byrne', 'Lin Shaye', 'Ty Simpkins', 'Barbara Hershey']",James Wan,6.941,7294,9.6399,102,/1egpmVXuXed58TH2UOnX1nATTrf.jpg
666277,tt13238346,Past Lives,Past Lives,"After decades apart, childhood friends Nora and Hae Sung are reunited in New York for one fateful weekend as they confront notions of destiny, love, and the choices that make a life.",2023-06-02,"['Drama', 'Romance']","['new york city', 'immigrant', 'friendship', 'nostalgia', 'woman between two men', 'interracial marriage', 'fate', 'playwright', 'married woman', 'childhood friends', 'semi autobiographical', 'woman director', 'korean american', 'childhood sweethearts', 'memories', 'dreary', 'korean', 'asian american', 'independent film', 'seoul, south korea']","['Greta Lee', 'Teo Yoo', 'John Magaro', 'Moon Seung-ah', 'Leem Seung-min']",Celine Song,7.708,2298,9.6388,106,/k3waqVXSnvCZWfJYNtdamTgTtTA.jpg
414419,tt6019206,Kill Bill: The Whole Bloody Affair,Kill Bill: The Whole Bloody Affair,"A former assassin, known simply as The Bride, wakes from a coma four years after her jealous ex-lover Bill attempts to murder her on her wedding day. Fueled by an insatiable desire for revenge, she vows to get even with every person who contributed to the loss of her unborn child, her entire wedding party, and four years of her life. After devising a hit list, The Bride sets off on her quest, enduring unspeakable injury and unscrupulous enemies.",2011-03-27,"['Action', 'Crime']","['martial arts', 'kung fu', 'assassin', 'mass murder', 'yakuza', 'feminism', 'secret society', 'buried alive', 'okinawa', 'revenge', 'vigilante', 'female protagonist', 'rape and revenge', 'kung fu master', 'aggressive', 'neo-noir', '1990s', '2000s', 'girls with guns', 'brutal violence', 'edited from film']","['Uma Thurman', 'Lucy Liu', 'Vivica A. Fox', 'Michael Madsen', 'Daryl Hannah']",Quentin Tarantino,8.1,1231,9.6351,253,/nSOJfWJCdVFZQwXQA7RXn7FIIiY.jpg
830884,tt10735346,Japanese Idol with Beautiful Big Tits - Mihara Momoka,いけないJカップ 美原ももか,"J-Cup super huge breasts rookie idols [Momoka Mihara] Chan's 1st image will be released from Spice Visual! The gentle and healing [Momoka] Chan is wearing a bold bikini for the first time in her life, and her beautiful white skin and 95 cm J-cup bust are unveiled for the first time in Japan! !! Take a cute and sexy shot of Super Glamorous BODY! !! An intelligent and neat beauty face is irresistible [Momoka] Chan's debut work of the whole body! !!",2014-12-26,['Documentary'],"['bikini', 'softcore', 'swimsuit', 'debut', 'big tits']",['Rika Goto'],,6.9,42,9.6349,81,/9maDJXwpsL6VcgokBXQDGUzBBR3.jpg
1526650,tt38365045,Mudborn,泥娃娃,"Hsu-Chuan, who works at a game company, accidentally brings home a broken clay doll from a haunted house while developing a new horror VR game. Unexpectedly, his pregnant wife, Mu-Hua, a cultural relic restorer, develops an obsession with the doll and relentlessly tries to repair it. As strange things begin to happen in the house, Mu-Hua's condition deteriorates, and Hsu-Chuan, at his wits' end, seeks help from a spiritual medium, Ah-Sheng. Meanwhile, the horrifying secret hidden behind the clay doll begins to surface.",2025-10-09,"['Horror', 'Thriller']",[],"['Tony Yang', 'Cecilia Choi', 'Derek Chang', 'Tracy Chou', 'Puff Kuo']",Shieh Meng-ju,7.1,40,9.6296,111,/laxF5iCQbfSqjDIsoaBOJtz2C1N.jpg
1032823,tt26753003,Trap,Trap,"A father and teen daughter attend a pop concert, where they realize they're at the center of a dark and sinister event.",2024-07-31,"['Crime', 'Horror', 'Thriller']","['concert', 'philadelphia, pennsylvania', 'double life', 'escape', 's.w.a.t.', 'pop star', 'father', 'limousine', 'celebrity', 'trap', 'serial killer', 'obsessive compulsive disorder (ocd)', 'trapped', 'mental illness', 'sting operation', 'mayhem', 'father daughter relationship', 'plot twist']","['Josh Hartnett', 'Ariel Donoghue', 'Saleka Night Shyamalan', 'Alison Pill', 'Hayley Mills']",M. Night Shyamalan,6.241,2803,9.619,105,/jwoaKYVqPgYemFpaANL941EF94R.jpg
1627792,tt39376926,Sagaran,Sagaran,"As female motorcycle racer Mica and her mechanic boyfriend Migo join a motor shop's team, they try to navigate a new set of complicated relationships that'll push them to the limit.",2026-02-06,['Drama'],['sexy'],"['Ashley Lopez', 'Yda Manzano', 'Marco Gomez', 'Ralmon Mendoza', 'Kurt Veneracion']",Sid T. Pascua,4.5,2,9.6176,70,/x44TC1EEYDR7Qo6ZGECabsnzkdQ.jpg
37135,tt0120855,Tarzan,Tarzan,"Tarzan was a small orphan who was raised by an ape named Kala since he was a child. He believed that this was his family, but on an expedition Jane Porter is rescued by Tarzan. He then finds out that he's human. Now Tarzan must make the decision as to which family he should belong to...",1999-06-17,"['Animation', 'Family', 'Adventure']","['baby', 'africa', 'gorilla', 'adoption', 'cartoon', 'villain', 'feral child', 'tarzan', 'nest', 'anthropomorphism', 'jungle', 'camp', 'orphan']","['Tony Goldwyn', 'Minnie Driver', 'Glenn Close', 'Alex D. Linz', ""Rosie O'Donnell""]",Chris Buck,7.399,7306,9.6164,88,/bTvHlcqiOjGa3lFtbrTLTM3zasY.jpg
4248,tt0257106,Scary Movie 2,Scary Movie 2,"While the original parodied slasher flicks like Scream, Keenen Ivory Wayans's sequel to Scary Movie takes comedic aim at haunted house movies. A group of students visit a mansion called ""Hell House,"" and murderous high jinks ensue.",2001-07-04,['Comedy'],"['supernatural', 'exorcism', 'haunted house', 'parody', 'sequel', 'spoof', 'horror spoof', 'secret door', 'college student', 'school project', 'haunted mansion', 'horror parody', 'supernatural horror', 'whimsical', 'supernatural comedy']","['Anna Faris', 'Regina Hall', 'Marlon Wayans', 'Shawn Wayans', 'Christopher Masterson']",Keenen Ivory Wayans,5.817,5131,9.6156,82,/7Eb1JWK0Cb0rbfsYjwfc9g0PbQH.jpg
1543138,tt39308947,The Stars and the Moon are Holes in the Sky,星と月は天の穴,"A 40-something disillusioned novelist, Yazoe, haunted by a failed marriage and a crippling personal secret, navigates hollow affairs with a courtesan named Chieko while projecting his emotional void onto the protagonists of his love novels—until an accidental encounter with a naive college student, Noriko Seyawa, unravels his guarded solitude, forcing him to confront his fear of intimacy and the buried trauma shaping his twisted philosophy on love.",2025-12-19,['Drama'],['based on novel or book'],"['Go Ayano', 'Sakuya', 'Rena Tanaka', 'Tasuku Emoto', 'Junko Miyashita']",Haruhiko Arai,4.0,1,9.6016,122,/okIg9BoXmSyEZxQdN4xDctngqEY.jpg
1430,tt0310793,Bowling for Columbine,Bowling for Columbine,"This is not a film about gun control. It is a film about the fearful heart and soul of the United States, and the 280 million Americans lucky enough to have the right to a constitutionally protected Uzi. From a look at the Columbine High School security camera tapes to the home of Oscar-winning NRA President Charlton Heston, from a young man who makes homemade napalm with The Anarchist's Cookbook to the murder of a six-year-old girl by another six-year-old. Bowling for Columbine is a journey through the US, through our past, hoping to discover why our pursuit of happiness is so riddled with violence.",2002-10-09,"['Documentary', 'Drama']","['canada', 'gun', 'homicide', 'mass murder', 'oklahoma city bombing', 'american culture', 'gun violence', 'shocking', 'satirical', 'mass shooting', 'witty', 'amused', 'commanding', 'empathetic', 'forceful', 'inflammatory']","['Michael Moore', 'George H. W. Bush', 'George W. Bush', 'Charlton Heston', 'Jacobo Árbenz']",Michael Moore,7.512,1684,9.5882,120,/4XsiTsZcNCRSkee1o0fdr5OqYRT.jpg
9323,tt0113568,Ghost in the Shell,GHOST IN THE SHELL,"In the year 2029, the barriers of our world have been broken down by the net and by cybernetics, but this brings new vulnerability to humans in the form of brain-hacking. When a highly-wanted hacker known as 'The Puppetmaster' begins involving them in politics, Section 9, a group of cybernetically enhanced cops, are called in to investigate and stop the Puppetmaster.",1995-11-18,"['Action', 'Animation', 'Science Fiction']","['android', 'man vs machine', 'artificial intelligence (a.i.)', 'computer virus', 'cyborg', 'dystopia', 'implantat', 'fugitive', 'female protagonist', 'cyberpunk', 'transhumanism', 'based on manga', 'adult animation', 'tech noir', 'anime']","['Atsuko Tanaka', 'Akio Otsuka', 'Iemasa Kayumi', 'Koichi Yamadera', 'Yutaka Nakano']",Mamoru Oshii,7.92,3869,9.586,83,/9gC88zYUBARRSThcG93MvW14sqx.jpg
1241436,tt31434639,Warfare,Warfare,"A platoon of Navy SEALs embarks on a dangerous mission in Ramadi, Iraq, with the chaos and brotherhood of war retold through their memories of the event.",2025-04-09,"['War', 'Action']","['u.s. navy seal', 'docudrama', 'iraq war', 'platoon', 'real time', '2000s', 'modern warfare', 'hostile territory', 'high‑risk missions', 'strategic operations', 'desert warzone', 'post‑9/11 military context', 'rookie soldier', 'unit brotherhood', 'combat outposts']","[""D'Pharaoh Woon-A-Tai"", 'Will Poulter', 'Cosmo Jarvis', 'Kit Connor', 'Finn Bennett']",Ray Mendoza,7.074,1429,9.5841,95,/l39TlELomwysfsr37vrvCV6rmaQ.jpg
10009,tt0328880,Brother Bear,Brother Bear,"When an impulsive boy named Kenai is magically transformed into a bear, he must literally walk in another's footsteps until he learns some valuable life lessons. His courageous and often zany journey introduces him to a forest full of wildlife, including the lovable bear cub Koda, hilarious moose Rutt and Tuke, woolly mammoths and rambunctious rams.",2003-10-23,"['Adventure', 'Animation', 'Family']","['friendship', 'sibling relationship', 'transformation', 'grizzly bear', 'inuit', 'bear', 'sibling rivalry', 'turns into animal', 'unlikely friendship', 'aftercreditsstinger', 'duringcreditsstinger', 'animal lead', 'brother bear', 'bjørne brødre', 'adoring']","['Joaquin Phoenix', 'Jeremy Suarez', 'Jason Raize', 'Rick Moranis', 'Dave Thomas']",Aaron Blaise,7.273,5740,9.5723,85,/otptPbEY0vBostmo95xwiiumMJm.jpg
954,tt0117060,Mission: Impossible,Mission: Impossible,"When Ethan Hunt, the leader of a crack espionage team whose perilous operation has gone awry with no explanation, discovers that a mole has penetrated the CIA, he's surprised to learn that he's the prime suspect. To clear his name, Hunt now must ferret out the real double agent and, in the process, even the score.",1996-05-22,"['Adventure', 'Action', 'Thriller']","['mask', 'mission', 'london, england', 'central intelligence agency (cia)', 'computer', 'paris, france', 'undercover', 'espionage', 'secret mission', 'arms deal', 'spy', 'secret identity', 'headquarter', 'embassy', 'secret base', 'fake identity', 'prague, czech republic', 'secret agent', 'secret government organization', 'infiltration', 'terrorism', 'agent', 'fictional government agency', 'government agency', 'based on tv series']","['Tom Cruise', 'Jon Voight', 'Emmanuelle Béart', 'Henry Czerny', 'Jean Reno']",Brian De Palma,7.025,9948,9.5707,111,/l5uxY5m5OInWpcExIpKG6AR3rgL.jpg
616,tt0325710,The Last Samurai,The Last Samurai,"Nathan Algren is an American hired to instruct the Japanese army in the ways of modern warfare, which finds him learning to respect the samurai and the honorable principles that rule them. Pressed to destroy the samurai's way of life in the name of modernization and open trade, Algren decides to become an ultimate warrior himself and to fight for their right to exist.",2003-12-05,"['Drama', 'Action', 'War']","['japan', 'samurai', 'swordplay', 'general', 'sense of guilt', 'war veteran', 'sword', 'war crimes', 'loss of loved one', 'self-discovery', 'arms deal', 'homeland', 'katana', 'emperor', 'language barrier', 'mountain village', 'foreign legion', 'insurgence', 'mercenary', 'campaign', 'war strategy', 'gettysburg', 'slaughter', 'soldier', 'period drama', 'alcoholic', 'u.s. soldier', 'japanese army', 'warrior', 'meditative', '19th century', 'war trauma', 'racial harmony', 'inspirational', 'intense', 'celebratory', 'cultural pride', 'going native']","['Tom Cruise', 'Ken Watanabe', 'Timothy Spall', 'Tony Goldwyn', 'Hiroyuki Sanada']",Edward Zwick,7.604,7510,9.5614,154,/a8jmJPs5eZBARmnuEEvZwbjwyz4.jpg
316029,tt1485796,The Greatest Showman,The Greatest Showman,"The story of American showman P.T. Barnum, founder of the circus that became the famous traveling Ringling Bros. and Barnum & Bailey Circus.",2017-12-20,['Drama'],"['adultery', 'circus', 'musical', 'biography', 'rags to riches', 'based on true story', 'outcast', 'singing', 'dreamer', 'freak show', 'absurd', 'amused', 'cliché', 'complicated']","['Hugh Jackman', 'Zac Efron', 'Michelle Williams', 'Rebecca Ferguson', 'Zendaya']",Michael Gracey,7.859,10036,9.5604,105,/b9CeobiihCx1uG1tpw8hXmpi7nm.jpg
44833,tt1440129,Battleship,Battleship,"When mankind beams a radio signal into space, a reply comes from ‘Planet G’, in the form of several alien crafts that splash down in the waters off Hawaii. Lieutenant Alex Hopper is a weapons officer assigned to the USS John Paul Jones, part of an international naval coalition which becomes the world's last hope for survival as they engage the hostile alien force of unimaginable strength. While taking on the invaders, Hopper must also try to live up to the potential that his brother, and his fiancée's father—an Admiral—expect of him.",2012-04-11,"['Thriller', 'Action', 'Adventure', 'Science Fiction']","['fight', 'u.s. navy', 'mind reading', 'hong kong', 'scientist', 'fictional war', 'armada', 'battleship', 'naval combat', 'jds myoko', 'lost communication', 'taser', 'buoy', 'communications expert', 'joint chiefs of staff', 'crash landing', 'jet fighter pilot', 'navy lieutenant', 'permission to marry', 'aftercreditsstinger', 'naval warfare', 'uss missouri', 'based on board game']","['Taylor Kitsch', 'Alexander Skarsgård', 'Rihanna', 'Brooklyn Decker', 'Tadanobu Asano']",Peter Berg,5.889,5927,9.5543,131,/9b0Im7SfedHiajTwzSL9zGyBI7M.jpg
524434,tt9032400,Eternals,Eternals,"The Eternals are a team of ancient aliens who have been living on Earth in secret for thousands of years. When an unexpected tragedy forces them out of the shadows, they are forced to reunite against mankind’s most ancient enemy, the Deviants.",2021-11-03,"['Science Fiction', 'Action', 'Adventure']","['saving the world', 'superhero', 'supernatural', 'based on comic', 'alien', 'super power', 'lgbt', 'aftercreditsstinger', 'marvel cinematic universe (mcu)', 'woman director', 'sign languages', 'ancient', 'god-like']","['Gemma Chan', 'Richard Madden', 'Angelina Jolie', 'Salma Hayek Pinault', 'Kumail Nanjiani']",Chloé Zhao,6.8,9108,9.5528,156,/lFByFSLV5WDJEv3KabbdAF959F2.jpg
340553,tt0225185,Beautiful Sisters: Flesh Slaves,美姉妹肉奴隷,A man on the run from the police takes two sisters hostage in their dental office apartment. He makes himself at home sexually abusing them and getting food service. But the sisters are resilient and quietly develop a plan for revenge.,1986-01-18,"['Horror', 'Thriller']","['rape', 'revenge', 'softcore', 'pink film']","['Rei Akasaka', 'Megumi Kiyosato', 'Kiriko Shimizu', 'Isao Nonaka', 'Kazuyuki Senba']",Katsuhiko Fujii,6.5,21,9.5488,70,/zmO07FTKlJh3NbvPy2npoTTEgzw.jpg
897087,tt15744298,Freelance,Freelance,"An ex-special forces operative takes a job to provide security for a journalist as she interviews a dictator, but a military coup breaks out in the middle of the interview, they are forced to escape into the jungle where they must survive.",2023-10-05,"['Action', 'Comedy']","[""coup d'etat"", 'dictatorship', 'political assassination', 'duringcreditsstinger', 'investigative journalism', 'ex special forces']","['John Cena', 'Alison Brie', 'Juan Pablo Raba', 'Christian Slater', 'Alice Eve']",Pierre Morel,6.397,1151,9.544,108,/7Bd4EUOqQDKZXA6Od5gkfzRNb0.jpg
1412,tt0098724,"sex, lies, and videotape","sex, lies, and videotape","Ann, a frustrated wife, enters into counseling due to a troubled marriage. Unbeknownst to her, her husband John has begun an affair with her sister. When John’s best friend Graham arrives, his penchant for interviewing women about their sex lives forever changes John and Ann’s rocky marriage.",1989-08-04,['Drama'],"['sexual obsession', 'sexuality', 'orgasm', 'spanner', 'louisiana', 'longing', 'interview', 'love affair', 'videotape', 'voyeurism', 'minimal']","['James Spader', 'Andie MacDowell', 'Peter Gallagher', 'Laura San Giacomo', 'Ron Vawter']",Steven Soderbergh,6.943,1029,9.5315,101,/pj1uKm07svgXZDHbYE8AzRfNHcu.jpg
883714,,Nice Sister-In-Law 4,착한 형수4,"Brother-in-law, I will fill your vacancy now! His younger brother Min-hyeon lives with his older brother Jun-hyeon. Pyeong-seok, who was burdened by living in the same house with his brother-in-law, keeps his eyes on Mi-jeong, the young and sexy wife of his older brother. He even imagines sharing love with his brother-in-law at the sound of a strange moan from the next room. One Sunday, my older brother is away from home in a hurry for work, and the two of them are left alone with a strange feeling...",2019-08-19,['Romance'],['softcore'],['Lee Joon-hyun'],Lim Hyun-tae,5.0,1,9.4996,0,/bSL5uTtNd6X1ER7F1X1MTy2Ezpr.jpg
718821,tt12584954,Twisters,Twisters,"As storm season intensifies, the paths of former storm chaser Kate Carter and reckless social-media superstar Tyler Owens collide when terrifying phenomena never seen before are unleashed. The pair and their competing teams find themselves squarely in the paths of multiple storm systems converging over central Oklahoma in the fight of their lives.",2024-07-10,"['Action', 'Thriller']","['dying and death', 'rodeo', 'climate', 'twister', 'natural disaster', 'oklahoma', 'storm chaser', 'meteorologist', 'duringcreditsstinger', 'disaster movie', 'weather chasers', 'social media influencer', 'youtuber', 'extreme weather', 'hilarious', 'exhilarated', 'science experiment']","['Daisy Edgar-Jones', 'Glen Powell', 'Anthony Ramos', 'Brandon Perea', 'Maura Tierney']",Lee Isaac Chung,6.78,2957,9.4972,123,/pjnD08FlMAIXsfOLKQbvmO0f0MD.jpg
67342,tt0089371,Mr. Vampire,殭屍先生,"After the planned reburial of a village elder goes awry and the corpse resurrects into a hopping vampire, a Taoist priest and his two disciples attempt to stop him.",1985-11-07,"['Action', 'Comedy', 'Horror']","['martial arts', 'vampire', 'possession', 'super power', 'ghost', 'taoism', 'amused']","['Lam Ching-Ying', 'Ricky Hui Koon-Ying', 'Chin Siu-Ho', 'Moon Lee Choi-Fung', 'Huang Ha']",Ricky Lau,6.904,135,9.4892,98,/9PxDXGCOsGiuoi0frojdErKflNX.jpg
126889,tt2316204,Alien: Covenant,Alien: Covenant,"The crew of the colony ship Covenant, bound for a remote planet on the far side of the galaxy, discovers what they think is an uncharted paradise but is actually a dark, dangerous world.",2017-05-09,"['Horror', 'Science Fiction']","['android', 'spacecraft', 'experiment', 'space travel', 'infection', 'engineer', 'alien life-form', 'sequel', 'alien', 'space', 'creature', 'robot', 'scientist', 'genocide', 'creation', 'paranoid', 'acid', 'alien technology', 'genetic mutation', 'suspenseful', 'sci-fi horror']","['Michael Fassbender', 'Katherine Waterston', 'Billy Crudup', 'Danny McBride', 'Demián Bichir']",Ridley Scott,6.175,9385,9.4812,122,/zecMELPbU5YMQpC81Z8ImaaXuf9.jpg
1584215,tt38238651,The Internship,The Internship,"A CIA-trained assassin recruits other graduates from her secret childhood program, The Internship, to violently destroy the organization. The CIA fights back with deadly force.",2026-01-13,['Action'],"['undercover agent', 'secret mission', 'double identity', 'special power', 'international espionage', 'cia agent', 'covert operations', 'fsb agent', 'special education program', 'identity confusion', 'team bonding', 'hidden abilities', 'field training', 'competitive interns', 'workplace chaos', 'young interns']","['Lizzy Greene', 'Megan Boone', 'Sky Katz', 'Philip Winchester', 'Alix Villaret']",James Bamford,6.232,69,9.4782,91,/fYqSOkix4rbDiZW0ACNnvZCpT6X.jpg
776503,tt10366460,CODA,CODA,"As a CODA (Child of Deaf Adults), Ruby is the only hearing person in her deaf family. When the family's fishing business is threatened, Ruby finds herself torn between pursuing her love of music and her fear of abandoning her parents.",2021-08-13,"['Drama', 'Music', 'Romance']","['parent child relationship', 'music teacher', 'fishing', 'deaf', 'massachusetts', 'coming of age', 'remake', 'singing', 'family', 'first love', 'disability', 'based on movie', 'woman director', 'sign languages', 'school choir', 'music school', 'calm', 'american sign language (asl)', 'loving', 'teenager', 'appreciative', 'coda']","['Emilia Jones', 'Marlee Matlin', 'Troy Kotsur', 'Eugenio Derbez', 'Ferdia Walsh-Peelo']",Sian Heder,7.9,2571,9.4747,112,/BzVjmm8l23rPsijLiNLUzuQtyd.jpg
294254,tt4046784,Maze Runner: The Scorch Trials,Maze Runner: The Scorch Trials,"Thomas and his fellow Gladers face their greatest challenge yet: searching for clues about the mysterious and powerful organization known as WCKD. Their journey takes them to the Scorch, a desolate landscape filled with unimaginable obstacles. Teaming up with resistance fighters, the Gladers take on WCKD’s vastly superior forces and uncover its shocking plans for them all.",2015-09-09,"['Science Fiction', 'Action', 'Thriller', 'Adventure']","['based on novel or book', 'escape', 'resistance', 'dystopia', 'maze', 'post-apocalyptic future', 'infection', 'on the run', 'zombie', 'storm', 'disease', 'desert', 'sewer', 'antidote', 'corporation', 'virus', 'runner', 'immunity', 'based on young adult novel', 'labirinto']","[""Dylan O'Brien"", 'Kaya Scodelario', 'Thomas Brodie-Sangster', 'Giancarlo Esposito', 'Ki Hong Lee']",Wes Ball,6.729,10993,9.4732,131,/mYw7ZyejqSCPFlrT2jHZOESZDU3.jpg
600,tt0093058,Full Metal Jacket,Full Metal Jacket,A pragmatic U.S. Marine observes the dehumanizing effects the U.S.-Vietnam War has on his fellow recruits from their brutal boot camp training to the bloody street fighting in Hue.,1987-06-26,"['Drama', 'War']","['rescue', 'sniper', 'vietnam war', 'suicide', 'vietnam', 'helicopter', 'army', 'prostitute', 'based on novel or book', 'propaganda', 'war correspondent', 'journalism', 'recruit', 'infantry', 'war photographer', 'boot camp', 'jungle', 'sergeant', 'racism', 'genocide', 'fighting', 'platoon', 'combat', 'discipline', 'u.s. marine', 'obstacle course', 'military', 'anti war', 'mass grave', 'blanket party', 'soldiers', 'war', 'critical', 'frustrated', 'harsh', 'scathing']","['Matthew Modine', 'Adam Baldwin', ""Vincent D'Onofrio"", 'R. Lee Ermey', 'Dorian Harewood']",Stanley Kubrick,8.119,11418,9.4593,117,/kMKyx1k8hWWscYFnPbnxxN4Eqo4.jpg
10693,tt0046183,Peter Pan,Peter Pan,"Leaving the safety of their nursery behind, Wendy, Michael and John follow Peter Pan to a magical world where childhood lasts forever. But while in Neverland, the kids must face Captain Hook and foil his attempts to get rid of Peter for good.",1953-02-05,"['Animation', 'Family', 'Adventure', 'Fantasy']","['london, england', 'sibling relationship', 'flying', 'becoming an adult', 'magic', 'crocodile', 'clock', 'bravery', 'fairy', 'cartoon', 'mermaid', 'villain', 'child hero', 'musical', 'pirate gang', 'pirate', 'native peoples', 'whimsical']","['Bobby Driscoll', 'Kathryn Beaumont', 'Hans Conried', 'Bill Thompson', 'Heather Angel']",Clyde Geronimi,7.2,5732,9.457,77,/fJJOs1iyrhKfZceANxoPxPwNGF1.jpg
1124620,tt27714946,The Monkey,The Monkey,"When twin brothers find a mysterious wind-up monkey, a series of outrageous deaths tear their family apart. Twenty-five years later, the monkey begins a new killing spree forcing the estranged brothers to confront the cursed toy.",2025-02-14,"['Horror', 'Comedy']","['sibling relationship', 'shotgun', 'supernatural', 'drums', 'harpoon', 'dark comedy', 'gore', 'twin brother', 'maine', 'decapitation', 'accidental death', 'wasp', 'monkey', 'exploding body', 'death', 'evil', 'evil twin', 'based on short story', 'macabre', 'dual role', 'aftercreditsstinger', 'cursed', '1990s', 'father son relationship', 'mother son relationship', 'brother brother relationship', 'toy monkey', 'supernatural horror', 'toy', 'body horror', 'cursed object', 'horror', 'japanese restaurant', 'father son estrangement']","['Theo James', 'Tatiana Maslany', 'Christian Convery', ""Colin O'Brien"", 'Adam Scott']",Osgood Perkins,6.005,1288,9.4547,97,/yYa8Onk9ow7ukcnfp2QWVvjWYel.jpg
1592768,tt39063202,One Gram of Life,Един грам живот,"“One Gram of Life” follows four interconnected stories inspired by real events, exposing the harsh consequences of drug use and distribution among young people. The film aims to raise awareness about the risks teenagers and their families face.",2025-11-14,['Drama'],[],"['Ivaylo Zahariev', 'Калоян Патерков', 'Тервел Пулев', 'Доби Главинчева', 'Симона Йорданова']",Atanas Mihaylov,0.0,0,9.4408,144,/oIHQ83HeDkwd4lj2YKkhA9pDX2M.jpg
9919,tt0251127,How to Lose a Guy in 10 Days,How to Lose a Guy in 10 Days,"It's the battle of wills, as Andie needs to prove she can dump a guy in 10 days, whereas Ben needs to prove he can win a girl in 10 days. Now, the clock is ticking—and the wildly entertaining comedy smash is off and running in this irresistible tale of sex, lies and outrageous romantic fireworks!",2003-02-07,"['Comedy', 'Romance']","['bet', 'new york city', 'journalist', 'therapist', 'advertising expert', 'romcom', 'basketball', 'relationship', 'advice columnist', 'blunt', 'group of friends', 'battle of the sexes', 'relationship sabotage', 'ulterior motive dating', 'clinical', ""women's magazine"", 'new york knicks']","['Kate Hudson', 'Matthew McConaughey', 'Kathryn Hahn', 'Annie Parisse', 'Adam Goldberg']",Donald Petrie,6.862,4454,9.4328,116,/2dlftyPz7mTYbrsPvTogyFmYd7d.jpg
1383247,tt35526133,Agent Zero,Badh,"When police officer Ilias is shot and left in a coma, Alma must reconnect with her former identity as Badh, a ruthless intelligence operative and skilled assassin. She brutally eliminates members of the Khoury family one by one, unleashing the fury of their leader Mansour, only to discover that Mansour is working with Joana, her former secret service unit officer.",2025-08-06,"['Action', 'Thriller']","['revenge', 'female protagonist']","['Marine Vacth', 'Niels Schneider', 'Emmanuelle Bercot', 'Slimane Dazi', 'Grégoire Colin']",Guillaume de Fontenay,5.3,37,9.4249,84,/diDNHFfccBZxw0CmQoVQkSuJIri.jpg
51876,tt1219289,Limitless,Limitless,The life of an unsuccessful writer is transformed by a top-secret 'smart drug' that allows him to use 100% of his brain and become a perfect version of himself. His enhanced abilities soon attract shadowy forces that threaten his new life.,2011-03-17,"['Thriller', 'Mystery', 'Science Fiction']","['new york city', 'medicine', 'politician', 'iq', 'pill', 'stalking', 'superhuman', 'transhumanism', 'writer', 'drugs', 'threat', 'knowledge', 'nootropics', 'mind booster', 'inspirational']","['Bradley Cooper', 'Robert De Niro', 'Abbie Cornish', 'Andrew Howard', 'Anna Friel']",Neil Burger,7.199,11444,9.4125,106,/kCokPP4WCQRrrAuZ7FcpIyHr8b2.jpg
22164,tt0346631,Blood and Bone,Blood and Bone,"In Los Angeles, an ex-con takes the underground fighting world by storm in his quest to fulfill a promise to a dead friend.",2009-02-07,"['Action', 'Crime', 'Thriller', 'Drama']","['martial arts', 'fight', 'tournament', 'kick', 'prison fight', 'inspirational', 'appreciative', 'approving', 'compassionate', 'empathetic', 'euphoric', 'optimistic']","['Michael Jai White', 'Eamonn Walker', 'Michelle Belegrin', 'Nona Gaye', 'Dante Basco']",Ben Ramsey,7.3,884,9.4099,93,/4XoqjwKhqN3GlGt0fQtcY2OhkZq.jpg
22803,tt1197624,Law Abiding Citizen,Law Abiding Citizen,A frustrated man decides to take justice into his own hands after a plea bargain sets one of his family's killers free. He targets not only the killer but also the district attorney and others involved in the deal.,2009-10-15,"['Drama', 'Crime', 'Thriller']","['prison', 'assassin', 'philadelphia, pennsylvania', 'bomb', 'secret passage', 'deal', 'investigation', 'gore', 'torture', 'explosion', 'justice', 'criminal mastermind', 'district attorney', 'courtroom', 'rape and revenge', 'vigilantism', 'vigilante justice']","['Jamie Foxx', 'Gerard Butler', 'Colm Meaney', 'Bruce McGill', 'Leslie Bibb']",F. Gary Gray,7.4,5653,9.4098,109,/fcEXcip7v0O1ndV4VUdFqJSqbOg.jpg
1242332,tt31195136,Normal,Normal,"Interim sheriff Ulysses, called to the snowbound town of Normal, MN, uncovers an international criminal conspiracy at the heart of the seemingly quaint whistle-stop when he comes to the aid of a bank-robbing couple caught up in a deadly mess.",2026-04-16,"['Action', 'Crime', 'Thriller']","['small town', 'sheriff', 'bank robbery', 'small town sheriff', 'corrupt mayor', 'secret benefactor', 'criminal plot', 'criminal conspiracy', 'small town minnesota']","['Bob Odenkirk', 'Henry Winkler', 'Lena Headey', 'Ryan Allen', 'Billy MacLellan']",Ben Wheatley,7.1,27,9.4064,91,/pprU6QnlTblJd51s0IxTnh2DCFe.jpg
345940,tt4779682,The Meg,The Meg,"A deep sea submersible pilot revisits his past fears in the Mariana Trench, and accidentally unleashes the seventy foot ancestor of the Great White Shark believed to be extinct.",2018-08-09,"['Action', 'Science Fiction', 'Horror']","['beach', 'based on novel or book', 'deep sea', 'underwater', 'shark', 'oceanic expedition', 'kaiju', 'animal horror', 'underwater facility', 'mariana trench', 'megalodon', 'amused', 'frightened']","['Jason Statham', 'Li Bingbing', 'Rainn Wilson', 'Cliff Curtis', 'Ruby Rose']",Jon Turteltaub,6.248,8169,9.3851,113,/eyWICPcxOuTcDDDbTMOZawoOn8d.jpg
934433,tt17663992,Scream VI,Scream VI,"Following the latest Ghostface killings, the four survivors leave Woodsboro behind and start a fresh chapter.",2023-03-08,"['Horror', 'Thriller', 'Crime']","['mask', 'new york city', 'trauma', 'halloween', 'college', 'dark comedy', 'fake identity', 'sequel', 'conspiracy theory', 'revenge', 'public murder', 'murder', 'social commentary', 'serial killer', 'police corruption', 'slasher', 'whodunit', 'multiple stabbings', 'brutality', 'killing spree', 'self-referential', 'crime spree', 'aftercreditsstinger', 'movie fan', 'copycat killer', 'generation z', 'fbi agent', 'ridiculous']","['Melissa Barrera', 'Jenna Ortega', 'Jasmin Savoy Brown', 'Mason Gooding', 'Jack Champion']",Tyler Gillett,6.954,3163,9.3825,123,/wDWwtvkRRlgTiUr6TyLSMX8FCuZ.jpg
38055,tt1001526,Megamind,Megamind,"After Megamind, a highly intelligent alien supervillain, defeats his long-time nemesis Metro Man, Megamind creates a new hero to fight, but must act to save the city when his ""creation"" becomes an even worse villain than he was.",2010-10-28,"['Animation', 'Action', 'Comedy', 'Family', 'Science Fiction']","['prison', 'fish', 'saving the world', 'date', 'gun', 'secret identity', 'superhero', 'anti hero', 'dna', 'mayor', 'museum', 'rain', 'villain', 'one-sided love', 'anthropomorphism', 'reporter', 'super villain', 'aftercreditsstinger', 'duringcreditsstinger', 'mysterious', 'alien baby', 'stronger villain', 'malicious', 'invincible']","['Will Ferrell', 'Brad Pitt', 'Tina Fey', 'Jonah Hill', 'David Cross']",Tom McGrath,7.023,7449,9.3794,96,/uZ9ytt3sPTx62XTfN56ILSuYWRe.jpg
1000595,tt19799264,Lady at Number 16,Lady at Number 16,"Based on the tale by Dale Jarvis, ""Lady at Number 16"" tells the story of two sailors in the 1800s that help a young lady back into her mansion. They return a few hours later to realize that their night was not all that it had seemed, and it may have had a more sinister twist than expected.",2022-06-23,"['Mystery', 'History', 'Drama', 'Fantasy']","['ship', 'cigarette', 'haunted house', 'newfoundland and labrador', 'black and white', 'candle', 'ghost', '19th century', 'wine drinking', 'haunted', 'sailors', 'newfoundland']","['Gavin J. Snow', 'James Squires', 'Ashley Dingwell', 'Fred Cluett']",James Newhook,10.0,1,9.37,9,/ypdnly12VMzF8a5JPSbJpZ65lDA.jpg
845781,tt14948432,Red One,Red One,"After Santa Claus (codename: Red One) is kidnapped, the North Pole's Head of Security must team up with the world's most infamous tracker in a globe-trotting, action-packed mission to save Christmas.",2024-10-31,"['Action', 'Comedy', 'Fantasy']","['rescue', 'bounty hunter', 'holiday', 'kidnapping', 'santa claus', 'rescue mission', 'polar bear', 'rescue team', 'christmas', 'action comedy', 'christmas eve', 'absurd', 'defence team']","['Dwayne Johnson', 'Chris Evans', 'Lucy Liu', 'J.K. Simmons', 'Bonnie Hunt']",Jake Kasdan,6.989,3028,9.3674,124,/cdqLnri3NEGcmfnqwk2TSIYtddg.jpg
937287,tt16426418,Challengers,Challengers,"Tennis player turned coach Tashi has taken her husband, Art, and transformed him into a world-famous Major champion. To jolt him out of his recent losing streak, she signs him up for a ""Challenger"" event — close to the lowest level of pro tournament — where he finds himself standing across the net from his former best friend and Tashi's former boyfriend.",2024-04-18,"['Drama', 'Romance']","['infidelity', 'husband wife relationship', 'love triangle', 'sports', 'tennis', 'competition', 'eroticism', 'atlanta', 'tennis player', 'male friendship', 'rivalry', 'interracial marriage', 'threesome', 'tennis court', 'ex-boyfriend ex-girlfriend relationship', 'knee injury', 'new rochelle, new york', 'prodigy', 'tennis pro', '2000s', 'codependency', '2010s', 'gay theme', 'female coach', 'psychosexual', 'sports drama', 'power dynamics', 'ambiguous']","['Zendaya', 'Mike Faist', ""Josh O'Connor"", 'Darnell Appling', 'Bryan Doo']",Luca Guadagnino,6.914,2670,9.3646,132,/H6vke7zGiuLsz4v4RPeReb9rsv.jpg
92060,tt0088263,Michael Jackson's Thriller,Michael Jackson's Thriller,"A night at the movies turns terrifying when Michael and his date are attacked by zombies. Released at the height of Thriller’s success, the short film redefined the music video, broke racial barriers, and became the first inducted into the U.S. National Film Registry.",1983-11-21,"['Horror', 'Thriller', 'Music']","['dancing', 'date', 'narration', 'music video', 'zombie', 'werewolf', 'graveyard']","['Michael Jackson', 'Ola Ray', 'Vincent Price', 'Cynthia Garris', 'Mick Garris']",John Landis,8.244,759,9.353,14,/dYHGoPMkZMVuBA4EydmDQMo1EEv.jpg
1043197,tt23172090,Dust Bunny,Dust Bunny,"Ten-year-old Aurora asks her hitman neighbor to kill the monster under her bed that she claims ate her family. To protect her, he must battle an onslaught of assassins while accepting that some monsters are real.",2025-12-11,"['Fantasy', 'Action', 'Horror']","['hitman', 'dark fantasy', 'monster under the bed', 'action horror']","['Mads Mikkelsen', 'Sophie Sloan', 'Sigourney Weaver', 'David Dastmalchian', 'Sheila Atim']",Bryan Fuller,6.7,278,9.3457,106,/qa5aZpO8tQqhlDaE0flalS1TuIS.jpg
6114,tt0103874,Bram Stoker's Dracula,Bram Stoker's Dracula,"Count Dracula, a 15th-century prince, is condemned to live off the blood of the living for eternity. Young lawyer Jonathan Harker is sent to Dracula's castle to finalise a land deal, but when the Count sees a photo of Harker's fiancée, Mina, the spitting image of his dead wife, he imprisons him and sets off for London to track her down.",1992-11-13,"['Romance', 'Horror']","['adultery', 'london, england', 'transylvania', 'vampire', 'bite', 'camping', 'maze', 'remake', 'rough sex', 'wake', 'religious conflict', 'correspondence', '19th century', '15th century']","['Gary Oldman', 'Winona Ryder', 'Anthony Hopkins', 'Keanu Reeves', 'Sadie Frost']",Francis Ford Coppola,7.45,5743,9.3346,128,/4ZbUxjY5DZ7RCxGwvzSEr4rThd1.jpg
138832,tt1723121,We're the Millers,We're the Millers,A veteran pot dealer creates a fake family as part of his plan to move a huge shipment of weed into the U.S. from Mexico.,2013-08-07,"['Comedy', 'Crime']","['drug dealer', 'mexico', 'drug smuggling', 'fireworks', 'camping', 'denver, colorado', 'carnival', 'witness protection', 'stripper', 'road trip', 'breaking the fourth wall', 'marijuana', 'drug stealing', 'man child', 'drugs', 'drug lord', 'first kiss', 'strip tease', 'dea', 'homeless girl', 'drug syndicate', 'drug gang', '4th of july', 'drug money', 'pretend family', 'rv']","['Jennifer Aniston', 'Jason Sudeikis', 'Emma Roberts', 'Will Poulter', 'Ed Helms']",Rawson Marshall Thurber,6.841,9434,9.3273,110,/qF2LJ0jwWrtXSuT4AFD5OS2IqaT.jpg
980489,tt4495098,Gran Turismo,Gran Turismo,The ultimate wish-fulfillment tale of a teenage Gran Turismo player whose gaming skills won him a series of Nissan competitions to become an actual professional racecar driver.,2023-08-09,"['Adventure', 'Drama', 'Action']","['sports', 'based on true story', 'racing', 'based on video game', 'aftercreditsstinger', 'duringcreditsstinger', 'motorsport']","['Archie Madekwe', 'David Harbour', 'Orlando Bloom', 'Djimon Hounsou', 'Darren Barnet']",Neill Blomkamp,7.707,3372,9.3228,135,/51tqzRtKMMZEYUpSYkrUE7v9ehm.jpg
9487,tt0120623,A Bug's Life,A Bug's Life,"On behalf of ""oppressed bugs everywhere,"" an inventive ant named Flik hires a troupe of warrior bugs to defend his bustling colony from a horde of freeloading grasshoppers led by the evil-minded Hopper.",1998-11-25,"['Family', 'Animation', 'Adventure', 'Comedy']","['fight', 'circus', 'winter', 'ant-hill', 'ant', 'villain', 'invention', 'collector', 'anthropomorphism', 'grass', 'food', 'duringcreditsstinger', 'flea', 'bugs', 'grasshopper', 'complex', ""a bug's life""]","['Dave Foley', 'Kevin Spacey', 'Julia Louis-Dreyfus', 'Hayden Panettiere', 'Phyllis Diller']",John Lasseter,6.976,9707,9.3104,95,/Ah3J9OJVc2CNCuH2zMydXy9fmIC.jpg
1232221,,Mother-in-law in Love With Son-in-law 4,사위 사랑은 장모 4,"Joon-yeon and So-hyeon are living together with Joon-yeon's young and pretty mother-in-law for a while after his father-in-law remarries. One day, Joon-yeon is left home alone with his mother-in-law due to So-hyeon and her father-in-law's sudden business trip. The mother-in-law seduces her handsome son-in-law on a hot night. Unable to forget the sex he had with his mother-in-law, Joon-yeon even plans to have a threesome with his wife and his mother-in-law.",2023-12-26,['Romance'],['softcore'],"['Lee Chae-dam', 'Ji Won', 'Yoon Taek-seung', 'Im Tae-mok']",Choi Yoon-ji-I,4.0,1,9.3094,71,/o3yMT5okmLA3x9rTe5tCrqke1oI.jpg
15512,tt0892782,Monsters vs Aliens,Monsters vs Aliens,"When Susan Murphy is unwittingly clobbered by a meteor full of outer space gunk on her wedding day, she mysteriously grows to 49-feet-11-inches. The military jumps into action and captures Susan, secreting her away to a covert government compound. She is renamed Ginormica and placed in confinement with a ragtag group of Monsters...",2009-03-19,"['Animation', 'Family', 'Adventure', 'Science Fiction']","['monster', 'villain', 'alien', 'giant robot', 'aftercreditsstinger', 'duringcreditsstinger', '3d']","['Reese Witherspoon', 'Seth Rogen', 'Hugh Laurie', 'Rainn Wilson', 'Will Arnett']",Rob Letterman,6.246,4941,9.3073,94,/hpHarddVj34j53T7NsoUGdKj4mP.jpg
38700,tt1502397,Bad Boys for Life,Bad Boys for Life,"Marcus and Mike are forced to confront new threats, career changes, and midlife crises as they join the newly created elite team AMMO of the Miami police department to take down the ruthless Armando Armas, the vicious leader of a Miami drug cartel.",2020-01-15,"['Thriller', 'Action', 'Crime']","['mexico', 'miami, florida', 'detective', ""women's prison"", 'sequel', 'prison escape', 'murder', 'drug cartel', 'police chase', 'police detective', 'buddy cop', 'buddy film', 'action hero', 'past relationship', 'reflective', 'dramatic']","['Will Smith', 'Martin Lawrence', 'Vanessa Hudgens', 'Alexander Ludwig', 'Charles Melton']",Adil El Arbi,7.116,8722,9.3063,124,/y95lQLnuNKdPAzw9F9Ab8kJ80c3.jpg
9792,tt0454841,The Hills Have Eyes,The Hills Have Eyes,"Based on Wes Craven's 1977 suspenseful cult classic, The Hills Have Eyes is the story of a family road trip that goes terrifyingly awry when the travelers become stranded in a government atomic zone. Miles from nowhere, the Carter family soon realizes the seemingly uninhabited wasteland is actually the breeding ground of a blood-thirsty mutant family...and they are the prey.",2006-03-10,"['Horror', 'Thriller']","['van', 'rape', 'ambush', 'gas station', 'new mexico', 'gore', 'remake', 'serial killer', 'slasher', 'brutality', 'cannibal', 'killer', 'desert', 'family holiday', 'madness', 'ghost town', 'lost in the desert', 'nuclear testing', 'human monster']","['Aaron Stanford', 'Dan Byrd', 'Emilie de Ravin', 'Vinessa Shaw', 'Ted Levine']",Alexandre Aja,6.462,3326,9.3012,107,/2eJL1Ccr1FN3dm9OSDwyd8uaX1b.jpg
13183,tt0409459,Watchmen,Watchmen,"In a gritty and alternate 1985, the glory days of costumed vigilantes have been brought to a close by a government crackdown. But after one of the masked veterans is brutally murdered, an investigation into the killer is initiated. The reunited heroes set out to prevent their own destruction, but in doing so they uncover a sinister plot that puts all of humanity in grave danger.",2009-03-04,"['Mystery', 'Action', 'Science Fiction']","['usa president', 'nuclear war', 'mass murder', 'secret identity', 'narration', 'soviet union', 'melancholy', 'retirement', 'based on comic', 'conspiracy', 'animated scene', 'cynical', 'doomsday', 'masked vigilante', 'doomsday clock', 'red square', '1980s', 'ironic', 'critical', 'intense', 'ambiguous']","['Malin Åkerman', 'Patrick Wilson', 'Billy Crudup', 'Matthew Goode', 'Jackie Earle Haley']",Zack Snyder,7.353,9961,9.2986,163,/aVURelN3pM56lFM7Dgfs5TixcIf.jpg
1174870,tt19723150,The Part of His Life He Wants to Show Me,La parte de su vida que quiere mostrarme,"Joan is a boy trapped in an obsession: spying on his neighbor every day, to the point of falling in love with him.",2023-08-24,['Drama'],"['lgbt', 'gay theme']","['Carlos Ramirez', 'ana spears']",Ian Loren,5.0,3,9.287,14,/9kpORl7TkdaS7gybn6bUnwxWjtZ.jpg
37724,tt1074638,Skyfall,Skyfall,"When Bond's latest assignment goes gravely wrong, agents around the world are exposed and MI6 headquarters is attacked. While M faces challenges to her authority and position from Gareth Mallory, the new Chairman of the Intelligence and Security Committee, it's up to Bond, aided only by field agent Eve, to locate the mastermind behind the attack.",2012-10-24,"['Action', 'Adventure', 'Thriller']","['spy', 'aston martin', 'secret agent', 'sociopath', 'police impersonator', 'hacking', 'mi6', 'killer', 'art gallery', 'british secret service', 'uzi', 'booby trap', 'macao', 'komodo dragon', 'globetrotting', 'helicopter crash', 'scottish highlands', 'james bond', 'intense', 'vibrant']","['Daniel Craig', 'Judi Dench', 'Javier Bardem', 'Ralph Fiennes', 'Naomie Harris']",Sam Mendes,7.261,16095,9.2861,143,/d0IVecFQvsGdSbnMAHqiYsNYaJT.jpg
343611,tt3393786,Jack Reacher: Never Go Back,Jack Reacher: Never Go Back,"Years after resigning command of an elite military police unit, the nomadic, righter-of-wrongs Reacher is drawn back into the life he left behind when his friend and successor, Major Susan Turner is framed for espionage. Reacher will stop at nothing to prove her innocence and to expose the real perpetrators behind the killings of his former soldiers.",2016-10-19,"['Action', 'Thriller', 'Drama', 'Crime']","['based on novel or book', 'espionage', 'military officer', 'homicide', 'falsely accused', 'new orleans, louisiana', 'investigation', 'afghanistan', 'sequel', 'on the run', 'false accusations', 'military police', 'court martial', 'ex military', 'army officer', 'ex army', 'military cover-up', 'intense', 'murders', 'u.s. army', 'military contractor', 'jag - judge advocate general', 'classified information']","['Tom Cruise', 'Cobie Smulders', 'Danika Yarosh', 'Aldis Hodge', 'Patrick Heusinger']",Edward Zwick,6.011,5312,9.2811,118,/cOg3UT2NYWHZxp41vpxAnVCOC4M.jpg
387848,tt6571010,Buddy's Mom,친구엄마,"20-year-old Kyeong-soo is a man who's full of assumptions. He learned about sex from Internet porn, but nothing about the real thing. He's only had crushes and has never even kissed before. He got embarrassed when he confessed his feelings to Ji-yeon, his crush. He comforted himself from the shame with Japanese girls in his room with his right hand. One day, he has a fight with his father and remembers his friend Baek-hyeon had invited him over to Gangwon-do. There he falls in love with his friends' mother.",2015-11-12,"['Drama', 'Romance']","['eroticism', 'softcore']","['Kim Young-sam', 'Ah Ri', 'Kim Hae-jin', 'Park Cho-hyeon', 'Kim Jae-rok']",Kong Ja-kwan,5.7,15,9.2773,101,/5JDVEZN0v3e9xMzZbZ92fC7HaQi.jpg
207768,tt2537176,I Spit on Your Grave 2,I Spit on Your Grave 2,"Broke, and in desperate need to update her portfolio, New York City model Katie calls a number from a tear-off flyer offering free photos. But this innocent attempt quickly turns into an unthinkable kidnapping nightmare where she's ripped away from everyone and everything she knows.",2013-08-25,"['Thriller', 'Horror', 'Crime']","['rape', 'exploitation', 'sequel', 'revenge', 'model', 'american express', 'rape and revenge']","['Jemma Dallender', 'Joe Absolom', 'Aleksandar Aleksiev', 'Yavor Baharov', 'Mary Stockley']",Steven R. Monroe,6.28,1419,9.2697,106,/wit1VRI9sAbCstuwm3KPgxfYYqo.jpg
1405769,tt34888646,I Can Only Imagine 2,I Can Only Imagine 2,"Following the breakout success of the song 'I Can Only Imagine', MercyMe's Bart Millard is living the dream—sold-out arenas, a devoted fanbase, and a thriving career. But behind the spotlight, Bart's past threatens the family he's built, especially the fragile bond with his son Sam. When hopeful newcomer Tim Timmons joins the band for their biggest tour yet, he unknowingly brings a renewed gratitude to Bart's life through their unlikely friendship. Bart soon discovers that Tim carries hardships—and secrets—of his own, forcing him to face his past and repair his relationships with Sam and his wife Shannon before fame costs him what matters most.",2026-02-19,"['Music', 'Drama']","['musician', 'abusive father', 'redemption', 'based on true story', 'sequel', 'singer-songwriter', 'father son relationship', 'christian film', 'christian faith', 'independent film', 'contemporary christian music', 'biographical drama']","['J. Michael Finley', 'Milo Ventimiglia', 'Sophie Skelton', 'Arielle Kebbel', 'Sammy Dell']",Brent McCorkle,7.767,15,9.2678,110,/qYBCs9nBmdNCLduw5BTlendq89z.jpg
500664,tt6499752,Upgrade,Upgrade,"A brutal mugging leaves Grey Trace paralyzed in the hospital and his beloved wife dead. A billionaire inventor soon offers Trace a cure — an artificial intelligence implant called STEM that will enhance his body. Now able to walk, Grey finds that he also has superhuman strength and agility — skills he uses to seek revenge against the thugs who destroyed his life.",2018-05-31,"['Action', 'Thriller', 'Science Fiction']","['future', 'artificial intelligence (a.i.)', 'hacker', 'police', 'technology', 'cyborg', 'dystopia', 'revenge', 'murder', 'drone', 'cyberpunk', 'transhumanism', 'brutality', 'implant', 'surgery', 'quadriplegic', 'near future', 'body enhancement', 'body horror', 'violence', 'microship', 'android horror']","['Logan Marshall-Green', 'Betty Gabriel', 'Harrison Gilbertson', 'Melanie Vallejo', 'Benedict Hardie']",Leigh Whannell,7.505,4984,9.2627,100,/woLGROUdPWdBnLVFKYdGD3kFkPY.jpg
9880,tt0247638,The Princess Diaries,The Princess Diaries,"A socially awkward but very bright 15-year-old girl being raised by a single mom discovers that she is the princess of a small European country because of the recent death of her long-absent father, who, unknown to her, was the crown prince of Genovia. She must make a choice between continuing the life of a San Francisco teen or stepping up to the throne.",2001-08-03,"['Comedy', 'Family', 'Romance']","['princess', 'high school', 'based on novel or book', 'grandparent grandchild relationship', 'heir to the throne', 'royalty', 'social outcast', 'fictitious country', 'based on young adult novel', 'bold', 'joyful']","['Anne Hathaway', 'Julie Andrews', 'Heather Matarazzo', 'Caroline Goodall', 'Héctor Elizondo']",Garry Marshall,6.961,5256,9.2622,115,/qSw4lzhDGeM5MjQc86BLzJALhBs.jpg
176,tt0387564,Saw,Saw,"Two men wake up to find themselves shackled in a grimy, abandoned bathroom. As they struggle to comprehend their predicament, they discover a disturbing tape left behind by the sadistic mastermind known as Jigsaw. With a chilling voice and cryptic instructions, Jigsaw informs them that they must partake in a gruesome game in order to secure their freedom.",2004-10-01,"['Horror', 'Mystery', 'Crime']","['sadism', 'shotgun', 'detective', 'flashback', 'hospital', 'doctor', 'torture', 'sadist', 'survival horror', 'chained', 'bludgeoning', 'death match', 'booby trap', 'disguised voice', 'mind game', 'extreme violence', 'death game']","['Tobin Bell', 'Cary Elwes', 'Leigh Whannell', 'Danny Glover', 'Monica Potter']",James Wan,7.42,10026,9.26,103,/rLNSOudrayDBo1uqXjrhxcjODIC.jpg
293670,tt5215952,The Wailing,곡성,A stranger arrives in a little village and soon after a mysterious sickness starts spreading. A policeman is drawn into the incident and is forced to solve the mystery in order to save his daughter.,2016-05-12,"['Horror', 'Mystery']","['daughter', 'small town', 'police', 'investigation', 'exorcism', 'possession', 'murder', 'priest', 'rural area', 'curse', 'shaman', 'zombie', 'demon', 'shrine', 'occult', 'macabre', 'ghost', 'gluttony', 'shamanism', 'folk horror', 'acupuncture', 'divination', 'frightened']","['Kwak Do-won', 'Hwang Jung-min', 'Chun Woo-hee', 'Jun Kunimura', 'Kim Hwan-hee']",Na Hong-jin,7.378,2036,9.2519,156,/RbymxgEM5SpDfO2Io2JMFG10Vi.jpg
